user_id,item_id,interaction_type,timestamp,session_id,device_type
U0655,P0058,click,2026-02-24 08:54:58,S39256,mobile
U0755,P0053,click,2026-04-05 15:21:42,S14165,mobile
U0096,P0112,view,2026-03-25 21:55:07,S13478,tablet
U0204,P0367,purchase,2026-02-17 16:21:18,S87236,web
U0829,P0446,click,2026-02-09 15:23:12,S54597,web
U0160,P0111,add_to_cart,2026-02-02 03:22:36,S59797,mobile
U0368,,add_to_cart,2026-04-07 09:37:51,S15695,tablet
U0471,P0275,click,2026-03-09 02:52:08,S82357,web
U0850,P0322,add_to_cart,2026-04-03 07:00:03,S19116,mobile
U0678,P0117,add_to_cart,2026-01-30 08:28:32,S23238,web
U0285,P0233,add_to_cart,2026-02-09 13:28:40,S56566,mobile
U0687,P0137,click,2026-04-07 23:07:07,S32431,tablet
U0747,P0126,view,2026-03-20 13:48:55,S45382,tablet
U0705,P0286,view,2026-04-17 11:48:24,S17331,mobile
U0842,P0017,add_to_cart,2026-03-12 09:44:53,S18675,mobile
U0936,P0483,add_to_cart,2026-02-16 23:51:49,S75435,web
U0906,P0469,purchase,2026-02-07 09:38:38,S28301,mobile
U0763,P0288,add_to_cart,2026-04-04 15:35:55,S86484,web
U0371,P0113,view,2026-03-26 17:58:06,S21915,mobile
U0882,P0057,view,2026-04-10 05:49:29,S99192,web
U0611,P0033,purchase,2026-03-09 21:41:44,S71348,tablet
U0258,P0498,click,2026-04-17 04:10:14,S99353,tablet
U0769,P0137,add_to_cart,2026-02-03 10:41:09,S66985,mobile
U0465,P0002,add_to_cart,2026-03-25 06:30:16,S76542,mobile
U0892,,add_to_cart,2026-04-11 18:29:00,S89818,mobile
U0157,P0192,view,2026-03-30 19:18:34,S10074,tablet
U0332,P0251,click,2026-02-03 13:12:56,S50306,mobile
U0060,P0124,click,2026-01-30 17:41:39,S19071,tablet
U0785,P0065,view,2026-04-14 17:18:16,S82063,mobile
U0272,P0271,purchase,2026-02-16 19:38:06,S36365,tablet
U0320,P0205,add_to_cart,2026-03-17 18:50:39,S69177,mobile
U0254,P0116,click,2026-03-04 00:45:57,S87110,tablet
U0236,P0302,view,2026-01-20 02:35:05,S92719,mobile
U0235,P0035,click,2026-03-03 02:34:47,S77391,mobile
U0286,P0343,purchase,2026-02-16 19:37:58,S27342,tablet
U0958,P0452,purchase,2026-02-20 17:13:13,S63354,mobile
U0097,P0050,purchase,2026-03-06 15:25:19,S63883,web
U0885,P0374,click,2026-04-16 23:47:29,S94696,mobile
U0063,P0207,add_to_cart,2026-02-02 09:03:11,S35112,mobile
U0550,P0230,view,2026-03-15 06:40:50,S46509,web
U0256,P0448,click,2026-03-17 20:02:12,S22833,mobile
U0668,P0277,click,2026-01-31 08:36:22,S31798,web
U0498,P0247,view,2026-03-12 02:08:05,S31579,web
U0003,P0200,add_to_cart,2026-03-19 10:23:08,S65444,tablet
U0981,P0375,purchase,2026-02-08 06:54:50,S48890,mobile
U0992,P0030,click,2026-03-01 02:04:52,S16572,tablet
U0489,P0258,view,2026-01-27 18:29:22,S20500,mobile
U0071,P0305,click,2026-04-16 08:33:48,S62923,mobile
U0965,P0456,view,2026-04-04 21:38:44,S15209,tablet
U0084,P0215,add_to_cart,2026-02-22 07:26:12,S97782,tablet
U0322,P0123,add_to_cart,2026-03-11 04:45:54,S98039,tablet
U0308,P0235,add_to_cart,2026-01-29 00:20:20,S70068,tablet
,P0052,click,2026-03-29 07:45:38,S76307,web
U0136,P0478,add_to_cart,2026-01-28 08:53:38,S58434,web
U0162,P0225,add_to_cart,2026-04-08 23:48:37,S79329,mobile
U0684,P0419,add_to_cart,2026-04-14 03:46:17,S27601,web
U0119,P0456,click,2026-03-31 05:39:34,S45697,web
U0620,P0108,add_to_cart,2026-02-15 23:05:30,S44600,tablet
U0501,P0129,click,2026-01-31 23:05:36,S65518,web
U0046,P0002,add_to_cart,2026-02-05 23:11:47,S44335,mobile
U0760,P0227,purchase,2026-04-01 00:21:07,S24663,mobile
U0968,P0453,view,2026-03-30 01:18:42,S58393,tablet
U0566,P0076,purchase,2026-02-05 01:31:22,S50404,web
U0921,P0478,click,2026-03-06 07:38:55,S99399,mobile
U0683,P0053,add_to_cart,2026-04-01 14:47:44,S91351,tablet
U0159,P0474,view,2026-02-09 06:26:46,S64040,mobile
U0184,P0378,add_to_cart,2026-03-13 09:02:07,S44970,mobile
U0807,P0360,click,2026-03-09 01:24:35,S71694,mobile
U0205,P0419,purchase,2026-03-05 11:06:41,S39831,mobile
U0025,P0338,view,2026-03-12 11:57:05,S46517,mobile
U0991,P0396,add_to_cart,2026-03-05 23:21:20,S76768,web
U0696,P0432,add_to_cart,2026-01-23 04:11:58,S44237,mobile
,P0493,add_to_cart,2026-01-24 03:56:48,S88193,web
U0354,P0374,add_to_cart,2026-03-16 22:04:17,S77033,mobile
U0395,P0461,view,2026-02-21 01:36:57,S67154,mobile
U0533,P0474,view,2026-03-07 15:42:11,S19171,tablet
U0943,P0170,add_to_cart,2026-04-14 04:32:14,S49363,tablet
U0317,P0342,purchase,,S48752,tablet
U0131,P0099,purchase,2026-04-15 13:48:15,S98777,tablet
U0925,P0090,add_to_cart,2026-03-12 19:56:59,S10053,web
U0294,P0108,purchase,2026-04-04 22:05:16,S95813,web
U0477,P0227,purchase,2026-04-16 07:46:50,S77000,web
U0813,P0462,view,2026-04-14 03:05:14,S47196,tablet
U0680,P0325,add_to_cart,2026-01-31 08:33:04,S98184,web
U0231,P0413,view,2026-02-07 00:53:21,S16057,mobile
U0487,P0313,click,2026-03-19 15:05:21,S92544,tablet
U0200,P0368,purchase,2026-03-24 14:33:03,S41979,mobile
U0672,P0353,click,2026-02-02 15:28:44,S38683,mobile
U0824,P0491,purchase,2026-01-26 20:17:40,S42662,mobile
U0468,P0069,purchase,2026-04-15 19:20:16,S83259,tablet
U0325,P0487,purchase,2026-04-08 18:22:42,S65933,tablet
U0457,P0460,view,2026-03-21 16:23:11,S43972,console
U0861,P0327,add_to_cart,2026-03-27 17:38:37,S92149,mobile
U0282,P0226,click,2026-02-25 08:32:15,S45614,web
U0328,P0458,click,2026-02-06 05:29:29,S40311,web
U0711,P0079,view,2026-01-28 15:06:17,S63424,web
U0556,P0239,purchase,2026-01-27 07:31:50,S65069,web
U0927,P0395,click,2026-04-03 13:50:57,S72518,mobile
U0966,P0181,add_to_cart,2026-03-10 15:15:21,S80545,tablet
U0753,P0280,view,2026-03-23 07:59:20,S45774,web
U0498,P0015,purchase,2026-03-04 14:43:14,S31632,web
U0942,P0066,click,2026-03-11 21:33:00,S83975,tablet
U0028,P0043,purchase,2026-02-06 16:48:35,S33819,mobile
U0267,P0195,add_to_cart,2026-02-16 16:33:18,S52840,web
U0780,P0451,purchase,2026-02-24 15:20:55,S43065,mobile
U0482,P0010,click,2026-03-05 08:09:49,S95215,mobile
U0800,P0491,click,2026-01-23 09:00:11,S36130,mobile
U0637,P0079,view,2026-02-05 17:14:30,S97747,mobile
U0578,P0486,view,2026-03-20 09:19:46,S58351,mobile
U0621,P0311,click,2026-02-09 11:19:28,S24168,tablet
U0027,P0476,add_to_cart,2026-04-03 13:39:52,S61990,tablet
U0204,P0039,view,2026-02-02 10:58:49,S99687,tablet
U0825,P0062,click,2026-03-05 19:23:47,S66148,tablet
U0380,P0036,add_to_cart,2026-01-21 15:17:37,S74251,mobile
U0444,P0492,add_to_cart,2026-04-11 16:44:18,S30052,web
U0181,P0376,add_to_cart,2026-04-08 19:35:39,S73372,web
U0447,P0423,add_to_cart,2026-03-02 08:56:17,S21359,web
U0903,P0231,view,2026-03-20 20:44:51,S89997,tablet
U0389,P0173,click,2026-03-24 11:50:00,S33834,desktop
U0218,P0182,add_to_cart,2026-03-04 10:10:55,S88139,tablet
U0902,P0142,click,2026-03-27 06:57:22,S21221,mobile
U0738,P0209,purchase,2026-04-01 08:44:59,S72402,tablet
U0729,P0252,purchase,2026-01-22 03:23:16,S48566,mobile
U0415,P0355,view,2026-02-28 21:10:25,S58368,web
U0567,P0272,add_to_cart,2026-03-15 20:02:20,S53357,web
U0720,P0233,add_to_cart,2026-02-28 09:09:11,S40217,mobile
U0739,P0099,add_to_cart,2026-02-04 19:30:36,S34267,mobile
U0222,P0379,purchase,2026-02-24 21:27:58,S78765,tablet
U0290,P0052,view,2026-02-26 08:16:56,S57301,mobile
U0310,P0008,view,2026-02-24 01:39:25,S17146,tablet
U0300,P0358,view,2026-04-11 17:52:20,S23446,mobile
U0588,P0146,purchase,2026-03-22 16:02:13,S54657,mobile
U0989,P0027,add_to_cart,2026-03-22 04:09:13,S18564,web
U0504,P0038,click,2026-02-08 05:25:55,S83772,web
U0088,P0128,click,2026-04-01 15:09:08,S89471,tablet
U0810,P0317,view,2026-03-27 13:50:56,S69049,web
U0305,P0441,purchase,2026-02-28 20:42:11,S91399,mobile
U0625,P0492,click,2026-02-15 22:46:27,S37659,web
U0677,P0042,view,2026-02-19 06:19:42,S82350,mobile
U0161,P0002,purchase,2026-03-18 21:37:12,S71592,web
U0034,P0119,add_to_cart,2026-04-20 10:17:36,S69510,mobile
U0704,P0120,add_to_cart,2026-04-10 21:28:24,S96662,mobile
U0436,P0059,view,2026-04-12 05:25:28,S44816,mobile
U0074,P0031,view,2026-02-28 21:39:53,S84607,web
U0450,P0064,purchase,2026-04-18 11:04:17,S62757,web
U0513,P0277,purchase,2026-03-17 02:55:43,S88385,mobile
U0911,P0222,add_to_cart,2026-04-07 09:06:56,S13390,mobile
U0235,P0493,click,2026-04-16 09:48:45,S85529,mobile
U0782,P0388,view,2026-03-21 18:53:41,S95394,web
U0939,P0143,view,2026-04-04 15:52:12,S93202,web
U0993,P0047,purchase,2026-03-05 14:52:03,S53687,web
U0687,P0054,view,2026-03-03 14:59:15,S74942,web
U0679,P0484,purchase,2026-03-31 01:20:09,S69614,mobile
U0323,P0130,add_to_cart,2026-02-03 14:42:56,S77449,mobile
U0674,P0446,purchase,2026-03-13 01:58:24,S34586,tablet
U0371,P0319,purchase,2026-04-10 16:05:39,S16764,mobile
U0274,P0282,view,2026-02-25 15:57:04,S73532,mobile
U0030,P0499,view,2026-04-20 05:45:58,S50730,tablet
U0015,P0283,purchase,2026-01-31 08:10:51,S24871,web
U0970,P0061,view,2026-03-24 10:37:34,S76698,tablet
U0280,P0213,purchase,2026-03-21 08:52:26,S69871,tablet
U0149,P0197,view,2026-04-06 18:30:16,S27892,mobile
U0283,P0396,purchase,2026-03-04 18:29:10,S45018,mobile
U0290,P0372,add_to_cart,2026-04-05 21:06:51,S96499,web
U0887,P0077,purchase,2026-03-29 17:38:03,S55236,web
U0566,P0391,purchase,2026-03-19 11:42:56,S34727,tablet
U0245,P0293,purchase,2026-02-18 14:57:21,S15720,web
U0763,P0243,purchase,,S29936,web
U0988,P0019,view,2026-03-25 21:29:16,S53515,mobile
U0896,P0433,purchase,2026-02-01 19:08:57,S69890,mobile
U0740,P0074,purchase,2026-04-13 05:37:12,S19807,web
U0801,P0497,add_to_cart,2026-03-04 22:41:31,S62098,tablet
U0083,P0437,add_to_cart,2026-04-16 19:25:42,S59808,web
U0642,P0368,purchase,2026-03-30 01:18:25,S90931,mobile
U0241,P0324,add_to_cart,2026-02-18 03:17:26,S66881,mobile
U0779,P0325,click,2026-03-17 06:03:25,S49251,mobile
U0048,P0167,click,2026-02-26 13:03:04,S59131,web
U0150,P0126,purchase,2026-04-02 06:33:20,S32280,mobile
U0081,,purchase,2026-04-09 08:46:06,S75230,tablet
U0147,P0119,purchase,2026-04-11 09:14:49,S70236,web
U0683,P0005,purchase,2026-02-25 19:54:03,S30706,mobile
U0453,P0484,add_to_cart,2026-04-05 10:53:30,S93746,web
U0707,P0129,purchase,2026-02-27 07:15:11,S60422,web
U0110,P0122,purchase,2026-04-03 13:04:09,S85341,web
U0717,P0152,click,2026-04-14 14:24:39,S45976,mobile
U0580,P0443,click,2026-04-07 18:05:07,S47512,mobile
U0622,P0411,add_to_cart,2026-02-17 23:10:42,S34920,tablet
U0257,P0348,view,2026-04-10 03:32:15,S92242,tablet
U0041,P0159,purchase,2026-01-24 21:06:05,S57823,tablet
U0135,P0047,add_to_cart,2026-03-02 15:07:40,S33021,mobile
U0136,P0403,add_to_cart,2026-03-28 18:16:11,S45720,mobile
U0264,P0468,purchase,2026-02-26 12:19:56,S25095,web
U0987,P0039,view,2026-02-17 14:28:09,S83048,web
U0093,P0405,purchase,2026-01-21 09:37:43,S80329,mobile
U0466,P0189,add_to_cart,2026-04-04 13:52:21,S93695,web
U0111,P0346,view,2026-03-21 00:54:40,S91205,tablet
U0336,P0469,view,2026-04-12 02:18:05,S93283,web
U0932,P0359,add_to_cart,2026-04-13 14:51:56,S25292,mobile
U0047,P0485,click,2026-02-27 17:56:09,S25220,mobile
U0241,P0455,view,2026-03-10 16:30:59,S58629,tablet
U0973,P0381,purchase,2026-04-05 05:37:33,S64379,tablet
U0102,P0427,purchase,2026-04-08 14:51:32,S46666,mobile
U0707,P0190,view,2026-03-17 16:11:27,S40947,web
U0102,P0352,add_to_cart,2026-03-30 23:28:38,S57012,mobile
U0408,P0142,view,2026-02-04 16:33:20,S22015,tablet
U0218,P0329,click,2026-01-26 12:08:33,S41925,mobile
,P0290,view,2026-01-28 20:10:41,S37152,tablet
U0222,P0417,view,2026-03-03 05:22:20,S88116,mobile
U0284,P0440,view,2026-02-05 19:40:07,S42853,mobile
U0113,P0339,click,2026-02-05 00:32:27,S56955,mobile
U0603,P0166,click,2026-02-11 09:39:42,S16868,mobile
U0760,P0216,click,2026-01-28 17:20:22,S68756,web
U0526,P0304,click,2026-03-18 18:20:39,S39038,tablet
U0045,P0373,add_to_cart,2026-03-19 23:25:23,S14082,mobile
U0491,P0434,purchase,2026-03-15 03:55:50,S74260,tablet
U0932,P0228,click,2026-01-30 11:43:39,S89730,mobile
U0068,P0065,add_to_cart,2026-04-09 23:02:58,S86724,tablet
U0730,P0167,purchase,2026-04-06 19:19:01,S48652,web
U0518,P0310,purchase,2026-02-01 04:09:56,S95814,tablet
U0899,P0394,view,2026-03-16 16:26:26,S39949,web
U0348,P0424,purchase,2026-03-12 15:08:44,S22463,web
U0438,P0161,add_to_cart,2026-03-08 05:33:26,S72163,mobile
U0094,,click,2026-01-31 15:43:26,S22656,tablet
U0757,P0191,view,2026-04-01 02:11:01,S86869,tablet
U0576,P0169,click,2026-03-13 12:52:26,S97207,web
,P0469,click,2026-02-25 21:51:36,S50953,web
U0107,P0296,view,2026-02-08 23:54:39,S73201,mobile
U0868,P0056,add_to_cart,2026-04-01 13:22:56,S25058,web
U0588,P0116,purchase,2026-04-01 22:38:10,S90422,tablet
U0659,P0286,click,2026-04-07 23:57:03,S45054,mobile
U0185,P0140,add_to_cart,2026-03-04 12:46:49,S10800,mobile
U0891,,purchase,2026-01-28 05:09:55,S92991,mobile
U0094,P0383,view,2026-03-09 15:17:08,S69460,web
U0162,P0190,add_to_cart,2026-03-02 20:39:55,S88148,mobile
U0905,P0027,view,2026-02-09 22:29:41,S16522,tablet
U0084,P0140,purchase,2026-04-14 15:26:16,S73656,desktop
U0453,P0213,add_to_cart,2026-02-16 18:39:14,S24918,web
U0441,P0057,add_to_cart,2026-04-16 21:35:43,S73783,tablet
U0684,P0158,click,2026-02-17 14:23:27,S88554,mobile
U0008,P0105,add_to_cart,2026-02-16 04:59:47,S43491,web
U0336,P0062,click,2026-03-24 15:40:46,S33028,mobile
U0390,P0273,view,2026-03-25 20:20:33,S97562,web
U0074,P0204,click,2026-03-16 00:40:56,S70260,mobile
U0883,P0161,purchase,2026-04-03 14:43:28,S93904,web
U0297,P0059,purchase,2026-01-22 11:49:28,S32527,tablet
U0472,P0426,add_to_cart,2026-01-31 15:54:00,S23875,mobile
U0447,P0302,purchase,2026-03-28 02:51:48,S61873,web
U0764,P0174,view,2026-03-03 06:07:17,S20011,tablet
U0649,P0059,view,2026-03-05 12:46:59,S94599,mobile
U0242,P0053,view,2026-02-21 07:10:56,S32740,tablet
U0157,P0390,click,2026-02-11 22:51:46,S74764,web
U0773,P0289,purchase,2026-04-17 20:33:09,S94278,tablet
U0640,P0166,add_to_cart,2026-02-08 16:00:40,S18950,web
U0453,P0324,add_to_cart,2026-02-24 21:31:58,S17362,web
U0520,P0038,add_to_cart,2026-03-20 16:27:13,S14929,mobile
U0378,P0426,add_to_cart,2026-01-29 23:28:17,S21835,tablet
U0609,P0260,purchase,2026-03-20 21:07:44,S82655,tablet
U0918,P0022,purchase,2026-04-03 23:43:57,S34672,web
U0620,P0244,view,2026-01-27 16:24:10,S23566,web
U0732,P0044,view,2026-01-25 09:01:12,S67377,web
U0537,P0268,view,2026-03-07 13:34:30,S47079,web
U0419,P0397,add_to_cart,2026-04-16 21:46:06,S16863,tablet
U0663,P0172,click,2026-03-03 03:26:27,S83133,tablet
U0396,P0146,add_to_cart,2026-04-14 21:56:37,S29709,web
U0084,P0299,view,2026-03-05 11:17:42,S95990,tablet
U0679,P0201,view,2026-04-06 03:05:04,S50577,tablet
U0386,P0330,add_to_cart,2026-02-05 19:09:55,S22249,tablet
U0687,P0217,add_to_cart,2026-01-22 13:12:06,S50483,mobile
U0974,P0110,add_to_cart,2026-03-23 06:59:26,S39693,mobile
U0159,P0040,add_to_cart,2026-02-01 18:29:03,S80748,tablet
U0905,P0270,click,2026-04-14 12:15:40,S91006,mobile
U0612,P0193,view,2026-02-09 06:35:03,S91885,mobile
U0739,P0225,click,2026-03-13 13:15:49,S98652,tablet
U0244,P0497,purchase,2026-04-08 10:22:26,S68841,mobile
U0547,P0123,add_to_cart,2026-03-21 07:03:50,S58213,tablet
U0970,P0293,purchase,2026-03-20 10:15:32,S60052,tablet
U0541,P0215,view,2026-02-14 22:00:54,S28140,web
U0054,P0329,purchase,2026-03-08 20:11:24,S23446,tablet
U0867,P0265,click,2026-02-25 03:03:13,S31012,web
U0461,P0464,view,2026-03-16 03:20:21,S39102,web
U0906,P0179,click,2026-03-14 01:56:20,S61964,tablet
U0383,P0121,purchase,2026-01-30 13:39:00,S39430,mobile
U0327,P0477,click,2026-04-13 12:12:27,S29142,mobile
U0040,P0147,purchase,2026-04-19 05:03:11,S71487,web
U0631,P0003,click,2026-01-22 09:19:04,S38266,mobile
U0562,P0482,purchase,2026-02-03 10:29:22,S41147,web
U0125,P0025,view,2026-03-14 23:15:48,S91633,web
U0065,P0057,purchase,2026-04-06 19:31:01,S12154,tablet
U0528,P0295,view,2026-02-07 10:36:17,S66261,mobile
U0630,P0181,view,2026-04-03 15:10:00,S34551,tablet
U0685,P0044,add_to_cart,2026-01-28 19:09:11,S81313,tablet
U0806,P0260,click,2026-03-10 17:07:01,S15706,tablet
U0397,P0192,add_to_cart,2026-01-22 13:00:05,S18855,web
U0247,P0376,click,2026-04-04 12:06:23,S27486,mobile
U0361,P0280,add_to_cart,2026-04-12 06:22:29,S99742,web
U0713,P0246,view,2026-02-06 02:17:50,S69988,mobile
U0301,P0104,click,2026-02-14 01:31:32,S51365,web
U0528,P0204,purchase,2026-02-21 01:19:59,S94790,mobile
U0293,P0183,click,2026-04-13 12:05:06,S45811,mobile
U0819,P0189,purchase,2026-03-12 16:00:37,S60678,web
U0998,P0096,purchase,2026-04-18 18:06:51,S58148,tablet
U0274,P0411,click,2026-03-15 02:52:25,S66440,tablet
U0843,P0093,add_to_cart,2026-03-02 03:44:07,S20494,web
U0677,P0152,add_to_cart,2026-03-18 21:56:26,S65851,mobile
U0707,P0228,add_to_cart,2026-03-18 01:32:31,S56210,tablet
U0446,P0141,click,2026-01-29 23:12:40,S63242,web
U0526,P0411,view,2026-01-23 05:11:54,S89635,tablet
U0801,P0225,click,2026-02-05 02:26:52,S40932,tablet
U0376,P0186,purchase,2026-04-02 01:10:44,S89310,mobile
U0696,P0231,add_to_cart,2026-03-08 16:09:48,S20077,tablet
U0141,P0272,add_to_cart,2026-03-11 11:26:47,S95139,web
U0256,P0492,click,2026-01-23 06:46:25,S75410,tablet
U0397,P0468,click,2026-02-22 09:28:36,S68493,mobile
U0627,P0147,purchase,2026-02-14 04:27:54,S27790,mobile
U0463,P0089,purchase,2026-01-31 11:38:09,S97535,web
U0727,P0034,add_to_cart,2026-02-27 05:44:04,S93584,mobile
U0813,P0186,view,2026-02-04 07:19:02,S28202,mobile
U0810,P0253,click,2026-03-07 20:10:16,S85009,web
U0479,P0412,view,2026-04-08 03:08:20,S18617,web
U0408,P0368,purchase,2026-03-28 14:57:23,S63665,tablet
U0076,P0065,add_to_cart,2026-04-12 02:42:00,S68979,web
U0697,P0265,add_to_cart,2026-02-05 20:04:20,S93859,tablet
U0187,P0394,view,2026-03-16 18:18:31,S17263,mobile
U0531,P0079,add_to_cart,2026-02-10 05:53:49,S52291,tablet
U0231,P0178,add_to_cart,2026-01-30 09:07:27,S35729,tablet
U0980,P0283,add_to_cart,2026-02-05 22:45:22,S49691,tablet
U0547,P0048,view,2026-04-05 21:08:26,S30210,mobile
U0675,P0320,add_to_cart,2026-04-02 01:29:59,S13718,mobile
U0047,P0486,add_to_cart,2026-04-13 07:40:31,S84991,web
U0633,P0328,click,2026-03-24 22:50:03,S81509,web
U0658,P0490,add_to_cart,2026-03-22 08:54:56,S99783,web
U0305,P0233,click,2026-04-18 02:10:52,S30719,web
U0426,P0248,purchase,2026-02-15 12:23:09,S89516,mobile
U0321,P0442,add_to_cart,2026-03-05 14:31:00,S27139,web
U0528,P0288,click,2026-03-01 08:48:05,S71141,mobile
U0274,P0231,view,2026-02-07 03:31:29,S16632,web
U0969,P0197,purchase,2026-02-20 05:48:52,S52917,tablet
U0739,P0161,view,2026-02-09 18:08:28,S77466,web
U0511,P0451,add_to_cart,2026-03-24 00:50:37,S21802,web
U0518,P0235,view,2026-02-16 21:14:20,S56254,mobile
U0052,P0145,purchase,2026-04-06 23:49:15,S98148,web
U0293,P0275,click,2026-02-02 15:41:22,S27555,web
U0745,P0188,purchase,2026-03-07 01:38:50,S62505,mobile
U0584,P0288,view,2026-03-07 20:08:32,S47827,mobile
U0396,P0259,purchase,2026-03-31 10:11:03,S91689,tablet
U0626,P0061,view,2026-02-01 14:20:29,S58915,web
U0572,P0481,add_to_cart,2026-02-07 07:14:50,S88966,tablet
U0412,P0257,click,2026-01-25 01:25:00,S27961,tablet
U0342,P0412,purchase,2026-03-27 16:38:18,S29521,tablet
U0915,P0264,view,2026-03-02 22:19:16,S51750,mobile
U0403,P0316,add_to_cart,2026-04-05 12:14:49,S76494,tablet
U0546,P0251,add_to_cart,2026-03-21 00:36:20,S58281,web
U0690,P0057,purchase,2026-04-04 11:12:07,S92478,mobile
U0612,P0243,add_to_cart,2026-04-13 21:03:41,S85711,mobile
U0739,P0027,purchase,2026-02-10 19:05:12,S92447,tablet
U0635,P0397,purchase,2026-02-07 08:49:05,S14138,tablet
U0971,P0359,click,2026-02-13 00:41:22,S67807,web
U0429,P0078,purchase,,S63788,tablet
U0794,P0314,purchase,2026-01-27 05:01:38,S77984,mobile
U0575,P0167,purchase,2026-03-28 13:43:11,S51124,mobile
U0471,P0468,add_to_cart,2026-03-30 12:53:57,S98587,tablet
U0698,P0330,add_to_cart,2026-04-08 17:37:42,S35200,mobile
U0286,P0286,add_to_cart,2026-02-17 10:50:08,S47880,tablet
U0213,P0354,purchase,2026-03-01 17:28:08,S55718,tablet
U0957,P0479,add_to_cart,2026-02-25 04:26:14,S85166,tablet
U0557,P0195,purchase,2026-03-05 05:19:58,S48070,mobile
U0295,P0490,click,2026-03-05 16:06:23,S95979,web
U0766,P0246,view,2026-02-14 19:36:32,S45537,tablet
U0713,P0140,view,2026-02-02 22:24:58,S86917,mobile
U0249,P0026,view,2026-04-11 08:28:38,S16880,mobile
U0424,P0170,purchase,2026-02-01 05:00:18,S10679,tablet
U0952,P0081,purchase,2026-04-13 17:19:10,S72580,tablet
U0205,P0388,add_to_cart,2026-03-02 10:23:29,S94659,mobile
U0930,P0394,click,2026-04-13 20:54:12,S40437,tablet
U0757,P0371,click,2026-02-11 15:12:53,S33040,mobile
U0857,P0204,purchase,2026-02-12 10:32:21,S14910,mobile
U0306,P0291,click,2026-03-03 10:21:38,S69552,tablet
U0557,P0269,purchase,2026-02-06 18:21:28,S71344,web
U0198,P0415,click,2026-03-03 05:54:58,S70150,tablet
U0264,P0368,view,2026-01-21 12:16:25,S48669,tablet
U0691,P0388,view,2026-02-11 22:14:39,S93719,web
,P0219,add_to_cart,2026-01-31 14:35:38,S97720,mobile
U0190,P0072,purchase,2026-03-02 09:01:52,S10895,web
U0393,P0121,purchase,2026-02-23 12:00:04,S49576,tablet
U0741,P0294,click,2026-02-22 23:47:59,S57127,tablet
U0242,P0032,click,2026-03-20 11:10:13,S30934,web
U0703,P0258,add_to_cart,2026-04-18 04:16:29,S93717,web
U0377,P0315,view,2026-02-17 04:51:47,S72676,mobile
U0466,P0383,add_to_cart,2026-03-14 19:59:49,S71712,tablet
U0822,P0341,view,2026-02-20 21:41:34,S20730,tablet
U0458,P0271,add_to_cart,2026-01-29 20:32:26,S24707,mobile
U0849,P0281,view,2026-04-03 19:32:21,S29641,mobile
U0336,P0438,purchase,2026-02-03 07:28:42,S86434,web
U0094,P0461,purchase,2026-01-27 16:30:32,S27294,tablet
U0426,P0234,click,2026-04-01 16:50:04,S98181,web
U0741,P0012,purchase,2026-02-21 00:06:35,S38560,tablet
U0075,P0024,purchase,2026-03-05 02:19:17,S80931,mobile
U0958,P0458,click,2026-03-21 01:09:19,S47629,web
U0185,P0394,view,2026-04-12 23:30:56,S65097,web
U0913,P0196,purchase,2026-03-09 13:40:36,S20518,tablet
U0988,P0339,view,2026-04-13 12:39:42,S25549,mobile
U0551,P0202,view,2026-02-17 00:07:35,S12979,web
U0475,P0345,purchase,2026-03-29 13:48:32,S40102,mobile
U0472,P0178,view,2026-02-24 06:51:44,S24790,mobile
U0829,P0339,purchase,2026-04-08 00:34:10,S41544,mobile
U0069,P0052,click,2026-03-18 21:45:52,S98083,tablet
U0894,P0025,view,2026-01-25 14:38:45,S67535,mobile
U0553,P0112,click,2026-02-06 18:20:46,S47914,mobile
U0836,P0470,add_to_cart,,S98150,web
U0243,P0155,view,2026-04-14 18:58:41,S38972,web
U0308,P0141,click,2026-04-01 21:32:30,S32955,tablet
U0696,P0219,purchase,2026-01-26 12:32:23,S94320,tablet
,P0403,add_to_cart,2026-04-19 15:09:28,S63511,mobile
U0308,P0193,view,2026-03-29 17:14:25,S41584,mobile
U0308,P0440,view,2026-03-20 02:05:52,S83713,web
U0992,P0214,view,2026-03-10 08:50:31,S43422,mobile
U0339,P0332,click,2026-03-18 13:30:37,S22119,tablet
U0742,P0425,view,2026-01-26 09:46:27,S59436,tablet
U0620,P0309,click,2026-01-29 06:51:02,S87015,tablet
U0688,P0287,view,2026-03-22 07:36:19,S53642,web
U0980,P0466,click,2026-02-16 06:55:06,S25376,tablet
U0773,P0246,view,2026-04-19 22:00:20,S36805,web
U0938,P0123,add_to_cart,2026-02-25 13:51:34,S71112,tablet
U0665,P0184,add_to_cart,2026-02-22 13:05:39,S77215,web
U0478,P0051,purchase,2026-03-01 07:23:44,S58589,web
U0424,P0024,view,2026-02-07 00:35:25,S44180,tablet
U0958,P0300,purchase,2026-02-26 05:32:56,S35715,web
U0236,P0195,view,2026-03-24 20:02:53,S95800,tablet
U0346,P0132,purchase,2026-04-12 17:51:43,S70401,mobile
U0751,P0408,add_to_cart,2026-02-10 05:05:44,S81636,web
U0189,P0470,click,2026-03-28 01:13:53,S19742,tablet
U0050,P0392,click,2026-03-13 05:00:21,S92667,mobile
U0070,P0363,view,2026-01-21 07:57:48,S76287,web
U0383,P0031,purchase,2026-04-14 17:45:44,S12061,mobile
U0545,P0283,purchase,2026-01-21 00:36:32,S79391,tablet
U0282,P0275,add_to_cart,2026-01-22 18:17:06,S98346,web
U0826,P0482,view,2026-02-02 03:30:24,S78732,mobile
U0247,P0099,add_to_cart,,S62022,mobile
U0383,P0492,purchase,,S41877,tablet
U0232,P0154,click,2026-04-13 23:39:42,S14152,mobile
U0416,P0195,purchase,2026-03-31 17:19:50,S17355,tablet
U0010,P0360,view,2026-01-30 18:11:57,S66873,tablet
U0804,P0170,click,2026-03-28 01:32:57,S40115,mobile
U0923,P0445,purchase,2026-02-23 01:41:42,S19744,tablet
U0948,P0144,click,2026-02-11 11:27:00,S12052,mobile
U0602,P0074,purchase,2026-01-29 10:53:46,S31292,tablet
U0247,P0291,purchase,2026-04-16 19:40:52,S53480,web
U0774,P0379,view,2026-04-18 02:51:19,S75639,tablet
U0998,P0178,click,2026-02-01 15:54:50,S40427,mobile
U0349,P0310,purchase,2026-03-02 01:04:43,S93115,web
U0803,P0231,purchase,2026-02-18 12:57:16,S82487,web
U0443,P0096,purchase,2026-01-30 22:31:23,S48715,mobile
U0731,P0038,click,2026-02-23 05:36:54,S59807,tablet
U0803,P0325,view,2026-03-10 11:31:47,S57277,mobile
U0094,P0003,add_to_cart,2026-03-17 13:06:15,S45358,mobile
U0136,P0045,view,2026-03-16 16:20:30,S83005,tablet
U0525,P0209,click,2026-01-23 03:15:46,S56388,tablet
U0096,P0306,add_to_cart,2026-03-10 00:26:57,S48253,web
U0398,P0399,click,2026-04-01 08:50:16,S84967,tablet
U0174,P0351,purchase,2026-02-10 05:03:18,S45247,web
U0275,P0253,view,2026-01-28 06:05:16,S66973,web
U0432,P0154,purchase,2026-01-29 13:08:53,S42990,mobile
U0739,P0321,purchase,2026-04-06 22:27:08,S35630,web
U0110,P0070,add_to_cart,2026-01-20 14:24:24,S53544,tablet
U0390,P0412,add_to_cart,2026-03-17 12:11:14,S66441,tablet
U0998,P0305,view,,S89064,tablet
U0206,P0246,add_to_cart,2026-02-11 14:29:58,S51830,web
U0753,P0356,purchase,2026-04-03 08:49:35,S52714,web
U0288,P0419,purchase,2026-03-07 04:08:47,S83905,mobile
U0607,P0280,view,2026-04-17 20:01:42,S13527,tablet
U0473,P0483,view,2026-03-17 10:36:25,S19064,web
U0690,P0256,view,2026-04-11 11:01:32,S41722,web
U0675,,purchase,2026-03-09 02:41:34,S68860,tablet
U0491,P0299,purchase,2026-03-29 18:26:42,S64827,tablet
U0038,P0405,add_to_cart,2026-04-19 19:32:53,S87833,tablet
U0937,P0044,click,2026-02-20 23:56:33,S97122,web
U0171,P0332,click,2026-04-02 23:29:05,S98797,tablet
U0410,P0496,add_to_cart,2026-03-16 03:51:26,S11382,mobile
U0265,P0114,view,2026-03-18 13:37:16,S61266,web
U0791,P0348,view,2026-03-05 00:53:39,S73277,mobile
U0303,P0213,click,2026-02-03 05:09:29,S55656,web
U0352,P0234,view,2026-03-27 17:34:58,S55652,web
U0100,P0225,purchase,2026-03-01 02:26:44,S49356,mobile
U0830,P0364,click,2026-01-22 12:29:27,S94930,mobile
U0694,P0410,view,2026-02-20 18:47:12,S32865,tablet
U0164,P0170,purchase,2026-03-20 08:26:29,S63090,tablet
U0189,P0096,purchase,2026-03-11 01:03:46,S90492,mobile
U0461,P0304,purchase,2026-03-10 00:09:43,S38153,mobile
U0286,P0386,click,2026-04-03 03:42:16,S80371,mobile
U0375,P0167,view,2026-03-19 04:08:56,S44387,tablet
U0884,P0251,add_to_cart,2026-04-06 14:08:59,S90125,web
U0602,P0059,add_to_cart,2026-03-06 16:40:12,S90918,mobile
U0834,P0345,add_to_cart,2026-04-08 21:29:14,S21108,tablet
U0138,P0161,click,2026-02-19 11:07:06,S25328,mobile
U0383,P0356,view,2026-03-26 14:08:36,S64819,tablet
U0142,P0295,purchase,2026-03-15 06:45:47,S73788,tablet
U0551,P0356,view,2026-04-01 06:04:31,S74178,web
U0144,P0096,add_to_cart,2026-03-18 22:33:07,S17026,web
U0975,P0005,purchase,2026-02-06 07:06:15,S60324,tablet
U0518,P0335,purchase,2026-03-13 17:54:11,S64477,tablet
U0861,P0228,purchase,2026-02-10 03:00:35,S84107,mobile
U0815,P0390,view,2026-02-26 01:11:25,S46025,mobile
U0551,P0148,view,2026-03-19 20:35:40,S74921,console
U0524,P0058,click,2026-02-23 19:46:26,S58085,tablet
U0843,P0388,click,2026-03-17 19:53:31,S38644,web
U0105,P0377,view,2026-02-27 01:10:24,S68947,web
U0357,P0442,click,2026-03-17 04:16:26,S41056,mobile
U0831,P0378,add_to_cart,2026-04-20 22:13:08,S92938,web
U0170,P0316,view,2026-02-15 07:32:04,S17780,tablet
U0360,P0273,add_to_cart,2026-04-06 19:36:57,S32069,web
U0721,P0150,add_to_cart,2026-04-03 09:44:01,S77425,tablet
U0835,P0049,view,2026-03-13 02:09:30,S46349,tablet
U0130,P0360,view,2026-02-20 05:19:28,S52217,mobile
U0780,P0432,purchase,2026-03-23 05:10:34,S85684,tablet
U0276,P0322,purchase,2026-03-09 16:27:23,S19898,tablet
U0814,P0451,click,2026-03-12 18:46:22,S46467,tablet
U0959,P0450,add_to_cart,2026-03-19 17:46:08,S52898,tablet
U0003,P0445,click,2026-03-19 23:06:49,S97050,tablet
U0367,P0436,click,2026-03-29 14:28:49,S38551,web
U0845,P0109,purchase,2026-02-23 11:45:18,S47171,web
U0561,P0296,view,2026-04-02 17:40:14,S55054,tablet
U0781,P0025,click,2026-02-01 22:47:54,S70238,mobile
U0128,P0476,view,2026-03-17 16:37:16,S10088,web
U0208,P0353,view,2026-04-13 10:59:26,S30837,web
U0096,P0336,add_to_cart,2026-02-21 03:00:03,S58738,tablet
U0926,P0333,view,2026-01-26 14:25:49,S91999,web
U0744,P0359,view,2026-03-15 23:51:55,S21953,tablet
U0098,,view,2026-03-22 02:50:15,S27393,console
U0232,P0266,purchase,2026-01-21 00:17:36,S55032,mobile
U0881,P0217,view,2026-03-22 02:34:43,S40008,web
U0092,P0375,click,2026-02-02 11:24:31,S58177,web
U0141,P0196,view,2026-04-12 05:12:04,S18966,tablet
U0577,P0005,view,2026-03-17 12:47:10,S37925,tablet
U0767,P0078,purchase,2026-04-08 16:06:24,S38474,mobile
U0919,P0052,view,2026-02-04 21:27:56,S60335,web
U0987,P0220,add_to_cart,2026-02-06 09:01:17,S46302,tablet
U0087,P0128,add_to_cart,2026-04-18 00:58:35,S96298,web
U0211,P0266,view,2026-03-11 10:45:37,S94694,mobile
U0803,P0460,view,2026-03-24 14:02:58,S24777,mobile
U0512,P0327,click,2026-03-28 00:26:21,S57329,web
U0136,P0199,purchase,2026-03-07 19:53:32,S99514,mobile
U0782,P0242,click,2026-01-22 21:23:06,S18851,mobile
U0269,P0111,click,2026-01-27 14:29:23,S76402,web
U0644,P0365,purchase,2026-03-15 14:38:47,S20803,tablet
U0550,P0276,view,2026-02-24 03:02:37,S50620,mobile
U0524,P0472,view,2026-02-08 19:31:45,S52827,desktop
U0601,P0325,click,2026-02-28 15:55:42,S41278,mobile
U0251,P0045,purchase,2026-02-03 16:30:24,S90254,tablet
U0057,P0159,view,2026-02-04 00:27:40,S27984,tablet
U0012,P0084,purchase,2026-03-05 19:02:31,S77793,tablet
U0266,P0086,add_to_cart,2026-02-05 09:47:07,S25473,mobile
U0344,P0414,purchase,2026-02-23 19:04:22,S18371,web
U0730,P0500,click,2026-03-24 16:34:23,S76949,web
U0057,P0256,view,2026-03-08 05:43:38,S43438,mobile
U0916,P0294,click,2026-02-18 18:31:32,S10336,mobile
U0880,P0442,click,2026-02-20 01:40:26,S71835,web
U0393,P0472,view,2026-02-11 01:17:15,S82465,tablet
U0759,P0336,purchase,2026-02-17 11:42:59,S42540,web
U0938,P0369,add_to_cart,2026-02-23 02:50:08,S84912,web
U0123,P0258,click,2026-02-11 08:07:33,S77603,mobile
U0977,P0206,click,2026-03-20 10:16:42,S50723,web
U0089,P0284,purchase,2026-01-21 13:25:54,S36302,web
U0578,P0402,add_to_cart,2026-04-09 08:49:55,S70807,web
U0606,,purchase,2026-02-14 19:53:58,S42129,mobile
U0007,P0478,purchase,2026-01-23 08:28:59,S80981,web
U0652,P0430,click,2026-03-03 00:03:11,S96154,web
U0870,P0378,add_to_cart,2026-02-02 07:28:15,S79443,mobile
U0430,P0252,click,2026-02-07 10:11:17,S22193,mobile
U0944,P0119,purchase,2026-04-19 13:33:43,S70091,tablet
U0087,P0298,click,2026-03-25 04:51:39,S93521,web
U0077,P0304,click,2026-03-16 04:45:32,S41034,web
U0268,P0436,add_to_cart,2026-03-11 11:52:42,S51688,web
U0279,P0120,click,2026-02-14 04:57:20,S86638,mobile
U0160,P0055,view,2026-03-18 16:58:06,S51160,web
U0124,P0275,add_to_cart,2026-02-15 16:27:13,S50410,web
U0272,P0437,click,2026-01-31 05:44:18,S99922,web
U0847,P0361,click,2026-02-16 11:56:04,S29441,mobile
U0729,P0128,add_to_cart,2026-03-11 18:41:40,S16416,tablet
U0307,P0134,view,2026-01-23 14:43:24,S69270,tablet
U0767,P0282,view,2026-02-01 16:49:20,S23357,mobile
U0125,P0007,click,2026-02-17 04:45:33,S35969,web
U0382,P0352,click,,S43924,mobile
U0023,P0034,view,2026-04-12 16:08:41,S26880,mobile
U0927,P0434,add_to_cart,2026-02-04 01:33:16,S70423,mobile
U0173,P0474,purchase,2026-03-11 18:03:48,S13864,web
U0700,P0219,view,2026-03-06 07:49:03,S34530,web
U0287,,view,2026-01-24 22:21:32,S91156,tablet
U0252,P0332,add_to_cart,2026-03-24 15:00:00,S82179,web
U0063,P0045,add_to_cart,2026-03-10 04:59:47,S64949,mobile
U0659,P0453,view,2026-04-10 19:47:38,S12559,web
U0801,P0366,add_to_cart,2026-03-22 19:49:31,S73527,web
U0935,P0290,add_to_cart,2026-03-10 09:50:46,S33568,mobile
U0327,P0306,view,2026-01-23 10:13:42,S17679,web
U0543,P0184,view,2026-02-09 03:38:44,S42487,tablet
U0247,P0137,click,2026-02-17 20:57:37,S60911,web
U0958,P0430,view,2026-02-11 08:36:45,S87662,web
U0826,P0378,add_to_cart,2026-04-05 01:01:37,S56095,tablet
U0578,P0073,view,2026-03-24 19:44:17,S50508,mobile
U0503,P0020,click,2026-01-27 08:28:10,S88861,mobile
U0021,P0270,purchase,2026-01-20 12:04:41,S90495,mobile
U0826,P0067,add_to_cart,2026-02-11 11:46:53,S17806,mobile
U0152,P0301,view,2026-02-03 19:09:42,S57826,mobile
U0383,P0361,purchase,2026-04-05 03:40:42,S54113,web
U0331,P0070,view,2026-03-16 23:16:29,S73858,tablet
U0325,P0090,add_to_cart,2026-02-17 21:26:34,S32983,web
U0315,P0376,add_to_cart,2026-02-05 06:28:12,S10235,tablet
U0972,P0294,purchase,2026-04-02 01:10:44,S33865,tablet
U0326,P0472,view,2026-04-11 20:35:27,S23645,web
U0145,P0170,click,2026-02-19 12:37:37,S51879,mobile
U0652,P0454,click,2026-04-20 23:16:08,S54007,web
U0012,P0136,view,2026-02-20 02:28:05,S55938,web
U0806,P0056,click,2026-01-26 14:03:05,S67438,tablet
U0430,P0497,view,2026-03-13 17:57:09,S59638,web
U0560,P0193,click,2026-03-22 21:02:46,S95323,tablet
U0231,P0084,purchase,2026-01-29 01:12:59,S48654,mobile
U0327,P0134,click,2026-01-29 12:26:41,S32296,web
U0165,P0375,click,2026-03-31 03:23:23,S54295,tablet
U0629,P0458,purchase,2026-04-20 01:07:42,S66534,tablet
U0169,P0311,purchase,2026-02-09 01:56:59,S23272,web
U0211,P0499,view,2026-03-13 20:10:28,S80795,web
U0677,P0145,add_to_cart,2026-02-19 03:29:31,S16505,web
U0586,P0282,purchase,2026-02-08 01:59:04,S57294,mobile
U0438,P0045,add_to_cart,2026-04-14 22:45:31,S88671,web
U0205,P0050,click,2026-02-15 06:13:11,S93648,web
U0084,P0243,click,2026-02-28 14:28:16,S71727,web
U0917,P0339,add_to_cart,2026-01-31 23:22:10,S81319,web
U0190,P0190,purchase,2026-03-08 06:47:35,S68428,mobile
U0270,P0226,purchase,2026-02-22 08:14:14,S45200,tablet
U0064,P0078,click,2026-01-30 12:31:01,S80968,web
U0995,P0388,view,2026-03-31 02:13:13,S60738,tablet
U0429,P0495,purchase,,S72424,web
U0081,P0203,click,2026-03-25 20:47:50,S77740,tablet
U0694,P0318,view,2026-02-04 16:20:56,S32659,mobile
U0996,P0109,view,2026-02-05 01:33:13,S65492,mobile
U0700,P0223,view,2026-04-10 05:23:02,S87994,web
U0328,P0467,click,2026-01-31 14:07:48,S82923,web
U0566,P0167,add_to_cart,2026-03-27 16:40:51,S11620,tablet
U0639,P0301,purchase,2026-02-03 15:05:21,S29613,mobile
U0581,P0302,click,2026-02-02 20:29:12,S23237,web
U0889,P0275,add_to_cart,2026-03-13 09:37:00,S60206,tablet
U0498,P0293,purchase,2026-01-24 06:16:10,S46099,web
,P0317,purchase,2026-01-24 14:24:37,S53449,tablet
U0244,P0026,purchase,2026-02-23 13:33:36,S12651,web
U0838,P0407,add_to_cart,2026-02-28 10:12:25,S74437,tablet
U0702,P0051,view,2026-02-06 10:56:24,S68079,web
U0276,,purchase,2026-04-07 23:30:14,S21703,mobile
U0453,P0109,purchase,2026-03-23 18:48:18,S59009,mobile
U0528,P0406,view,2026-01-28 11:19:39,S76426,web
U0139,P0400,click,2026-02-11 07:01:05,S36309,mobile
U0256,P0017,purchase,2026-01-26 13:07:15,S36097,web
U0378,P0422,purchase,2026-03-25 14:27:08,S93284,mobile
U0698,P0016,view,2026-03-08 17:47:46,S87862,web
U0182,P0492,purchase,2026-04-05 20:04:24,S55843,web
U0168,P0429,add_to_cart,2026-04-18 03:17:27,S47364,mobile
U0396,P0026,view,2026-04-03 07:48:11,S39012,tablet
U0231,P0347,view,2026-02-23 23:43:24,S63674,tablet
U0021,P0443,click,2026-03-21 04:49:02,S94852,mobile
U0616,P0411,click,2026-02-17 09:11:21,S89736,web
U0730,P0496,add_to_cart,2026-03-15 13:42:25,S55706,web
,P0112,purchase,2026-02-27 18:57:21,S91737,web
U0599,P0053,click,2026-03-26 13:37:31,S83591,tablet
U0609,P0312,add_to_cart,2026-02-27 03:56:09,S73142,mobile
,P0142,add_to_cart,2026-02-24 09:30:29,S95998,tablet
U0976,P0457,add_to_cart,2026-02-13 05:27:31,S77802,mobile
U0922,P0030,purchase,2026-04-14 11:38:08,S99228,mobile
U0739,P0014,purchase,2026-02-26 09:26:43,S64862,web
U0398,P0378,click,2026-04-04 20:49:38,S34892,web
U0744,P0366,view,2026-04-17 19:27:55,S93665,web
U0929,P0482,add_to_cart,2026-03-25 10:55:47,S32280,tablet
U0898,P0286,view,2026-02-26 03:33:13,S71706,mobile
U0759,P0133,view,2026-04-17 12:13:12,S95778,mobile
U0228,P0182,view,,S53426,web
U0267,P0300,add_to_cart,2026-03-20 04:17:17,S71674,mobile
U0888,P0325,click,2026-03-21 07:04:59,S75598,mobile
U0889,P0349,purchase,2026-03-28 10:51:46,S64146,mobile
U0892,P0438,view,2026-02-06 07:17:33,S54914,web
U0584,P0458,purchase,2026-02-07 11:31:09,S33639,mobile
U0500,P0171,view,2026-03-01 23:06:05,S17603,mobile
U0463,P0141,view,2026-02-10 20:58:54,S30766,web
U0805,P0391,click,2026-02-05 22:22:21,S66847,tablet
U0440,P0207,purchase,2026-03-22 13:57:22,S10611,mobile
U0547,P0103,add_to_cart,2026-01-21 11:43:53,S79603,mobile
U0019,P0347,click,2026-04-10 09:03:33,S39657,tablet
U0899,P0177,add_to_cart,2026-02-05 03:44:22,S60272,tablet
U0603,P0157,view,2026-01-28 01:39:52,S49085,web
U0467,P0373,add_to_cart,2026-03-16 04:52:16,S54922,web
U0368,P0385,view,2026-02-10 14:41:13,S12506,mobile
U0230,P0373,view,2026-02-16 00:47:52,S87292,tablet
U0174,P0064,add_to_cart,2026-04-13 01:21:37,S59177,tablet
U0262,P0395,click,2026-04-06 01:44:46,S96765,mobile
U0670,P0429,click,2026-01-26 04:12:56,S64627,web
U0390,P0064,add_to_cart,2026-03-21 05:34:30,S36934,tablet
U0703,P0323,click,2026-02-27 15:19:24,S96725,mobile
U0679,P0267,add_to_cart,2026-04-09 22:03:01,S27978,web
U0851,P0461,click,2026-03-26 22:29:22,S25431,web
U0117,P0402,click,2026-03-24 07:13:57,S89823,mobile
U0797,P0135,view,2026-03-06 14:55:07,S48712,mobile
U0041,P0281,purchase,2026-02-15 17:30:01,S53332,mobile
U0003,P0007,click,2026-02-03 20:54:15,S97690,web
U0153,P0487,click,2026-03-26 02:43:56,S23276,web
U0660,P0119,purchase,2026-02-26 09:36:59,S70853,mobile
U0103,P0417,view,2026-01-25 10:34:45,S57214,tablet
U0321,P0219,click,2026-02-01 01:40:14,S11267,mobile
U0680,P0332,view,2026-03-03 13:01:01,S67372,tablet
U0275,P0450,click,2026-03-08 12:28:41,S33969,mobile
U0411,P0205,purchase,2026-02-23 14:02:36,S72684,web
U0665,P0454,view,2026-02-03 04:49:28,S17686,mobile
U0107,P0214,purchase,2026-04-02 15:57:10,S33758,tablet
U0389,P0399,add_to_cart,2026-04-08 01:02:57,S99714,tablet
U0997,P0457,view,2026-03-22 17:46:19,S24802,web
U0452,P0024,click,2026-02-22 23:50:48,S51187,mobile
U0722,P0445,view,2026-04-15 12:19:01,S78039,tablet
U0705,P0359,click,2026-03-16 09:03:01,S73167,web
U0680,P0347,purchase,2026-02-08 20:19:43,S90335,mobile
U0012,P0330,view,2026-03-25 17:05:10,S74990,mobile
U0077,P0385,purchase,2026-03-02 08:46:14,S53371,web
U0052,P0260,view,,S59628,web
U0837,P0121,click,2026-03-19 16:10:20,S85108,web
U0091,P0439,purchase,2026-03-18 11:30:26,S25559,web
U0764,P0335,click,2026-02-02 14:41:19,S64046,mobile
U0571,P0282,click,2026-01-31 21:59:54,S91142,tablet
U0312,P0456,view,2026-04-13 16:36:36,S54676,web
U0846,P0028,view,2026-03-19 12:05:12,S83420,tablet
U0615,P0243,add_to_cart,2026-03-18 04:09:05,S22771,tablet
U0228,P0002,add_to_cart,2026-03-06 23:04:15,S48270,tablet
U0535,P0192,click,2026-01-25 05:58:36,S74542,mobile
U0842,P0368,purchase,,S90065,mobile
U0193,P0062,purchase,2026-02-16 16:38:25,S34979,tablet
U0347,P0056,purchase,2026-01-25 23:03:20,S98098,tablet
U0127,P0396,purchase,2026-03-19 23:58:25,S87242,tablet
U0138,P0494,purchase,2026-01-20 19:18:35,S16366,tablet
U0958,P0222,purchase,2026-03-26 06:27:06,S85832,mobile
U0749,P0418,view,2026-02-02 14:06:18,S96182,tablet
U0621,P0452,add_to_cart,2026-03-25 14:00:18,S64875,tablet
U0938,P0355,view,2026-02-24 14:29:09,S54939,web
U0464,P0413,view,2026-02-06 15:01:39,S88974,tablet
U0908,P0384,add_to_cart,2026-04-19 19:56:42,S51144,tablet
U0755,P0479,view,2026-02-14 07:38:07,S91810,tablet
U0298,P0352,add_to_cart,2026-04-16 04:49:49,S95208,mobile
U0516,P0278,add_to_cart,2026-04-20 04:12:06,S56168,tablet
U0492,P0299,purchase,2026-04-16 19:26:19,S47477,web
U0828,P0007,click,2026-01-23 13:52:01,S29048,mobile
U0687,P0029,view,2026-02-23 05:51:34,S47567,tablet
U0257,P0075,click,2026-04-18 10:44:44,S36738,tablet
U0034,P0184,purchase,2026-02-02 22:25:54,S98542,tablet
U0576,P0443,view,2026-04-12 20:26:06,S60972,mobile
U0524,P0402,add_to_cart,2026-04-18 01:42:37,S60014,web
U0427,P0490,add_to_cart,2026-03-31 01:57:31,S11699,tablet
U0258,P0104,purchase,2026-02-17 23:04:31,S94886,web
U0774,P0302,view,2026-02-13 10:42:38,S68827,mobile
U0700,P0039,view,2026-02-11 18:42:30,S25643,web
U0042,P0220,add_to_cart,2026-04-01 09:37:14,S27048,mobile
U0599,P0434,add_to_cart,2026-01-20 12:02:07,S71122,tablet
U0960,P0080,click,2026-02-08 11:44:47,S88234,mobile
U0793,P0478,add_to_cart,2026-03-23 20:51:01,S82110,web
U0075,P0402,add_to_cart,2026-03-28 08:00:30,S34100,tablet
U0070,P0403,view,2026-03-14 19:46:22,S80390,web
U0095,P0179,view,2026-02-16 12:05:00,S53393,web
U0301,P0112,purchase,2026-04-01 23:38:25,S11153,mobile
U0685,P0178,purchase,2026-02-19 23:23:02,S90439,tablet
U0250,P0491,click,2026-04-17 11:41:05,S59987,mobile
U0396,P0132,add_to_cart,2026-01-23 18:49:06,S59146,desktop
U0823,P0261,purchase,2026-03-23 01:35:47,S48854,tablet
U0198,P0165,click,2026-02-01 06:05:40,S80513,tablet
U0008,P0321,click,2026-02-15 22:55:11,S37941,tablet
U0435,P0428,click,2026-02-15 19:34:44,S67047,tablet
U0837,P0482,click,2026-04-17 05:35:52,S13113,web
U0735,P0170,click,2026-01-31 02:40:00,S17113,mobile
U0814,P0129,click,2026-04-03 08:17:17,S43901,web
U0398,P0231,purchase,2026-03-16 11:31:11,S12213,web
U0690,P0061,click,2026-04-12 22:30:48,S18288,desktop
U0600,P0024,click,,S23911,smart_tv
U0806,P0352,add_to_cart,2026-04-07 03:08:58,S46899,web
U0391,P0203,click,2026-03-21 05:41:29,S79922,mobile
U0140,P0383,purchase,2026-03-30 10:44:23,S93105,mobile
U0306,P0347,add_to_cart,,S82754,mobile
U0127,P0022,click,2026-04-03 21:43:24,S61653,tablet
U0561,P0485,click,,S55069,mobile
U0423,P0464,view,2026-02-09 06:41:56,S38939,tablet
U0855,P0130,view,2026-02-03 06:36:10,S97946,tablet
U0873,P0028,purchase,2026-04-12 20:00:45,S19587,web
U0688,P0035,add_to_cart,2026-02-01 07:11:15,S86099,web
U0975,P0170,add_to_cart,2026-02-05 23:51:54,S40740,mobile
U0292,P0318,click,2026-02-13 11:34:12,S73682,web
U0337,P0316,add_to_cart,2026-04-18 21:16:08,S29974,tablet
U0581,P0187,add_to_cart,2026-03-15 06:08:23,S10633,web
U0253,P0403,view,2026-04-12 15:52:43,S46264,web
U0138,P0348,add_to_cart,2026-03-22 16:51:06,S68373,web
U0794,P0157,purchase,2026-03-31 03:57:44,S33038,tablet
U0622,P0042,add_to_cart,2026-02-06 19:36:37,S35746,web
U0752,P0454,click,2026-01-29 00:40:41,S76476,tablet
U0032,P0417,purchase,2026-04-05 07:44:46,S14804,tablet
U0267,,purchase,2026-04-13 05:24:41,S57948,web
U0229,P0457,add_to_cart,2026-02-06 16:55:09,S75683,tablet
U0093,P0204,add_to_cart,2026-03-25 00:23:08,S96858,mobile
U0869,P0494,view,2026-03-26 05:06:38,S68487,mobile
U0184,P0290,view,2026-03-22 13:03:48,S15297,mobile
U0780,P0250,view,2026-01-28 09:37:29,S58422,mobile
U0044,P0343,view,2026-03-27 13:09:09,S60868,web
U0940,P0233,click,2026-01-25 23:36:43,S52476,mobile
U0721,P0496,add_to_cart,2026-02-22 21:04:02,S81349,tablet
U0179,P0193,purchase,2026-03-07 21:23:48,S95634,mobile
U0530,P0129,purchase,2026-02-17 18:48:01,S63194,web
U0837,P0445,add_to_cart,2026-03-23 17:33:11,S89195,mobile
U0514,P0452,view,2026-03-17 06:01:46,S40145,mobile
U0527,P0330,add_to_cart,2026-02-16 05:28:12,S34498,mobile
,P0309,click,2026-04-14 08:23:11,S64344,web
U0738,P0059,purchase,2026-04-16 17:25:59,S72786,mobile
U0605,P0083,purchase,2026-01-22 08:52:18,S15655,mobile
U0588,P0304,view,2026-02-06 22:55:15,S77193,mobile
U0913,P0294,view,2026-01-27 06:03:22,S43850,mobile
U0530,P0491,purchase,2026-04-06 20:31:12,S93574,mobile
U0900,P0369,add_to_cart,2026-01-30 07:53:09,S68877,tablet
U0483,P0445,purchase,2026-02-10 07:59:12,S63840,tablet
U0147,P0407,view,2026-04-09 18:35:52,S44671,mobile
U0742,P0352,add_to_cart,2026-03-19 21:43:08,S87410,mobile
,P0194,purchase,2026-02-05 03:57:10,S12170,mobile
U0536,P0441,purchase,2026-02-08 22:02:45,S22622,mobile
U0488,P0462,click,2026-03-29 18:19:32,S25403,
U0494,P0338,view,2026-04-07 19:38:05,S10157,tablet
U0665,P0221,purchase,2026-03-08 01:34:53,S79444,web
U0235,P0481,purchase,2026-03-09 12:45:43,S87207,tablet
U0930,P0390,click,2026-03-15 04:52:28,S43360,web
U0785,P0120,click,2026-02-25 21:46:59,S81267,web
U0264,P0097,click,2026-04-20 00:15:32,S85757,tablet
U0121,P0267,click,2026-03-09 23:49:52,S36924,tablet
U0824,P0162,purchase,2026-03-07 03:52:50,S30287,web
U0668,P0300,add_to_cart,2026-02-22 19:31:08,S65517,tablet
U0375,P0314,add_to_cart,2026-04-17 14:28:15,S36698,web
U0566,P0402,purchase,2026-02-11 13:28:44,S83281,tablet
U0496,P0130,add_to_cart,2026-04-03 12:32:15,S62183,tablet
U0142,P0438,click,2026-02-18 16:15:36,S31206,mobile
U0220,P0261,purchase,2026-03-04 20:02:45,S90481,tablet
U0701,P0362,click,2026-02-09 14:10:00,S93345,mobile
U0824,P0047,view,2026-03-21 21:51:15,S67065,mobile
U0066,P0135,view,,S89826,mobile
U0742,P0197,purchase,2026-04-08 23:53:26,S78289,web
U0729,,click,2026-02-11 23:18:44,S74797,web
U0011,P0104,add_to_cart,2026-02-13 01:13:25,S88579,tablet
U0529,P0358,view,2026-04-08 06:10:14,S98345,mobile
U0369,P0123,click,2026-02-09 03:09:42,S46167,web
U0362,P0343,purchase,2026-03-12 21:20:18,S36255,tablet
U0016,P0378,click,2026-01-31 20:00:36,S47289,tablet
U0850,P0287,add_to_cart,2026-03-05 10:04:02,S39661,tablet
U0987,P0100,purchase,2026-03-12 20:55:54,S10609,web
U0180,P0209,click,2026-04-01 02:38:07,S75951,web
U0349,P0485,click,,S80504,tablet
U0257,P0356,purchase,2026-03-09 20:30:15,S73390,mobile
U0776,P0174,purchase,2026-04-17 16:46:27,S86916,mobile
U0494,P0060,add_to_cart,2026-01-28 13:55:57,S93055,mobile
U0694,P0360,view,2026-03-01 15:00:57,S56281,tablet
U0549,P0005,add_to_cart,2026-02-20 10:27:35,S22190,web
U0690,P0384,add_to_cart,2026-01-29 20:11:26,S33394,web
,P0182,view,2026-04-03 09:47:48,S33957,tablet
U0700,P0477,view,2026-03-24 07:16:10,S40783,tablet
U0248,P0447,add_to_cart,2026-02-15 08:20:42,S36577,mobile
U0857,P0317,add_to_cart,2026-02-08 03:53:03,S25712,mobile
U0693,P0490,purchase,2026-04-08 00:14:28,S80972,mobile
U0869,P0247,add_to_cart,2026-04-09 11:29:02,S74532,tablet
U0890,P0141,purchase,2026-02-12 18:36:35,S46735,web
U0228,P0385,view,2026-01-26 19:08:29,S65466,web
U0963,P0277,click,2026-03-25 12:38:39,S61605,tablet
U0795,P0090,purchase,2026-02-04 18:52:02,S70302,web
U0706,P0005,click,2026-04-16 07:40:23,S59732,tablet
U0104,P0167,add_to_cart,2026-04-08 09:27:19,S34530,tablet
U0270,P0122,add_to_cart,2026-03-21 22:19:18,S54970,web
U0189,P0256,purchase,2026-02-15 15:15:31,S58799,web
U0875,P0206,add_to_cart,2026-03-18 06:32:58,S84895,mobile
U0590,P0352,view,2026-02-01 09:49:42,S40907,tablet
U0443,P0439,purchase,2026-02-14 05:18:36,S29601,web
U0826,P0005,view,2026-03-14 18:11:23,S27625,tablet
U0530,P0274,add_to_cart,2026-03-23 10:55:26,S42895,tablet
,P0291,click,2026-03-11 03:36:12,S31409,mobile
U0221,P0417,add_to_cart,2026-03-21 22:55:57,S22622,web
U0763,P0172,add_to_cart,2026-03-07 13:07:06,S83446,tablet
U0955,P0415,add_to_cart,2026-03-05 00:43:19,S63970,mobile
U0360,P0445,view,2026-04-03 20:58:03,S95179,tablet
U0552,P0090,add_to_cart,2026-03-06 11:50:10,S98236,tablet
U0500,P0397,purchase,2026-01-30 13:52:27,S90434,web
U0475,P0324,view,2026-02-10 23:19:22,S54222,web
U0647,P0314,purchase,2026-01-29 02:52:49,S31233,web
U0234,P0161,add_to_cart,2026-04-13 10:36:28,S45058,console
U0661,P0203,add_to_cart,2026-03-17 13:13:20,S86928,tablet
U0989,P0231,purchase,2026-02-10 06:41:42,S13027,mobile
U0746,P0121,add_to_cart,2026-04-19 02:54:54,S37600,mobile
U0407,P0053,click,2026-01-28 17:13:41,S81884,mobile
U0027,P0395,purchase,2026-03-28 03:01:51,S23622,web
U0633,P0080,click,2026-04-13 14:11:37,S50549,mobile
U0254,P0378,add_to_cart,2026-03-17 22:48:34,S26569,mobile
U0540,P0430,view,2026-01-23 01:16:47,S96972,web
U0882,P0469,add_to_cart,2026-03-21 17:00:35,S80855,web
U0562,P0228,view,2026-04-19 19:38:05,S33204,tablet
U0612,P0234,purchase,2026-03-28 23:17:38,S93824,tablet
U0318,P0466,add_to_cart,2026-03-22 19:38:55,S39770,mobile
U0453,P0158,add_to_cart,2026-03-13 09:27:33,S30410,web
U0011,P0001,view,2026-03-05 10:26:26,S71498,tablet
U0009,P0353,purchase,2026-03-22 10:54:30,S11197,web
U0818,P0150,view,2026-01-20 19:57:35,S58974,mobile
U0422,P0452,purchase,2026-03-11 09:05:54,S31400,tablet
U0755,P0331,purchase,2026-03-09 08:01:53,S44469,mobile
U0433,P0321,view,2026-03-27 22:19:35,S99737,web
U0292,P0333,add_to_cart,2026-03-13 06:50:41,S18973,mobile
,P0149,click,2026-04-11 16:34:42,S90967,web
U0279,P0359,purchase,2026-02-13 11:40:27,S12542,mobile
U0051,,click,2026-02-12 03:43:25,S46977,web
U0129,P0367,purchase,2026-01-21 08:28:34,S21822,mobile
U0016,P0253,view,2026-03-04 15:18:02,S50838,web
U0381,P0238,click,2026-03-03 02:55:15,S29148,mobile
U0273,P0398,purchase,2026-01-29 19:46:37,S71623,mobile
U0197,P0459,add_to_cart,2026-03-09 00:27:33,S25985,tablet
U0255,P0198,purchase,2026-02-20 01:13:12,S36106,web
U0753,P0395,click,2026-03-27 07:35:21,S71974,web
U0698,P0493,add_to_cart,2026-03-02 05:46:29,S92465,tablet
U0044,P0382,click,2026-02-21 17:31:15,S93692,web
U0204,P0185,click,2026-04-15 07:55:45,S24801,mobile
U0649,P0223,add_to_cart,2026-01-21 06:05:36,S46188,tablet
U0123,P0203,view,2026-01-21 01:31:44,S86162,tablet
U0487,P0353,view,2026-03-08 03:15:28,S42600,mobile
U0512,P0047,add_to_cart,2026-04-10 02:11:11,S17834,web
U0661,P0079,click,2026-02-05 17:45:42,S40497,web
U0572,P0404,add_to_cart,2026-03-17 07:01:32,S12798,tablet
U0387,P0184,view,2026-02-21 01:26:15,S73609,tablet
U0449,P0287,add_to_cart,2026-03-30 17:50:37,S34874,tablet
U0192,,add_to_cart,2026-03-02 17:03:13,S46087,tablet
U0937,P0441,view,2026-01-28 19:20:17,S30319,web
U0303,P0420,add_to_cart,2026-03-30 13:21:58,S69517,mobile
U0795,P0327,purchase,2026-02-12 00:40:53,S91229,web
U0795,P0318,view,2026-03-02 02:18:22,S96283,tablet
U0839,P0199,view,2026-03-28 18:06:54,S82281,mobile
U0628,P0145,add_to_cart,2026-03-13 23:20:04,S52208,mobile
U0099,,click,2026-01-25 04:43:29,S33414,mobile
U0207,P0055,purchase,2026-02-13 03:35:43,S14170,tablet
U0658,P0429,purchase,2026-04-14 17:50:13,S78920,tablet
U0719,P0303,add_to_cart,2026-01-26 13:20:18,S38930,tablet
U0736,P0037,click,2026-02-15 23:52:30,S74409,mobile
,P0411,click,2026-03-07 20:19:00,S64519,web
U0814,P0363,click,2026-04-08 09:40:40,S79339,mobile
U0752,P0037,add_to_cart,2026-01-29 07:51:38,S78089,mobile
U0104,P0372,view,2026-03-29 14:01:46,S34832,mobile
U0539,P0337,view,2026-04-02 22:46:02,S33448,tablet
U0768,P0286,purchase,2026-02-02 23:15:05,S85571,web
,P0235,purchase,2026-02-02 06:04:24,S33644,tablet
U0412,P0259,add_to_cart,2026-04-14 05:45:32,S79979,tablet
U0454,P0478,add_to_cart,2026-03-01 20:01:40,S52553,web
U0423,P0392,purchase,2026-03-02 22:09:05,S41551,tablet
U0559,P0110,purchase,2026-03-31 09:15:03,S57187,web
U0459,P0492,purchase,2026-01-20 01:15:43,S47287,tablet
U0017,P0266,view,2026-02-27 00:14:20,S49365,mobile
U0220,P0439,add_to_cart,2026-01-22 10:02:50,S82569,tablet
U0570,P0293,view,2026-02-01 01:22:26,S70341,web
U0160,P0071,add_to_cart,2026-03-07 21:11:44,S42749,mobile
U0263,P0416,add_to_cart,2026-01-31 20:46:14,S62402,tablet
,P0112,click,2026-03-02 17:34:06,S32662,web
U0846,P0461,click,2026-04-06 23:23:01,S49373,mobile
U0749,P0414,purchase,2026-01-30 02:02:09,S53829,web
U0901,P0419,purchase,2026-03-14 04:23:19,S39716,tablet
U0669,P0435,click,2026-04-11 23:01:02,S60133,mobile
U0313,P0269,click,2026-03-01 19:39:29,S84044,mobile
U0335,P0258,view,2026-02-08 01:50:21,S98294,tablet
U0403,P0498,purchase,2026-04-06 20:56:39,S76155,mobile
U0228,P0222,add_to_cart,2026-03-11 05:23:20,S27326,web
U0085,P0244,click,2026-03-31 14:32:02,S44413,mobile
U0409,P0257,purchase,2026-04-19 04:44:48,S27677,web
U0573,P0102,purchase,2026-03-11 23:44:51,S84885,mobile
U0575,P0316,view,2026-02-20 02:36:30,S44898,web
U0332,P0351,click,2026-02-03 15:03:29,S65514,web
U0357,P0098,add_to_cart,2026-03-05 21:37:20,S95905,mobile
U0789,P0157,view,2026-03-05 22:26:09,S67961,tablet
U0150,P0226,click,2026-02-18 07:16:13,S99831,web
U0160,P0388,click,2026-02-03 01:59:08,S41856,tablet
U0949,P0076,add_to_cart,2026-01-21 12:29:53,S24585,web
U0461,P0242,click,2026-03-03 07:36:35,S80517,mobile
U0209,P0280,add_to_cart,2026-03-31 17:35:11,S91663,tablet
U0145,P0356,click,2026-03-09 21:13:35,S96969,tablet
U0045,P0131,view,2026-01-27 10:20:26,S36305,tablet
U0633,P0139,click,2026-03-20 23:50:20,S11092,mobile
U0398,P0339,add_to_cart,2026-04-14 13:06:54,S24141,mobile
U0300,P0445,purchase,2026-02-18 13:51:39,S76655,tablet
U0102,P0463,add_to_cart,2026-03-23 21:44:23,S79672,mobile
U0191,P0102,purchase,2026-04-01 00:46:56,S15210,mobile
U0945,P0272,add_to_cart,2026-03-03 17:50:16,S61563,tablet
U0161,P0010,add_to_cart,2026-04-17 12:48:45,S56580,tablet
U0310,P0121,add_to_cart,2026-01-27 22:47:03,S43774,web
U0912,P0418,click,2026-04-01 10:12:05,S39567,mobile
U0350,P0460,purchase,2026-04-14 04:59:51,S21507,tablet
U0392,P0267,view,2026-03-14 08:45:04,S85090,mobile
U0437,P0497,add_to_cart,2026-04-07 11:59:20,S68873,tablet
U0135,P0106,view,2026-04-04 19:42:36,S99659,mobile
U0884,P0071,add_to_cart,2026-04-18 19:04:16,S27727,web
U0931,P0500,view,2026-04-13 20:33:55,S30715,web
U0070,P0286,click,2026-02-12 11:33:48,S29073,tablet
U0031,P0392,add_to_cart,2026-03-13 14:58:23,S49760,console
U0764,P0479,add_to_cart,2026-02-08 06:50:32,S23994,mobile
U0190,P0014,add_to_cart,2026-04-07 20:38:43,S90263,mobile
U0611,P0119,view,2026-04-17 00:56:58,S57089,mobile
U0705,P0400,purchase,2026-02-06 18:17:20,S89260,web
U0730,P0333,add_to_cart,2026-02-12 14:06:25,S74414,web
U0141,P0084,view,2026-02-17 01:10:24,S63554,mobile
U0948,P0139,purchase,2026-02-17 07:23:05,S36812,mobile
U0182,P0475,purchase,2026-04-08 17:50:17,S52584,web
U0909,P0127,purchase,2026-03-12 01:31:22,S89682,tablet
U0845,P0195,add_to_cart,2026-03-11 22:15:51,S84964,tablet
U0550,P0269,click,2026-03-27 03:58:48,S69193,web
U0847,P0450,click,2026-02-20 18:53:07,S80499,web
U0753,P0021,purchase,2026-03-27 22:57:40,S16461,mobile
U0299,P0226,purchase,2026-02-27 10:24:35,S70469,mobile
U0433,P0151,click,2026-04-18 18:49:20,S28643,web
U0850,P0331,purchase,2026-01-31 18:13:42,S24833,mobile
U0798,P0300,view,2026-03-11 15:03:26,S52396,web
U0026,P0092,purchase,2026-04-05 07:21:07,S69596,mobile
U0257,P0166,view,2026-02-04 03:19:12,S24963,tablet
U0461,P0325,add_to_cart,2026-01-30 19:04:17,S60343,tablet
U0811,P0500,view,2026-03-09 20:02:14,S59886,mobile
U0787,P0088,add_to_cart,2026-04-02 05:27:52,S31249,mobile
U0184,P0394,click,2026-03-14 11:12:58,S50569,tablet
U0788,P0493,purchase,2026-02-25 22:48:30,S33684,mobile
U0921,P0068,view,,S43175,mobile
U0470,P0255,purchase,,S89689,web
U0244,P0112,purchase,2026-03-19 14:55:59,S67917,mobile
U0616,P0308,click,2026-02-20 19:55:41,S46452,tablet
U0644,P0286,view,2026-01-26 06:43:47,S29432,mobile
U0669,P0179,click,2026-02-07 01:10:50,S97424,tablet
U0859,P0309,add_to_cart,2026-03-03 03:11:35,S16426,mobile
U0427,P0092,view,2026-04-16 10:21:14,S90096,tablet
U0709,P0359,view,2026-03-19 21:04:46,S57210,mobile
U0096,P0394,add_to_cart,2026-03-02 13:25:09,S59668,mobile
U0777,P0219,click,2026-02-26 17:08:30,S27635,mobile
U0712,P0441,add_to_cart,2026-03-03 19:11:21,S64232,tablet
U0215,P0357,view,2026-04-08 02:07:06,S24326,tablet
U0748,P0323,click,2026-03-22 22:01:09,S47642,web
U0624,P0435,add_to_cart,2026-02-22 19:07:44,S85385,tablet
U0363,P0475,view,2026-04-08 20:29:05,S75063,tablet
U0747,P0324,purchase,2026-03-24 06:33:00,S89876,mobile
U0726,P0149,view,2026-01-20 04:18:13,S13143,web
U0641,P0408,click,2026-02-15 22:24:09,S64346,web
U0047,P0171,add_to_cart,2026-04-01 23:12:38,S37831,mobile
U0656,P0104,add_to_cart,2026-02-21 02:28:11,S50340,web
U0519,P0282,add_to_cart,2026-01-20 04:08:40,S99893,web
U0350,P0203,click,2026-02-11 07:03:50,S53321,web
U0945,P0345,purchase,2026-03-21 01:17:40,S94626,mobile
U0494,P0080,purchase,2026-03-29 12:12:03,S70616,web
U0951,P0381,click,2026-03-27 10:53:55,S84048,tablet
U0695,P0162,click,2026-02-15 21:01:20,S99848,web
U0819,P0470,add_to_cart,2026-01-28 05:26:09,S46760,mobile
U0348,P0193,view,2026-04-03 22:03:08,S61061,mobile
U0610,P0060,add_to_cart,2026-04-20 11:27:02,S14145,web
U0424,P0045,purchase,2026-02-19 13:31:44,S69232,web
U0222,P0269,add_to_cart,2026-02-11 04:05:10,S59049,mobile
U0797,P0104,click,2026-03-17 18:25:21,S13268,web
U0927,P0257,view,2026-02-13 12:22:59,S73369,tablet
U0895,P0269,add_to_cart,,S22878,tablet
U0693,P0068,view,2026-01-24 16:43:30,S60801,tablet
U0886,P0268,click,2026-01-20 11:19:20,S15771,tablet
U0869,P0305,click,2026-03-03 16:59:54,S16047,mobile
U0534,P0393,add_to_cart,2026-01-22 21:01:41,S50913,tablet
U0914,P0108,add_to_cart,2026-02-14 07:00:37,S47560,web
U0546,P0164,purchase,2026-04-15 04:17:00,S45737,mobile
U0162,P0141,click,2026-01-21 22:40:50,S83351,tablet
U0105,P0106,add_to_cart,2026-03-31 11:35:44,S45527,mobile
U0966,P0361,add_to_cart,2026-04-03 08:54:49,S32449,mobile
U0319,P0314,add_to_cart,2026-03-30 16:09:09,S16648,mobile
U0030,P0242,click,2026-02-02 13:57:59,S17051,mobile
U0437,P0201,view,2026-04-20 21:42:14,S87693,tablet
U0857,P0354,purchase,2026-04-08 12:56:52,S50952,web
U0838,P0102,click,2026-03-20 20:40:21,S27274,mobile
U0833,P0411,purchase,2026-02-01 16:35:14,S50683,tablet
U0660,P0364,purchase,2026-03-21 08:26:08,S39333,mobile
U0882,P0459,add_to_cart,2026-03-07 14:16:30,S34032,tablet
U0940,P0341,add_to_cart,2026-03-02 16:30:12,S73898,mobile
U0067,P0244,click,2026-03-05 17:25:37,S70455,mobile
U0290,P0394,add_to_cart,2026-04-07 20:55:24,S26697,tablet
U0106,P0208,click,2026-03-02 20:14:55,S95124,mobile
U0812,P0155,purchase,2026-03-12 21:30:02,S64190,mobile
U0636,P0125,view,2026-03-22 13:58:27,S18658,web
U0214,P0417,purchase,2026-03-16 20:39:05,S54852,tablet
U0711,P0121,view,2026-04-14 02:50:09,S85260,web
U0118,P0304,purchase,2026-03-02 20:12:36,S22799,web
U0181,P0158,purchase,2026-01-28 21:46:55,S24253,tablet
U0834,P0306,purchase,2026-03-02 17:59:48,S94540,tablet
U0063,P0047,view,2026-02-06 21:08:42,S93379,mobile
U0776,P0076,view,2026-03-18 19:20:32,S48207,web
U0631,P0296,purchase,2026-02-14 07:29:16,S99327,web
U0307,P0292,add_to_cart,2026-03-16 12:32:03,S21703,tablet
U0009,P0314,purchase,2026-02-05 10:42:39,S18180,web
U0923,P0282,click,2026-01-20 20:23:24,S57086,mobile
U0882,P0145,click,2026-02-19 15:43:05,S87353,web
U0641,P0163,purchase,2026-03-12 13:53:32,S67041,smart_tv
U0217,P0340,view,2026-03-21 05:03:48,S34671,tablet
U0394,P0432,add_to_cart,2026-03-14 05:37:00,S47810,tablet
U0129,P0069,click,2026-01-29 23:36:25,S12058,mobile
U0739,P0454,purchase,2026-04-14 15:54:03,S27796,mobile
U0141,P0329,purchase,2026-03-19 22:00:23,S65797,tablet
U0185,P0233,purchase,2026-03-31 16:23:08,S60425,web
U0232,P0096,purchase,2026-04-07 00:16:13,S85751,web
U0868,P0375,view,2026-03-25 09:48:11,S63849,tablet
U0591,P0188,click,2026-01-24 20:41:08,S73342,tablet
U0378,P0058,purchase,2026-04-18 02:54:54,S28623,tablet
U0749,P0270,add_to_cart,2026-03-20 18:49:17,S20254,tablet
U0912,P0313,click,2026-02-20 17:12:05,S92662,tablet
U0680,P0492,click,2026-04-17 23:04:18,S80673,tablet
U0320,P0314,click,2026-03-04 19:28:47,S11413,web
,P0263,purchase,2026-04-03 12:04:12,S65183,web
U0984,P0409,add_to_cart,2026-02-26 06:05:55,S14630,tablet
U0946,P0306,add_to_cart,2026-04-02 09:28:56,S18050,tablet
U0485,P0297,view,,S96025,web
U0829,P0378,click,2026-02-25 17:38:58,S20814,mobile
U0518,P0040,add_to_cart,2026-02-21 04:49:32,S90713,web
U0282,P0440,add_to_cart,2026-01-21 04:03:41,S89144,mobile
U0932,P0303,view,2026-04-14 16:15:43,S58466,mobile
U0268,P0401,view,2026-03-23 06:34:59,S79125,mobile
U0352,P0044,view,2026-04-06 05:36:44,S75004,web
U0789,P0197,view,2026-04-14 16:01:35,S93568,mobile
U0216,P0296,add_to_cart,2026-01-26 23:23:02,S44654,mobile
U0054,P0086,purchase,2026-03-12 17:20:20,S49500,web
U0765,P0486,view,2026-03-09 14:12:07,S72205,
U0149,P0272,purchase,2026-01-21 10:30:52,S68827,web
U0695,P0162,click,2026-02-01 19:20:37,S93548,web
U0980,P0433,purchase,2026-04-08 23:44:27,S45728,web
U0277,P0137,click,2026-02-21 23:49:26,S86569,web
U0473,P0396,view,2026-04-16 21:26:05,S35549,tablet
U0346,P0347,view,2026-03-01 19:56:16,S11386,tablet
U0009,P0426,click,2026-01-21 14:58:23,S22805,tablet
U0107,P0351,purchase,2026-03-05 07:59:19,S47132,web
U0198,P0018,click,2026-04-09 03:20:50,S17455,tablet
U0673,P0458,view,2026-04-06 23:13:54,S25963,tablet
U0981,P0062,click,2026-04-07 04:43:47,S59277,tablet
U0783,P0461,view,2026-02-03 06:42:31,S43205,web
U0479,P0339,click,2026-04-11 16:30:33,S46226,web
U0709,P0463,add_to_cart,2026-02-21 05:53:49,S19698,web
U0796,P0032,purchase,2026-03-10 12:06:41,S17872,web
U0979,P0417,add_to_cart,2026-02-11 16:02:27,S19096,web
U0951,P0103,purchase,2026-02-11 23:30:04,S74494,mobile
U0148,P0277,purchase,2026-02-16 22:21:13,S94323,mobile
U0935,P0227,add_to_cart,2026-02-02 01:16:09,S19557,mobile
U0586,P0373,add_to_cart,2026-03-18 00:40:59,S75234,mobile
U0669,P0328,click,2026-01-24 14:13:01,S44922,mobile
U0717,P0169,purchase,2026-04-03 00:08:05,S77552,tablet
U0963,P0395,purchase,2026-03-22 15:52:34,S62941,tablet
U0800,P0416,click,2026-03-30 08:13:22,S10433,web
U0978,P0353,purchase,2026-02-04 20:39:09,S80163,web
U0342,P0350,add_to_cart,2026-03-12 02:00:34,S92873,tablet
U0093,P0188,add_to_cart,2026-01-30 16:44:05,S48005,tablet
U0208,P0091,click,2026-03-10 06:57:15,S49173,tablet
U0400,P0459,click,2026-04-10 13:04:49,S73766,mobile
U0907,P0324,purchase,2026-02-13 05:05:42,S14679,mobile
,P0369,view,2026-03-23 14:09:16,S18256,tablet
U0659,P0158,purchase,2026-03-29 16:21:31,S12151,mobile
U0348,P0029,add_to_cart,2026-01-25 14:45:50,S25491,mobile
U0827,P0335,purchase,2026-04-16 19:32:08,S29523,tablet
U0594,P0120,click,2026-01-24 05:09:18,S74080,tablet
U0020,P0242,click,2026-02-20 23:37:17,S27109,mobile
U0177,P0324,click,2026-02-28 03:32:32,S69793,tablet
U0175,P0428,click,2026-02-02 04:09:25,S75161,tablet
U0819,P0316,view,2026-01-28 07:22:40,S65864,web
U0831,P0428,purchase,2026-03-02 04:23:53,S99664,tablet
U0559,P0071,add_to_cart,2026-02-16 01:39:35,S87736,mobile
U0344,P0033,click,2026-02-24 05:08:32,S64415,mobile
U0714,P0190,view,2026-03-17 08:52:14,S86282,mobile
,P0052,purchase,2026-02-09 00:34:08,S73827,mobile
U0007,P0004,view,2026-01-31 23:43:46,S87821,web
U0427,P0356,purchase,2026-04-18 04:37:12,S37021,mobile
,P0139,purchase,2026-03-13 08:42:39,S32878,tablet
U0709,P0020,view,2026-03-24 22:17:02,S21537,tablet
U0847,P0401,add_to_cart,2026-03-05 15:14:51,S10599,tablet
U0242,P0099,click,2026-03-28 03:29:01,S91123,web
U0884,P0390,view,2026-03-20 22:48:31,S96419,mobile
U0284,P0028,view,2026-02-03 05:25:58,S99816,web
U0510,P0091,view,2026-04-15 01:34:11,S17081,tablet
U0373,P0146,view,2026-03-16 09:09:09,S53816,tablet
U0825,P0456,purchase,2026-01-25 03:48:06,S16875,tablet
U0181,P0081,click,2026-03-23 18:44:49,S25212,mobile
U0917,P0121,purchase,2026-04-05 21:06:30,S52725,web
U0204,P0383,add_to_cart,2026-02-18 04:00:35,S52746,mobile
U0101,P0122,purchase,2026-02-14 13:40:21,S38922,mobile
U0483,P0300,purchase,2026-01-26 15:52:09,S28997,mobile
U0951,P0313,purchase,2026-02-11 14:06:08,S58953,mobile
U0469,P0369,view,2026-04-10 13:03:21,S45349,mobile
U0344,P0066,click,2026-04-18 20:42:16,S17818,web
U0140,P0057,purchase,2026-03-19 15:13:37,S32439,web
U0226,P0454,add_to_cart,2026-04-07 05:42:30,S93623,tablet
U0928,P0088,view,2026-01-31 14:59:21,S78389,web
U0883,P0111,purchase,2026-03-20 10:09:51,S11901,tablet
U0439,P0377,view,2026-02-20 11:54:59,S66917,tablet
U0228,P0457,view,2026-04-03 00:11:05,S64758,mobile
U0042,P0241,click,2026-03-15 19:20:15,S61684,web
U0830,P0409,click,2026-03-18 18:01:58,S41524,mobile
U0572,P0386,click,2026-04-18 14:48:16,S38574,mobile
U0368,,view,2026-04-12 03:18:12,S12087,web
U0686,P0157,view,2026-04-20 16:43:19,S84760,tablet
U0598,P0013,purchase,,S63131,mobile
U0809,P0447,add_to_cart,2026-04-10 16:54:16,S93021,mobile
U0882,P0322,click,2026-03-10 12:07:14,S79588,mobile
U0304,P0219,add_to_cart,2026-04-19 22:18:01,S81098,tablet
U0814,P0107,click,2026-04-09 12:13:20,S17184,tablet
U0969,P0466,add_to_cart,2026-01-26 04:02:24,S60194,web
U0477,P0317,click,2026-03-07 13:20:29,S32972,tablet
U0573,P0361,click,2026-04-01 07:27:12,S28141,web
U0245,P0277,click,2026-04-13 17:25:17,S86037,tablet
U0215,P0386,view,2026-03-02 12:50:30,S45043,tablet
U0697,P0217,add_to_cart,2026-01-26 02:18:25,S58865,web
U0464,P0249,click,2026-03-21 19:21:57,S98907,tablet
U0922,P0150,purchase,2026-04-09 13:24:13,S98251,tablet
U0829,P0482,click,2026-02-13 16:40:14,S21443,mobile
U0401,P0460,view,2026-02-25 02:48:05,S24334,mobile
U0283,P0058,view,2026-03-24 05:28:46,S36772,tablet
U0975,P0322,click,2026-02-26 15:09:56,S99443,tablet
U0955,P0068,purchase,2026-03-05 15:17:47,S68177,tablet
U0661,P0011,add_to_cart,2026-02-13 02:17:30,S12888,mobile
U0855,P0486,add_to_cart,2026-03-13 21:04:11,S54930,tablet
U0662,P0403,add_to_cart,2026-03-23 21:36:12,S97274,tablet
U0543,P0432,purchase,2026-03-19 11:04:16,S84350,mobile
U0920,P0405,add_to_cart,2026-02-10 09:27:59,S39724,web
U0381,P0498,add_to_cart,2026-01-26 05:24:03,S56284,web
U0467,P0490,view,2026-04-09 05:51:15,S80165,web
U0187,P0499,view,2026-04-20 05:35:17,S31135,mobile
U0120,P0022,add_to_cart,2026-04-03 04:36:17,S67788,web
U0379,P0095,view,2026-04-01 01:15:46,S97235,web
U0353,P0076,add_to_cart,2026-03-18 19:39:21,S31311,tablet
U0309,P0063,click,2026-03-12 18:10:59,S29055,web
U0951,P0164,view,2026-01-20 19:53:04,S76507,web
U0663,P0362,add_to_cart,2026-03-21 10:33:08,S85199,tablet
U0151,P0410,purchase,2026-03-04 04:05:21,S72781,mobile
U0143,P0348,click,2026-02-28 00:54:10,S62642,tablet
U0862,P0113,purchase,2026-03-06 03:22:01,S52777,mobile
U0623,P0329,view,2026-04-04 19:10:00,S39116,web
U0201,P0012,click,2026-03-29 16:13:07,S98744,tablet
U0981,P0045,purchase,2026-02-13 17:51:26,S51649,tablet
U0620,P0262,click,2026-04-15 13:08:45,S62108,mobile
U0734,P0438,purchase,2026-03-08 14:03:28,S58867,mobile
U0292,P0177,add_to_cart,2026-02-28 16:13:22,S83535,mobile
U0221,P0373,purchase,2026-03-14 16:06:39,S47831,mobile
U0826,P0373,purchase,2026-03-14 05:04:53,S86962,tablet
U0089,P0074,view,2026-02-27 17:16:48,S78852,web
U0068,P0478,purchase,2026-01-31 00:14:27,S63668,tablet
U0937,P0140,purchase,2026-02-11 20:14:11,S70570,tablet
U0582,P0387,view,2026-02-14 06:46:20,S60039,web
U0568,P0252,click,2026-02-27 21:18:24,S49834,web
U0573,P0379,purchase,2026-02-17 00:58:37,S10320,mobile
U0269,P0154,purchase,2026-02-04 23:48:16,S97282,web
U0428,P0092,purchase,2026-04-18 23:28:33,S42079,mobile
U0123,P0392,add_to_cart,2026-03-24 02:25:45,S88497,tablet
U0371,P0298,purchase,2026-04-02 15:52:36,S43804,tablet
U0703,P0244,click,2026-03-08 18:39:37,S85400,mobile
U0866,P0133,view,2026-04-04 02:07:49,S29154,web
U0473,P0450,view,2026-03-06 05:56:45,S16932,web
U0370,P0215,add_to_cart,2026-01-26 10:33:12,S48228,tablet
U0655,P0480,click,2026-03-26 07:03:23,S92317,mobile
U0784,P0049,view,2026-03-30 11:44:44,S51446,tablet
U0820,P0155,add_to_cart,2026-04-17 13:11:56,S22561,tablet
U0594,P0181,view,2026-01-21 04:59:10,S77917,web
U0382,P0399,purchase,2026-03-13 12:23:25,S31368,mobile
U0224,P0080,view,2026-02-13 20:20:24,S90403,tablet
U0852,P0488,click,2026-03-14 16:45:57,S20013,mobile
U0839,P0068,click,2026-03-22 12:40:40,S50838,tablet
U0372,P0072,purchase,2026-04-06 19:02:46,S54832,mobile
U0727,P0156,click,2026-02-04 08:05:44,S26870,tablet
U0146,P0353,view,2026-02-28 04:33:49,S37504,mobile
U0081,P0218,click,2026-01-29 00:41:04,S73472,web
U0044,P0101,click,2026-01-24 18:41:42,S87748,mobile
U0481,P0061,add_to_cart,2026-01-25 02:24:43,S49537,tablet
U0011,P0387,click,2026-02-04 21:54:38,S36922,tablet
U0923,P0103,view,2026-04-15 12:47:56,S13835,mobile
U0150,P0434,add_to_cart,2026-04-04 12:39:51,S56163,mobile
U0876,P0257,view,2026-03-25 20:45:41,S18957,mobile
U0840,P0297,click,2026-03-28 07:54:02,S35106,web
U0176,P0462,click,2026-02-01 07:47:31,S76085,tablet
U0487,P0188,view,2026-03-17 03:54:27,S33704,web
U0389,P0218,view,2026-03-26 08:17:05,S63422,mobile
U0780,P0161,click,2026-03-20 04:00:59,S78121,mobile
U0508,P0391,add_to_cart,2026-04-20 10:29:44,S83024,tablet
U0042,P0043,add_to_cart,2026-03-24 04:12:47,S60434,web
U0468,P0308,add_to_cart,2026-04-17 16:09:50,S39605,tablet
U0418,P0149,purchase,2026-02-13 02:32:03,S72347,tablet
U0377,P0092,click,2026-04-16 17:54:01,S98092,mobile
U0406,P0225,click,2026-02-04 05:13:11,S61748,web
U0712,P0303,click,2026-02-10 02:21:21,S57672,mobile
U0347,P0103,purchase,2026-02-04 08:28:42,S65666,tablet
U0512,P0143,add_to_cart,2026-04-12 14:34:19,S56674,web
U0683,P0309,purchase,2026-03-23 18:37:12,S46554,mobile
U0787,P0233,click,2026-02-04 09:07:38,S74138,web
U0237,P0322,view,2026-01-23 03:37:35,S16927,mobile
U0511,P0348,click,2026-02-11 13:55:52,S89244,tablet
U0335,P0079,add_to_cart,2026-04-09 22:41:28,S22626,mobile
U0677,P0385,purchase,2026-03-20 07:21:07,S48477,tablet
U0510,P0252,add_to_cart,2026-03-30 12:30:38,S80848,tablet
U0019,P0488,click,,S60283,web
U0323,P0437,purchase,2026-03-17 16:44:08,S14716,mobile
U0182,P0286,add_to_cart,2026-04-20 05:58:34,S74419,web
U0138,P0160,purchase,2026-03-23 03:58:56,S84560,tablet
U0503,P0338,purchase,2026-03-21 20:28:15,S30487,tablet
U0058,P0201,add_to_cart,2026-03-24 21:31:09,S59518,tablet
U0693,P0181,add_to_cart,2026-03-02 02:14:10,S13689,tablet
U0047,P0066,add_to_cart,2026-03-05 21:15:41,S13525,tablet
U0350,P0195,click,2026-03-15 12:33:58,S56840,web
U0360,P0029,view,2026-02-20 08:32:32,S94945,web
U0607,P0044,click,2026-02-28 04:10:03,S54249,mobile
U0021,P0276,add_to_cart,2026-01-24 16:46:52,S96214,web
U0582,P0264,purchase,2026-02-23 00:44:34,S71564,tablet
U0023,P0163,purchase,2026-04-03 14:12:37,S52260,tablet
U0101,P0414,purchase,2026-02-01 07:29:48,S54035,web
U0515,P0416,add_to_cart,2026-02-10 22:23:06,S49258,web
U0993,P0224,view,2026-03-24 23:08:08,S19872,tablet
U0220,P0148,add_to_cart,2026-01-26 10:49:30,S85172,web
U0824,P0116,click,2026-04-04 03:26:56,S87576,web
U0280,P0035,purchase,2026-03-15 07:38:10,S55523,mobile
U0668,P0422,add_to_cart,2026-03-25 10:55:09,S66742,tablet
U0553,P0161,view,2026-03-14 14:38:50,S42933,tablet
U0528,P0233,view,2026-01-22 22:51:32,S77662,mobile
U0591,P0256,view,2026-04-14 17:00:49,S45118,tablet
U0546,P0415,purchase,2026-04-02 22:49:10,S17848,tablet
U0206,P0187,purchase,2026-02-07 08:45:06,S29722,tablet
U0702,P0392,add_to_cart,2026-03-16 14:56:13,S51766,mobile
U0650,P0105,purchase,2026-02-23 10:27:03,S94678,mobile
U0263,P0352,view,2026-03-12 08:40:58,S24884,mobile
U0197,P0015,view,2026-02-28 16:53:58,S73620,tablet
U0447,P0217,click,2026-02-14 05:48:07,S45744,mobile
U0030,P0133,add_to_cart,2026-04-14 20:03:02,S33066,tablet
U0873,P0022,purchase,2026-01-22 02:00:51,S21000,web
U0617,P0153,click,2026-03-13 13:13:56,S98037,tablet
U0907,P0047,purchase,2026-02-06 08:35:38,S24671,tablet
U0753,P0257,click,,S78846,web
U0509,P0453,click,2026-02-19 21:50:19,S26027,web
U0338,P0427,purchase,2026-02-19 15:23:46,S38574,mobile
U0110,P0090,view,2026-02-24 16:00:02,S63526,web
U0884,P0302,click,2026-03-23 19:25:22,S59113,tablet
U0972,P0058,add_to_cart,2026-03-30 15:25:45,S72240,tablet
U0253,P0494,add_to_cart,2026-02-07 13:12:58,S72288,tablet
U0377,P0421,add_to_cart,2026-01-22 23:29:53,S89405,mobile
U0862,P0379,click,2026-04-18 08:43:34,S43158,tablet
U0394,P0159,add_to_cart,2026-04-17 04:26:37,S80111,mobile
U0879,P0227,purchase,2026-01-21 14:18:28,S43493,web
U0093,P0480,view,2026-02-27 07:39:35,S31001,web
U0647,P0163,purchase,2026-01-24 09:58:38,S20498,web
U0483,P0378,purchase,2026-03-03 15:22:40,S23159,mobile
U0716,P0134,click,2026-03-06 15:19:24,S88920,tablet
U0833,P0281,add_to_cart,2026-03-19 00:59:44,S16828,tablet
U0657,P0095,purchase,2026-04-12 04:57:17,S10403,web
U0205,P0322,add_to_cart,2026-03-01 20:57:52,S20778,mobile
U0162,P0128,view,2026-04-06 14:56:20,S51864,web
U0490,P0448,view,2026-02-22 06:18:58,S87728,web
U0819,P0145,view,2026-01-30 15:05:28,S58182,mobile
U0403,P0449,purchase,2026-04-03 08:10:23,S12717,mobile
U0946,P0286,view,2026-01-31 16:50:10,S35987,web
U0719,P0437,view,2026-01-26 14:36:04,S91003,web
U0615,P0134,view,2026-01-31 13:23:44,S32298,tablet
U0121,P0008,purchase,2026-03-19 17:59:29,S25533,mobile
U0731,P0105,view,2026-02-23 10:29:03,S74771,web
U0134,P0221,view,2026-04-06 07:50:54,S47089,tablet
U0694,P0097,purchase,2026-02-12 14:52:26,S29129,mobile
U0298,P0500,add_to_cart,2026-02-19 22:29:20,S69110,mobile
U0379,P0299,purchase,2026-01-30 00:22:32,S71457,mobile
U0893,P0166,purchase,2026-04-17 07:43:35,S60265,tablet
U0434,P0377,add_to_cart,2026-01-29 03:28:08,S83007,mobile
U0054,P0171,view,2026-03-21 12:53:59,S89478,tablet
U0991,P0411,click,2026-01-20 09:14:07,S76131,tablet
U0391,P0155,purchase,2026-04-15 13:30:14,S27332,tablet
U0043,P0298,view,2026-02-22 06:11:04,S76027,web
U0953,P0174,purchase,2026-02-05 03:15:50,S51591,tablet
,P0222,view,2026-02-22 04:15:14,S51060,mobile
U0131,P0256,add_to_cart,2026-03-07 15:39:32,S47083,web
U0628,P0425,add_to_cart,2026-03-27 11:23:46,S67117,mobile
U0324,P0378,purchase,2026-02-08 20:13:53,S96169,tablet
U0818,P0226,click,2026-02-13 05:24:40,S17152,mobile
U0188,P0019,purchase,2026-02-22 05:57:17,S71228,web
U0119,P0459,purchase,2026-01-25 16:04:30,S56729,tablet
U0575,P0249,purchase,2026-03-24 04:05:44,S29405,mobile
U0358,P0048,view,2026-02-25 06:34:38,S32058,tablet
U0521,P0422,add_to_cart,2026-04-02 21:19:25,S37839,tablet
U0995,P0003,view,2026-03-14 02:47:50,S42264,web
U0694,P0049,add_to_cart,2026-01-23 10:21:01,S99300,tablet
U0125,P0202,add_to_cart,2026-04-05 03:51:42,S52406,mobile
U0030,P0042,purchase,2026-04-20 17:28:15,S69513,tablet
U0979,P0138,click,2026-03-03 01:35:47,S96005,tablet
U0974,,add_to_cart,2026-04-02 04:42:30,S37704,mobile
U0821,P0330,add_to_cart,2026-03-02 02:01:19,S19269,tablet
U0975,P0309,purchase,2026-01-31 14:31:19,S43444,mobile
U0246,P0495,purchase,2026-01-31 00:44:48,S37292,mobile
U0398,P0400,purchase,,S95729,mobile
U0124,P0153,purchase,2026-03-16 11:17:25,S99779,tablet
U0135,P0184,click,2026-03-08 18:39:54,S36197,web
U0457,P0454,purchase,2026-03-21 09:46:30,S83801,tablet
U0434,P0047,purchase,2026-03-08 22:21:00,S34426,web
U0646,P0219,click,2026-01-25 18:41:24,S54793,web
U0693,P0115,view,2026-03-24 19:11:51,S92517,tablet
U0538,P0043,add_to_cart,2026-03-20 15:55:25,S20378,web
U0308,P0077,view,2026-04-17 10:56:15,S42591,tablet
U0438,P0152,click,2026-03-31 02:47:11,S15910,tablet
U0111,P0262,purchase,2026-03-13 03:26:24,S70903,tablet
U0738,P0292,add_to_cart,2026-03-06 09:16:45,S86751,mobile
U0788,P0258,click,2026-02-03 16:51:10,S33534,mobile
U0864,P0202,click,2026-01-30 15:09:18,S49013,web
U0602,P0371,purchase,2026-04-15 16:22:55,S91764,web
U0350,P0495,view,2026-02-16 06:44:19,S20252,tablet
U0619,P0133,click,2026-03-16 19:27:21,S12348,mobile
U0405,P0060,click,2026-02-10 23:52:37,S72537,web
U0709,P0208,purchase,,S90837,web
U0708,P0345,purchase,2026-02-27 03:11:26,S26395,mobile
U0015,P0098,click,2026-01-22 06:51:10,S13514,mobile
U0493,P0333,view,2026-04-13 08:48:10,S67119,smart_tv
U0879,P0405,view,2026-01-31 10:57:21,S70742,mobile
U0486,P0217,click,2026-02-03 06:02:51,S29978,tablet
U0720,P0228,purchase,2026-03-21 00:42:52,S68918,tablet
U0249,P0104,add_to_cart,2026-04-02 14:15:45,S16674,web
U0009,P0053,purchase,2026-03-14 18:02:52,S85846,tablet
U0749,P0284,add_to_cart,2026-01-24 17:44:57,S62386,web
U0526,P0303,purchase,2026-02-18 02:12:36,S79246,mobile
U0433,P0296,add_to_cart,2026-03-31 02:18:44,S45107,desktop
U0428,P0456,purchase,2026-02-03 18:00:52,S91618,tablet
U0356,P0230,purchase,2026-01-22 05:52:26,S47750,tablet
U0197,P0241,add_to_cart,2026-03-17 08:27:02,S76536,mobile
U0602,P0466,add_to_cart,2026-04-07 23:55:08,S71402,mobile
U0905,P0151,purchase,2026-03-14 23:45:24,S57219,web
U0819,P0498,view,2026-04-09 07:32:39,S47022,tablet
U0768,P0045,purchase,2026-02-05 06:18:33,S36146,mobile
U0621,P0252,click,2026-03-14 17:58:33,S49800,mobile
U0215,P0286,click,2026-01-22 13:03:46,S44184,web
U0694,P0082,view,2026-03-25 01:09:50,S18344,web
U0441,P0059,view,2026-02-04 20:27:40,S39372,web
U0265,P0175,add_to_cart,2026-01-25 20:16:50,S45060,mobile
U0874,P0354,click,2026-04-20 01:50:08,S67386,web
U0986,P0431,click,2026-02-02 22:13:48,S89908,mobile
U0844,P0288,click,2026-03-25 03:50:16,S31895,tablet
U0121,P0446,view,2026-03-07 05:43:02,S48289,tablet
U0453,P0391,purchase,2026-02-01 05:37:03,S94815,web
U0343,P0420,view,2026-02-04 07:21:02,S67554,web
U0788,P0394,click,2026-02-20 17:14:44,S54737,web
U0518,,click,2026-02-23 13:33:35,S64396,web
U0645,P0341,view,2026-02-08 19:17:02,S65275,mobile
U0142,P0411,purchase,2026-03-13 14:54:08,S70129,tablet
U0814,P0350,add_to_cart,2026-01-23 16:06:49,S29082,mobile
U0735,P0413,click,2026-01-30 12:19:02,S51262,web
U0791,P0085,purchase,2026-01-27 14:19:06,S14861,tablet
U0945,P0329,view,2026-04-03 02:06:17,S92786,tablet
U0819,P0339,add_to_cart,2026-03-14 14:38:11,S99243,tablet
U0567,P0448,add_to_cart,2026-03-01 12:31:49,S11035,web
U0922,P0271,view,2026-04-19 14:42:24,S68482,tablet
U0211,P0455,purchase,2026-04-19 12:34:12,S95033,web
U0795,P0102,add_to_cart,2026-01-30 01:20:45,S80442,web
U0400,P0372,view,2026-03-27 19:41:22,S47214,mobile
U0096,P0262,add_to_cart,2026-03-27 12:24:17,S93320,mobile
U0024,P0015,add_to_cart,2026-02-19 11:03:58,S65410,tablet
U0114,,click,2026-03-08 09:27:26,S92180,tablet
U0363,P0064,click,2026-04-13 04:32:31,S68816,web
U0587,P0378,click,2026-03-19 12:20:30,S40945,tablet
U0596,P0290,view,2026-03-05 10:53:36,S47294,tablet
U0804,P0418,view,2026-03-09 18:55:13,S42457,mobile
U0336,P0265,view,2026-03-07 16:32:27,S22843,mobile
U0729,P0218,purchase,2026-01-30 03:21:31,S18151,web
U0910,P0067,purchase,2026-02-16 16:14:39,S20233,web
U0694,P0270,purchase,2026-04-05 20:21:05,S78019,web
U0893,P0136,purchase,2026-04-11 15:24:58,S67682,tablet
U0954,P0486,purchase,2026-03-14 05:55:44,S28919,tablet
U0131,P0249,purchase,2026-02-05 18:41:04,S79355,mobile
U0712,P0109,purchase,2026-03-21 01:11:13,S30557,tablet
U0379,P0472,click,2026-04-07 14:52:38,S24461,mobile
U0379,P0293,add_to_cart,2026-01-25 19:02:01,S30093,mobile
U0381,P0157,add_to_cart,2026-02-27 10:42:12,S73691,mobile
U0811,P0074,view,2026-04-05 15:21:20,S16376,web
U0911,P0146,view,,S10273,mobile
U0561,P0179,click,2026-01-25 15:12:12,S73068,tablet
U0318,P0290,purchase,2026-03-04 13:44:14,S72289,tablet
U0854,P0311,view,2026-02-06 18:22:40,S93422,web
U0780,P0231,purchase,2026-02-08 11:50:26,S21706,tablet
U0681,P0320,purchase,2026-03-10 08:28:36,S61825,web
U0554,P0024,purchase,2026-02-24 23:31:01,S21603,mobile
U0725,P0013,add_to_cart,2026-04-01 23:29:22,S26224,tablet
U0573,P0044,view,2026-04-09 19:43:39,S85609,mobile
U0981,P0292,view,2026-03-21 18:18:01,S12446,mobile
U0675,P0480,view,2026-01-22 10:00:39,S36975,mobile
U0850,P0362,purchase,2026-01-30 19:25:32,S89541,web
U0412,P0302,click,2026-03-23 00:50:49,S54558,web
U0185,P0213,click,2026-03-28 11:33:19,S60070,web
U0094,P0059,click,2026-03-30 06:07:20,S47401,mobile
U0188,P0131,click,2026-02-08 11:10:12,S63382,tablet
U0174,P0031,add_to_cart,2026-02-12 00:59:21,S17667,web
U0400,P0051,add_to_cart,2026-02-07 15:01:49,S52495,web
U0385,P0483,click,2026-01-26 07:22:29,S41407,
,P0122,purchase,2026-03-26 18:21:55,S60469,mobile
U0276,P0032,add_to_cart,2026-03-20 20:08:18,S63356,mobile
U0496,P0015,purchase,2026-04-11 08:30:36,S12440,web
U0568,P0494,click,2026-02-20 20:11:46,S95400,mobile
U0312,P0291,purchase,2026-03-18 03:03:18,S93335,tablet
U0209,P0401,view,2026-03-08 19:40:36,S32044,mobile
U0551,,purchase,2026-04-01 16:26:50,S15477,mobile
U0833,P0238,add_to_cart,2026-04-13 06:05:39,S10071,mobile
U0956,P0472,purchase,2026-02-23 21:46:03,S42884,tablet
U0390,P0180,view,2026-04-04 18:34:49,S46872,mobile
U0166,P0379,click,2026-02-27 03:15:59,S61813,tablet
U0126,P0426,view,2026-04-01 10:10:29,S66618,mobile
U0626,P0259,add_to_cart,2026-04-17 12:28:29,S93252,web
U0771,P0363,purchase,2026-02-23 08:57:14,S96805,web
U0350,P0108,purchase,2026-04-06 11:57:31,S12080,tablet
U0137,P0331,click,2026-04-07 17:20:59,S10560,mobile
U0689,P0089,purchase,2026-04-01 17:48:11,S61483,tablet
U0084,P0404,click,2026-03-29 01:07:36,S98029,web
U0689,P0064,add_to_cart,2026-03-09 21:53:35,S56919,web
U0182,P0430,click,2026-02-04 16:50:46,S58559,mobile
U0456,P0005,view,2026-01-22 10:14:08,S99201,tablet
U0367,P0099,click,2026-04-08 22:45:51,S49738,tablet
U0227,P0120,purchase,2026-03-07 01:20:22,S46799,web
U0927,P0361,view,2026-01-20 07:08:21,S93681,web
U0114,P0446,add_to_cart,2026-04-02 18:12:58,S74751,mobile
U0566,P0100,view,2026-01-28 21:24:51,S26809,tablet
U0067,P0066,add_to_cart,2026-04-02 08:17:59,S78561,tablet
U0802,P0141,view,2026-04-16 00:50:30,S98832,tablet
U0630,P0130,purchase,2026-01-20 15:33:02,S94012,tablet
U0966,P0333,click,2026-03-02 15:44:54,S63330,web
U0125,P0349,purchase,2026-03-24 13:09:38,S77797,mobile
U0906,P0370,view,2026-01-26 10:07:09,S65058,tablet
U0460,P0162,click,2026-03-11 07:05:07,S53870,mobile
U0902,P0293,click,2026-02-17 15:25:50,S19757,mobile
U0202,P0085,add_to_cart,2026-02-28 02:17:17,S92050,tablet
U0100,P0015,purchase,2026-03-16 00:52:28,S87664,tablet
U0958,P0172,add_to_cart,2026-02-20 03:55:34,S72072,mobile
U0982,P0175,click,2026-03-03 18:55:14,S41030,desktop
U0795,P0308,purchase,2026-02-01 22:46:05,S68517,tablet
U0128,P0044,click,2026-01-24 13:44:25,S51062,tablet
U0067,P0401,view,2026-01-27 16:05:23,S17181,web
U0626,P0321,purchase,2026-01-28 03:42:26,S98809,mobile
U0573,P0027,add_to_cart,2026-03-09 14:37:29,S22560,tablet
U0771,,view,2026-04-06 22:43:09,S11390,web
U0394,P0238,purchase,2026-04-09 22:32:43,S23274,web
U0667,P0481,click,2026-03-19 18:49:52,S53017,tablet
U0198,P0056,click,2026-01-21 21:40:10,S18853,tablet
,P0431,view,2026-04-03 04:35:12,S93540,tablet
U0263,P0182,purchase,2026-03-22 22:36:16,S68277,mobile
U0249,P0071,click,2026-01-27 04:38:55,S50850,tablet
U0447,P0263,add_to_cart,2026-02-28 21:15:02,S80928,mobile
U0151,P0241,add_to_cart,2026-04-07 12:29:04,S48150,web
U0994,P0005,view,2026-01-27 08:38:34,S76467,tablet
U0880,P0028,purchase,2026-03-05 07:06:52,S36263,tablet
U0931,P0104,click,2026-03-04 06:53:39,S97537,web
U0712,P0355,purchase,2026-04-06 12:03:23,S85813,tablet
U0987,P0172,add_to_cart,2026-03-14 11:57:52,S31270,mobile
U0466,P0449,click,2026-03-24 07:59:17,S10484,tablet
U0229,P0355,view,2026-03-20 22:42:58,S37936,mobile
U0493,P0377,add_to_cart,2026-03-09 07:28:31,S62469,mobile
U0846,P0004,add_to_cart,2026-01-21 02:41:04,S56908,mobile
U0569,P0059,view,2026-02-26 16:02:05,S35480,tablet
U0600,P0468,add_to_cart,2026-01-25 01:04:50,S36099,mobile
U0291,P0090,view,2026-02-22 06:20:43,S54540,tablet
U0252,P0092,view,2026-01-22 06:24:38,S44313,console
U0022,P0426,view,2026-03-09 23:50:35,S24544,web
U0959,P0108,add_to_cart,2026-03-19 08:44:36,S58449,web
U0677,P0088,purchase,2026-01-28 04:18:51,S28931,mobile
U0814,P0098,view,2026-03-29 13:46:10,S59054,web
U0614,P0220,view,2026-01-25 22:25:44,S86981,mobile
U0875,P0275,add_to_cart,2026-02-08 11:55:49,S42397,mobile
U0645,P0408,add_to_cart,2026-02-05 18:30:19,S86556,web
U0215,P0373,click,2026-03-21 22:23:14,S18503,mobile
U0521,P0199,add_to_cart,2026-03-24 18:53:32,S70852,mobile
U0330,P0365,add_to_cart,2026-03-28 17:35:46,S74853,web
U0275,P0298,purchase,2026-04-11 21:15:43,S95162,mobile
U0213,P0113,view,2026-03-18 08:32:01,S61891,mobile
U0314,P0218,purchase,2026-04-03 05:43:25,S59034,web
U0564,P0044,view,2026-01-30 10:44:32,S68262,tablet
U0361,P0118,click,2026-03-20 18:39:03,S91412,web
U0437,P0231,purchase,2026-03-16 14:53:22,S58170,web
U0325,P0140,purchase,2026-01-23 06:32:16,S67892,mobile
U0272,P0331,click,2026-03-06 03:00:02,S48603,tablet
U0526,P0280,click,2026-02-24 08:17:30,S22898,mobile
U0074,P0185,click,2026-03-30 07:17:34,S53746,mobile
U0692,P0169,add_to_cart,2026-02-27 09:59:34,S34987,tablet
U0619,P0071,add_to_cart,2026-01-21 10:54:12,S46942,web
U0802,P0207,purchase,2026-04-04 23:51:32,S11558,web
U0670,P0263,view,2026-03-11 08:17:09,S39743,tablet
U0768,P0108,purchase,2026-02-18 18:46:50,S86939,tablet
U0776,P0240,purchase,2026-03-04 03:07:35,S51035,mobile
U0440,P0395,purchase,2026-02-15 15:58:18,S68978,tablet
U0031,P0192,view,2026-04-03 04:40:22,S50051,tablet
U0010,P0256,add_to_cart,2026-03-04 08:12:35,S64938,web
U0703,P0386,purchase,2026-04-18 19:34:24,S49274,web
U0602,P0012,click,2026-02-06 05:35:44,S53286,tablet
U0645,P0410,purchase,2026-03-09 07:26:05,S61201,desktop
U0548,P0198,view,2026-03-21 03:57:19,S53101,tablet
U0986,P0232,add_to_cart,2026-01-31 06:14:28,S23672,tablet
U0567,P0091,click,2026-04-18 21:58:04,S74043,mobile
U0192,P0102,click,,S36986,mobile
U0299,P0338,click,2026-03-19 02:05:30,S58319,tablet
U0012,P0088,add_to_cart,2026-03-13 14:14:22,S30582,mobile
U0133,P0275,purchase,2026-03-22 02:30:12,S60986,mobile
U0134,P0446,view,2026-02-28 15:44:09,S97135,web
U0163,P0310,add_to_cart,2026-04-05 07:23:24,S75860,tablet
U0702,P0235,add_to_cart,2026-02-14 00:16:15,S28702,web
U0066,P0423,purchase,2026-04-07 08:59:13,S78925,web
U0933,P0292,purchase,2026-03-19 16:50:46,S85514,mobile
U0755,P0047,add_to_cart,2026-04-12 16:36:49,S55453,tablet
U0863,P0365,add_to_cart,2026-03-11 22:19:10,S32954,web
U0256,P0092,purchase,2026-03-19 14:00:18,S96386,mobile
U0716,P0292,click,2026-03-11 01:35:23,S41417,mobile
U0281,P0452,add_to_cart,2026-04-15 02:25:48,S38476,web
U0422,P0391,click,2026-03-08 02:47:11,S23791,tablet
U0785,P0400,add_to_cart,2026-03-13 16:25:05,S31605,web
U0213,P0260,click,2026-03-20 00:58:21,S19593,tablet
U0712,P0346,purchase,2026-03-09 12:30:43,S62342,mobile
U0407,P0020,click,2026-02-21 04:10:31,S27888,web
U0687,P0384,purchase,2026-03-23 16:47:50,S18943,mobile
U0562,P0337,view,2026-03-17 05:06:23,S71707,web
U0862,P0083,view,2026-01-22 22:05:59,S23174,mobile
U0302,P0064,purchase,2026-02-10 02:49:29,S98000,mobile
U0694,P0140,view,2026-03-17 13:02:15,S33322,mobile
U0732,P0018,view,2026-03-17 01:44:19,S93203,tablet
,P0340,click,2026-03-10 11:13:32,S68194,mobile
U0613,P0003,click,2026-03-09 07:20:42,S42728,web
U0931,P0123,view,2026-01-31 00:35:02,S65270,mobile
U0015,P0173,view,2026-04-17 02:18:00,S38910,mobile
U0817,P0428,view,2026-02-10 01:36:08,S64484,tablet
U0111,P0418,add_to_cart,2026-03-02 20:27:49,S92154,mobile
U0640,P0107,purchase,2026-03-15 04:23:54,S40462,mobile
U0109,P0183,add_to_cart,2026-02-11 00:32:45,S62709,tablet
U0324,P0007,purchase,2026-02-16 16:42:12,S38848,mobile
U0674,P0418,add_to_cart,2026-04-13 22:42:57,S58362,mobile
U0069,P0454,view,2026-03-13 10:58:42,S88494,web
U0105,P0365,view,2026-02-21 03:26:58,S88625,web
U0647,P0357,purchase,2026-04-16 04:50:23,S53522,mobile
U0651,P0390,add_to_cart,2026-04-15 17:33:13,S18849,web
U0019,P0312,purchase,2026-03-09 18:36:21,S93963,tablet
U0239,P0258,click,2026-02-18 00:46:20,S90786,mobile
U0317,P0122,purchase,2026-02-20 22:33:53,S20405,mobile
U0141,P0192,purchase,2026-02-26 07:21:18,S29879,web
U0210,P0329,click,2026-02-19 21:46:30,S68160,tablet
U0899,P0169,view,2026-02-24 11:33:40,S94358,mobile
U0534,P0406,purchase,2026-04-12 10:30:08,S13105,mobile
U0868,P0376,add_to_cart,2026-03-04 08:49:12,S36976,tablet
U0056,P0465,view,2026-04-17 08:05:56,S89700,web
U0534,P0165,view,2026-03-17 22:55:46,S10792,mobile
U0891,P0252,click,2026-02-13 01:53:49,S93147,mobile
U0961,P0105,view,2026-01-31 06:19:24,S87677,tablet
U0852,P0408,view,2026-02-19 18:28:29,S20245,web
U0743,P0240,add_to_cart,2026-02-10 07:11:31,S42102,web
U0181,P0311,view,2026-02-27 10:23:21,S85552,web
U0991,P0326,view,2026-02-23 17:31:08,S20487,web
U0408,P0194,view,2026-03-21 16:04:12,S65403,tablet
U0625,P0377,purchase,2026-02-08 17:32:56,S12596,web
U0438,P0438,click,2026-02-27 21:40:11,S80411,mobile
U0567,P0373,view,2026-02-21 13:51:06,S70771,web
U0465,P0146,purchase,2026-04-01 22:03:52,S73025,mobile
U0342,P0070,purchase,2026-02-14 05:38:00,S34854,mobile
U0014,P0442,add_to_cart,2026-03-23 14:43:45,S64502,web
U0994,P0381,add_to_cart,,S50345,tablet
U0603,P0037,purchase,2026-01-24 04:31:55,S60439,tablet
U0167,P0100,purchase,2026-02-21 12:41:28,S76795,tablet
U0501,P0326,add_to_cart,2026-04-19 02:06:03,S95315,web
U0949,P0218,view,2026-02-20 17:23:36,S14522,web
U0647,P0362,click,2026-04-19 23:29:45,S29383,web
U0620,P0234,view,2026-02-21 09:00:29,S88924,tablet
U0975,P0340,view,2026-01-21 04:15:00,S22098,tablet
U0729,P0470,purchase,2026-03-11 21:20:29,S20531,tablet
U0932,P0097,purchase,2026-02-10 15:32:30,S43144,tablet
U0310,P0257,purchase,2026-04-05 11:12:47,S63950,tablet
U0891,P0046,click,2026-04-11 20:50:53,S55140,mobile
U0276,P0384,view,2026-03-11 11:13:03,S10841,mobile
U0836,P0252,click,2026-02-01 02:32:34,S64767,tablet
U0427,P0336,add_to_cart,2026-03-16 06:12:45,S33121,web
U0191,P0361,view,2026-02-14 17:42:42,S33853,tablet
U0972,P0057,purchase,2026-04-02 07:44:22,S34331,mobile
U0061,P0384,view,2026-02-13 09:26:33,S63581,web
U0642,P0468,click,2026-04-11 06:02:54,S20460,web
U0088,P0194,click,2026-02-24 02:20:23,S54846,mobile
U0600,P0121,purchase,2026-03-23 03:40:13,S11246,mobile
U0273,P0385,click,2026-04-15 21:12:22,S15486,mobile
U0217,P0268,click,2026-03-09 21:57:14,S78167,web
U0955,P0249,purchase,2026-03-04 22:00:16,S66289,web
U0380,P0350,add_to_cart,2026-03-01 08:43:24,S57344,tablet
U0409,P0194,click,2026-03-06 12:01:27,S23130,mobile
U0468,P0446,purchase,2026-02-06 00:56:05,S88893,mobile
U0890,P0272,add_to_cart,2026-04-19 09:02:56,S58290,web
U0634,P0352,purchase,2026-03-26 15:02:29,S96537,mobile
U0004,P0327,add_to_cart,2026-01-22 23:04:30,S57212,mobile
U0993,P0414,add_to_cart,2026-04-16 16:10:36,S40612,tablet
U0497,P0205,click,2026-03-05 15:34:47,S72406,tablet
U0878,P0359,click,2026-03-10 10:41:57,S89583,mobile
U0730,P0074,click,2026-02-05 18:07:44,S21415,web
U0853,P0345,purchase,2026-02-10 16:14:55,S25162,web
U0679,P0277,view,2026-02-20 07:42:20,S32338,tablet
U0717,P0046,click,2026-03-16 01:03:50,S31002,web
U0925,P0197,add_to_cart,2026-02-17 09:22:47,S97285,web
U0975,,click,2026-04-15 04:56:33,S80063,tablet
U0743,P0252,click,2026-04-18 12:07:00,S39334,tablet
U0785,P0474,click,2026-04-12 12:29:47,S59415,tablet
U0761,P0377,purchase,2026-04-13 23:22:41,S83649,web
U0828,P0120,view,2026-02-22 04:12:43,S48138,mobile
U0115,P0046,add_to_cart,2026-04-05 06:51:02,S25218,tablet
U0377,P0066,add_to_cart,2026-03-09 21:00:17,S10220,web
U0064,P0303,view,2026-03-10 15:25:35,S51896,web
U0817,P0348,view,2026-03-27 21:54:15,S87434,mobile
U0110,P0203,click,2026-03-29 16:46:12,S51409,mobile
U0836,P0483,add_to_cart,2026-02-17 18:11:54,S99126,web
U0151,P0308,add_to_cart,2026-02-07 01:15:01,S88496,web
U0317,P0258,click,2026-02-24 20:53:51,S72689,console
U0849,P0111,purchase,2026-02-26 13:42:55,S17708,web
U0157,P0424,view,2026-02-17 01:54:49,S33464,web
U0745,P0201,add_to_cart,2026-04-14 05:47:45,S12826,tablet
U0402,P0173,purchase,2026-04-16 17:14:12,S55653,web
U0401,P0037,add_to_cart,2026-02-25 07:06:11,S81828,web
U0100,P0068,add_to_cart,2026-04-04 01:58:14,S49855,web
U0671,P0084,view,2026-03-17 17:33:54,S48152,mobile
U0215,,view,2026-04-13 00:19:57,S57477,tablet
U0877,P0295,click,2026-04-16 05:22:26,S59355,web
,P0431,view,2026-01-27 03:29:49,S56607,web
U0184,P0484,click,2026-02-04 18:45:59,S95209,web
U0608,P0223,view,2026-04-10 14:42:32,S42112,mobile
U0122,P0124,purchase,2026-03-23 11:01:14,S88139,mobile
U0669,P0382,purchase,2026-04-18 23:58:33,S21745,web
U0886,P0419,purchase,2026-02-24 23:01:21,S95615,web
U0377,P0006,click,2026-02-03 03:00:31,S25997,web
U0657,P0343,view,2026-01-22 21:21:59,S85101,tablet
U0492,P0141,click,2026-04-05 06:35:36,S60326,web
U0661,P0360,purchase,2026-02-27 20:48:17,S26414,mobile
U0334,P0033,view,2026-03-12 00:43:08,S61615,tablet
U0838,P0275,purchase,2026-01-28 18:53:33,S86640,tablet
U0731,P0420,click,2026-02-15 23:58:41,S25378,mobile
U0883,P0307,view,2026-01-20 20:11:48,S68619,web
U0126,P0021,view,2026-04-03 07:30:30,S95542,mobile
U0090,P0288,add_to_cart,2026-01-24 03:04:50,S26346,tablet
U0306,P0187,view,2026-03-15 23:57:46,S10011,mobile
U0308,P0024,add_to_cart,2026-04-14 19:26:45,S68316,mobile
U0591,P0252,add_to_cart,2026-03-27 12:49:12,S89452,tablet
U0523,P0108,click,2026-04-14 01:37:43,S41077,mobile
U0193,P0073,add_to_cart,2026-02-16 04:53:10,S88924,tablet
U0222,P0303,add_to_cart,2026-02-24 04:40:41,S91567,web
U0077,P0282,add_to_cart,2026-02-22 13:54:00,S95166,mobile
U0410,P0234,click,2026-02-21 15:29:10,S28775,tablet
U0209,P0037,add_to_cart,2026-04-11 23:30:16,S35248,tablet
U0382,P0289,view,2026-03-14 05:35:18,S51465,web
U0389,P0014,view,2026-01-29 09:50:05,S26334,tablet
U0113,P0351,purchase,2026-01-28 11:59:29,S93909,mobile
U0372,P0466,add_to_cart,2026-02-23 05:19:39,S39591,web
U0011,P0051,purchase,2026-02-17 13:47:08,S23762,mobile
U0180,P0270,add_to_cart,2026-04-05 17:49:35,S22522,tablet
U0358,P0359,add_to_cart,,S89621,mobile
U0919,P0025,view,2026-03-01 14:11:00,S33681,web
U0826,P0380,purchase,2026-03-22 21:33:55,S26721,web
U0010,P0352,view,2026-04-14 04:36:03,S28700,web
U0582,P0377,add_to_cart,2026-01-26 23:16:20,S58516,tablet
U0797,P0128,purchase,2026-04-20 16:40:03,S33999,web
U0363,P0409,purchase,2026-03-25 10:26:34,S46152,web
U0534,P0483,view,2026-02-28 23:08:33,S21395,web
U0417,P0395,add_to_cart,2026-01-31 23:06:28,S20416,mobile
U0748,P0123,click,2026-02-10 20:56:47,S17525,mobile
U0762,P0147,purchase,2026-01-21 15:26:12,S98740,tablet
U0955,P0375,view,2026-03-22 18:07:28,S77503,tablet
U0694,P0455,click,2026-03-12 00:30:21,S90777,mobile
U0933,P0426,click,2026-03-15 19:27:15,S55227,mobile
U0757,P0339,click,2026-04-07 16:20:05,S32089,tablet
U0953,P0452,view,2026-02-11 02:44:06,S58110,mobile
U0527,P0181,click,2026-03-15 18:02:27,S59688,mobile
U0383,P0497,click,2026-03-04 09:05:37,S80663,mobile
U0298,P0154,purchase,2026-02-26 09:38:21,S37926,mobile
U0756,P0324,purchase,2026-02-16 11:05:53,S94275,tablet
U0846,P0458,click,2026-03-20 22:29:29,S73998,mobile
U0365,P0004,purchase,2026-03-03 10:51:45,S56385,mobile
U0006,P0180,view,2026-03-12 12:54:29,S11161,mobile
U0442,P0252,view,2026-01-30 19:15:49,S77412,mobile
U0421,P0064,purchase,2026-01-20 05:39:58,S96066,web
U0232,P0241,purchase,2026-03-08 10:53:47,S57775,web
U0914,P0094,add_to_cart,2026-02-02 15:58:04,S96019,web
U0166,P0072,add_to_cart,2026-03-16 00:12:41,S57085,tablet
U0204,P0057,view,2026-02-25 01:27:56,S27521,web
U0432,P0381,add_to_cart,2026-01-24 05:50:12,S97320,mobile
U0972,P0246,add_to_cart,2026-02-04 15:19:53,S74103,tablet
U0508,P0410,view,2026-03-02 14:33:32,S75779,tablet
U0946,P0380,purchase,2026-02-05 03:59:42,S24139,mobile
U0130,P0080,add_to_cart,2026-03-25 00:29:48,S99710,mobile
U0054,P0348,add_to_cart,2026-03-15 21:44:21,S11052,web
U0492,P0149,add_to_cart,2026-03-23 03:00:28,S66223,mobile
U0633,P0079,view,2026-02-20 10:14:09,S25075,web
U0718,P0127,purchase,2026-02-14 17:15:14,S23508,
U0748,P0258,view,2026-02-13 21:31:29,S92432,tablet
U0153,P0118,click,2026-02-05 14:36:36,S15028,web
U0197,P0476,view,2026-03-15 00:38:34,S90801,mobile
U0094,P0443,click,2026-03-09 14:49:45,S78809,web
U0717,P0325,view,2026-02-17 12:14:23,S65846,web
U0063,,purchase,2026-04-12 01:52:50,S49883,mobile
U0276,P0187,add_to_cart,2026-03-05 15:13:17,S42370,web
,P0025,view,2026-01-25 00:01:10,S16832,tablet
U0763,P0165,view,2026-02-25 17:11:13,S46721,tablet
U0104,P0221,view,2026-02-21 17:53:13,S57655,web
U0312,P0058,click,2026-04-15 00:29:50,S99517,tablet
U0789,P0442,view,2026-03-03 13:07:40,S57367,tablet
U0798,P0302,add_to_cart,2026-02-19 23:40:29,S46168,mobile
U0599,,click,2026-02-02 04:45:02,S92517,tablet
U0617,P0062,click,2026-04-05 23:49:27,S34960,mobile
U0722,P0229,click,2026-01-29 19:54:01,S91134,web
U0309,P0372,purchase,2026-02-14 19:25:34,S30142,mobile
U0131,P0099,purchase,,S83445,web
U0917,P0188,purchase,2026-04-10 04:16:31,S67163,mobile
U0495,P0215,click,2026-02-10 21:48:52,S45933,tablet
U0991,P0067,add_to_cart,2026-01-25 20:36:49,S17968,tablet
U0195,,purchase,2026-03-24 19:23:11,S77303,mobile
U0170,P0225,purchase,2026-04-01 14:12:30,S62540,tablet
U0279,P0106,view,2026-01-20 05:49:31,S84959,mobile
,P0357,click,2026-03-26 16:34:55,S76036,tablet
U0738,P0269,add_to_cart,2026-02-27 08:01:19,S48844,tablet
U0275,P0283,click,2026-02-10 08:09:10,S15978,tablet
U0244,P0150,click,2026-04-11 05:23:36,S46406,mobile
U0277,P0448,click,2026-04-12 09:03:57,S37521,tablet
U0119,P0001,add_to_cart,2026-04-10 22:01:59,S58380,web
U0086,P0485,add_to_cart,2026-02-06 14:52:02,S90148,web
U0333,P0030,click,2026-03-06 07:59:01,S46659,mobile
U0263,P0498,click,2026-03-29 23:55:55,S86449,mobile
U0740,,purchase,2026-04-13 09:22:10,S92081,tablet
U0619,P0283,view,2026-03-17 08:01:59,S52501,web
U0209,P0298,purchase,2026-02-08 16:14:25,S40372,tablet
U0744,P0223,add_to_cart,2026-02-07 17:26:24,S22280,web
U0186,P0236,view,2026-02-11 06:52:34,S84666,web
U0966,P0374,view,2026-04-12 10:16:08,S12758,web
U0167,P0454,view,2026-03-11 22:07:48,S34621,mobile
U0147,P0037,purchase,2026-02-20 16:34:00,S94557,web
U0103,P0371,view,2026-01-21 21:57:54,S23071,web
U0394,P0011,click,2026-01-21 23:27:53,S15733,mobile
U0255,P0395,click,2026-02-23 05:11:35,S92232,tablet
U0014,P0406,click,2026-02-02 19:44:49,S54353,tablet
U0088,P0104,view,2026-03-22 20:29:34,S68238,mobile
U0315,P0170,purchase,2026-02-08 08:52:36,S17323,tablet
U0709,P0137,click,2026-01-22 01:37:16,S23476,tablet
U0304,P0053,purchase,2026-02-07 00:02:38,S39401,mobile
U0233,P0219,purchase,2026-02-07 12:51:49,S95899,web
U0232,P0472,purchase,2026-04-17 04:05:33,S74463,mobile
U0113,P0115,click,2026-02-25 13:00:33,S19999,tablet
U0342,P0061,add_to_cart,2026-01-30 01:34:41,S89233,mobile
U0183,P0220,add_to_cart,2026-04-06 06:36:11,S99054,web
U0154,P0458,add_to_cart,2026-04-09 10:26:58,S55663,mobile
U0278,P0470,purchase,2026-04-14 13:26:20,S44786,tablet
U0818,P0040,click,2026-02-08 23:52:44,S29213,web
U0152,P0200,purchase,2026-03-22 02:27:02,S24832,tablet
U0438,P0492,add_to_cart,2026-02-07 03:17:35,S52343,mobile
U0187,,purchase,2026-03-06 11:37:33,S74776,web
U0493,P0356,purchase,2026-04-07 23:10:40,S53707,mobile
U0822,P0484,view,2026-03-10 15:14:34,S82002,web
U0552,P0274,purchase,2026-03-29 19:31:22,S40161,web
U0086,P0298,purchase,2026-03-28 21:02:23,S38748,tablet
U0090,P0121,add_to_cart,2026-01-20 07:24:04,S12248,web
U0572,P0243,view,2026-02-03 02:10:08,S55789,web
U0870,P0435,view,2026-02-26 16:45:44,S28892,tablet
U0996,P0477,purchase,2026-02-20 07:40:21,S39437,mobile
U0765,P0071,click,2026-04-19 05:12:33,S59474,tablet
U0027,P0357,purchase,2026-03-08 01:58:08,S23894,tablet
U0596,P0038,purchase,2026-04-06 05:45:32,S13956,mobile
U0375,P0073,click,2026-02-20 02:48:21,S11635,tablet
U0852,P0417,purchase,2026-02-08 06:38:30,S71573,tablet
U0144,P0384,add_to_cart,2026-03-21 14:58:59,S54215,web
U0801,P0331,click,2026-02-25 04:03:03,S30432,mobile
U0903,P0329,click,2026-04-07 06:19:11,S75967,mobile
U0012,P0203,purchase,2026-04-17 16:32:25,S82634,tablet
U0850,P0133,add_to_cart,2026-04-20 08:16:34,S65531,mobile
U0279,P0499,click,2026-03-27 13:44:47,S26401,tablet
U0217,P0206,click,2026-02-17 14:16:58,S34077,tablet
U1000,P0287,click,2026-04-18 17:03:18,S72575,web
U0669,P0329,purchase,2026-03-09 06:00:03,S17165,web
U0663,P0218,view,2026-02-23 03:56:48,S23683,mobile
U0372,P0309,add_to_cart,2026-01-23 08:43:15,S46989,mobile
U0555,P0055,click,2026-02-16 21:44:24,S11438,web
U0193,P0283,view,2026-04-11 01:10:42,S41501,web
U0088,P0292,click,2026-04-02 17:36:53,S15987,console
U0323,P0048,add_to_cart,2026-01-21 12:59:06,S47015,web
U0513,P0100,add_to_cart,2026-03-11 12:57:20,S26976,tablet
U0691,,add_to_cart,2026-03-13 18:20:05,S23238,tablet
U0827,P0397,view,2026-01-23 21:22:42,S60084,web
U0601,,click,2026-02-26 05:52:11,S29862,tablet
U0475,P0041,click,2026-02-18 07:51:05,S99320,tablet
U0145,P0394,view,2026-03-25 18:47:52,S89788,tablet
U0536,P0477,add_to_cart,2026-03-18 04:46:36,S54436,web
U0369,P0320,purchase,2026-01-25 14:06:47,S41340,mobile
U0626,P0311,click,2026-02-08 20:38:24,S92285,web
U0100,P0413,click,2026-02-07 11:16:12,S81714,mobile
U0511,,purchase,2026-03-01 06:10:45,S48745,mobile
U0070,P0144,add_to_cart,2026-03-06 03:14:55,S19323,mobile
U0728,P0396,purchase,2026-02-22 17:13:51,S43557,web
U0666,P0474,view,2026-02-04 20:42:25,S73997,mobile
U0373,P0440,add_to_cart,2026-03-12 14:53:32,S91223,tablet
U0133,P0226,add_to_cart,2026-03-26 22:44:31,S51110,web
U0086,P0350,purchase,2026-03-25 16:23:14,S44449,tablet
U0044,P0318,click,2026-02-20 20:25:05,S11041,mobile
U0874,P0054,add_to_cart,2026-03-09 05:45:36,S84728,web
U0875,P0038,view,2026-03-10 16:49:51,S97706,mobile
U0358,P0239,purchase,2026-04-12 19:28:58,S70929,mobile
U0088,P0093,click,2026-03-11 15:46:09,S36145,web
U0337,P0034,add_to_cart,2026-03-04 22:00:15,S73739,mobile
U0720,P0380,purchase,2026-02-03 10:08:07,S69582,mobile
U0559,P0080,purchase,2026-02-07 23:18:34,S37979,smart_tv
U0582,P0017,purchase,2026-01-27 13:09:41,S66375,web
U0219,P0028,view,2026-01-22 15:23:53,S45369,web
U0651,P0091,click,2026-02-07 02:31:17,S45901,web
U0084,P0153,purchase,2026-03-14 19:06:23,S38063,tablet
U0915,P0133,view,2026-01-26 03:21:56,S66168,web
U0987,P0386,add_to_cart,2026-02-10 07:13:51,S55780,web
U0494,P0244,view,2026-04-19 15:54:10,S56490,tablet
U0585,P0200,click,2026-04-01 21:44:26,S36025,mobile
U0741,P0342,view,2026-03-02 11:31:26,S11859,mobile
U0919,P0235,view,2026-03-24 11:31:12,S24890,tablet
U0417,P0135,click,2026-03-18 04:34:38,S93138,web
U0655,P0497,click,2026-01-24 07:57:35,S34596,web
U0714,P0280,view,2026-04-06 13:44:47,S38329,web
U0215,P0488,view,2026-04-16 21:00:07,S11883,web
U0834,,click,2026-02-27 11:10:34,S75809,mobile
U0717,P0256,purchase,2026-03-13 14:56:30,S56101,web
U0849,P0278,purchase,2026-03-27 12:13:37,S24860,mobile
U0470,P0220,add_to_cart,2026-02-11 20:07:30,S87973,mobile
U0556,P0224,purchase,2026-02-25 15:55:43,S93113,web
U0719,P0318,click,2026-01-31 03:46:46,S21749,tablet
U0017,P0316,purchase,2026-02-02 18:04:24,S91766,tablet
U0103,P0325,purchase,2026-03-25 21:09:43,S14277,tablet
U0297,P0437,purchase,2026-02-16 08:06:53,S69589,tablet
U0391,P0059,view,2026-03-21 04:31:50,S55955,web
U0423,P0465,purchase,2026-01-20 13:38:25,S39351,tablet
U0291,P0138,add_to_cart,2026-02-28 15:05:57,S98250,mobile
U0005,P0461,purchase,2026-01-24 00:33:55,S13440,mobile
U0810,P0192,add_to_cart,2026-03-03 06:12:16,S84997,web
U0248,P0285,purchase,2026-02-13 22:26:15,S94467,web
U0849,P0027,purchase,2026-02-05 23:09:57,S61172,tablet
U0178,P0207,add_to_cart,2026-03-27 05:46:07,S67331,mobile
U0102,P0364,view,2026-03-25 04:18:35,S92764,tablet
U0804,P0201,add_to_cart,2026-03-31 05:47:27,S52258,mobile
U0096,P0048,click,2026-03-16 00:25:12,S92430,tablet
U0157,P0015,click,2026-04-03 13:55:22,S13314,tablet
U0752,P0067,purchase,2026-04-11 22:59:32,S56939,mobile
U0246,P0335,view,2026-02-27 07:03:25,S80178,mobile
U0744,P0400,purchase,2026-02-22 01:53:02,S46040,mobile
U0958,P0074,click,2026-04-11 21:05:37,S23555,mobile
U0471,P0475,click,2026-02-02 05:09:50,S47022,web
U0917,P0093,click,2026-01-29 17:59:41,S57369,mobile
U0401,P0052,purchase,2026-01-22 15:03:50,S19643,smart_tv
U0983,P0321,click,2026-02-15 15:17:18,S59185,web
U0649,P0466,purchase,2026-02-09 06:32:47,S49158,mobile
U0926,P0092,click,2026-02-04 12:28:52,S55453,web
U0629,P0308,click,2026-02-09 18:59:46,S43357,mobile
U0198,P0311,click,2026-03-29 00:50:19,S77894,tablet
U0780,P0079,view,2026-03-07 04:10:45,S38437,mobile
U0336,P0071,view,2026-01-30 04:36:31,S45073,web
U0494,P0103,click,2026-03-05 20:04:45,S95449,web
U0479,P0382,purchase,2026-03-16 18:39:54,S62421,mobile
U0257,P0089,view,2026-04-17 10:14:02,S61488,mobile
U0598,P0407,add_to_cart,2026-02-10 07:29:38,S73941,web
U0905,P0229,purchase,2026-04-06 09:53:28,S51779,tablet
,P0311,purchase,2026-03-15 07:16:17,S84336,web
U0383,P0460,click,2026-03-18 06:05:21,S14424,tablet
U0260,P0301,purchase,2026-02-26 21:59:12,S94554,tablet
U0361,P0204,click,2026-02-03 06:33:00,S52294,web
U0810,P0096,add_to_cart,2026-02-20 02:38:41,S38204,tablet
U0381,P0191,view,2026-03-01 04:27:10,S11262,web
U0705,P0006,add_to_cart,2026-02-16 16:56:37,S84379,web
U0921,P0120,click,2026-03-10 10:19:33,S88879,mobile
U0540,P0112,click,2026-04-01 10:07:24,S89679,tablet
U0077,P0294,purchase,2026-04-17 15:50:43,S51652,web
U0203,P0101,click,2026-03-24 18:09:19,S16133,web
U0432,P0062,click,2026-03-18 06:13:51,S88830,web
U0606,P0197,view,2026-04-03 00:46:27,S47360,mobile
U0660,P0402,click,2026-03-20 10:21:12,S27178,web
U0038,P0459,click,2026-03-04 23:28:32,S12132,mobile
U0482,P0049,purchase,2026-02-27 10:00:02,S51574,web
U0410,P0041,add_to_cart,2026-03-24 22:17:38,S16169,web
U0306,P0357,purchase,2026-03-24 23:20:29,S25913,web
U0961,P0317,click,2026-01-23 08:09:22,S16269,mobile
U0143,P0054,add_to_cart,2026-04-18 15:51:45,S39667,mobile
U0091,P0098,add_to_cart,2026-03-29 00:10:47,S16880,web
U0905,P0402,click,2026-02-03 01:44:51,S49883,mobile
U0271,P0169,purchase,2026-02-23 06:12:06,S28056,tablet
U0472,P0062,view,2026-03-01 05:23:18,S86563,web
U0653,P0229,click,2026-03-27 19:12:32,S41525,tablet
U0490,P0339,purchase,2026-02-24 11:43:13,S73269,mobile
U0095,P0136,add_to_cart,2026-01-30 12:51:09,S83205,mobile
U0676,P0332,view,2026-04-18 02:50:25,S19849,web
U0062,P0109,click,2026-04-15 07:52:09,S71361,web
U0193,P0250,click,2026-03-04 07:35:49,S87401,tablet
U0527,P0440,add_to_cart,2026-02-28 16:31:49,S95890,mobile
U0869,P0259,click,2026-02-05 07:57:56,S57663,web
U0999,P0232,view,2026-03-12 06:50:35,S18996,web
U0434,P0085,add_to_cart,2026-04-03 23:36:24,S23377,mobile
U0473,P0449,click,2026-02-03 08:45:31,S12174,web
,P0137,click,2026-03-21 19:19:44,S69328,web
U0272,P0061,click,2026-03-06 15:42:34,S37795,mobile
U0407,P0258,purchase,2026-03-26 12:09:03,S16967,web
U0280,P0190,click,2026-01-26 23:36:56,S60137,tablet
U0951,P0217,view,2026-02-26 06:53:51,S62781,mobile
U0609,P0142,purchase,2026-03-27 15:47:08,S24311,tablet
U0052,P0331,view,2026-02-03 07:59:40,S25097,mobile
,P0019,add_to_cart,2026-02-19 02:23:50,S79747,mobile
U0283,P0116,purchase,2026-03-11 14:18:16,S23278,mobile
U0752,P0422,add_to_cart,2026-03-24 07:29:22,S32417,mobile
U0356,P0327,add_to_cart,2026-04-20 21:42:39,S47745,tablet
U0004,P0049,view,2026-03-25 22:39:02,S72489,tablet
U0313,P0437,view,2026-02-10 11:28:22,S99318,mobile
U0171,P0096,add_to_cart,2026-03-19 05:09:50,S11669,tablet
U0486,P0220,add_to_cart,2026-01-22 06:27:47,S44581,mobile
U0175,P0348,click,2026-04-06 12:49:16,S72105,tablet
U0002,P0251,view,2026-03-21 03:58:57,S15921,mobile
U0581,P0349,add_to_cart,2026-02-18 19:07:28,S75948,mobile
U0774,P0076,click,2026-02-01 11:05:24,S53997,web
U0503,P0377,add_to_cart,2026-03-30 09:22:10,S96954,web
U0260,P0187,purchase,2026-01-21 12:50:19,S49470,tablet
U0342,P0457,purchase,2026-02-03 09:49:41,S99887,tablet
U0746,P0328,click,,S38869,tablet
U0146,P0183,purchase,2026-01-23 08:53:49,S85705,tablet
U0713,P0499,purchase,2026-03-07 07:30:41,S21701,mobile
U0943,P0489,purchase,2026-04-11 03:55:46,S45903,tablet
U0696,P0279,purchase,2026-03-28 06:22:11,S44774,tablet
U0358,P0455,add_to_cart,2026-03-11 21:27:00,S64695,web
U0317,P0098,click,2026-04-04 18:56:07,S54993,tablet
U0126,P0222,purchase,2026-04-02 12:38:01,S47802,mobile
U0993,P0005,purchase,2026-04-17 05:21:24,S71121,tablet
U0154,P0268,add_to_cart,2026-04-09 20:19:16,S97073,mobile
U0311,P0250,add_to_cart,2026-01-28 10:43:50,S12043,web
U0042,P0112,add_to_cart,2026-04-05 04:29:38,S16972,web
U0314,P0003,purchase,2026-03-06 00:01:24,S16540,web
U0142,P0180,add_to_cart,2026-03-25 20:24:58,S30321,mobile
U0731,P0139,view,2026-02-14 15:43:49,S86706,mobile
U0298,P0113,click,2026-03-21 12:54:42,S42601,tablet
U0653,P0198,purchase,2026-03-12 03:34:23,S44243,web
U0612,P0160,view,2026-04-02 15:52:03,S98987,web
U0824,P0297,view,2026-04-17 07:15:49,S42770,mobile
U0427,P0284,view,2026-02-27 11:06:16,S21219,web
U0581,P0475,purchase,2026-03-30 06:40:34,S59278,desktop
U0099,P0071,purchase,2026-04-18 11:24:19,S76036,tablet
U0730,P0184,purchase,2026-03-06 15:34:15,S71151,web
U0985,P0211,purchase,2026-01-23 20:20:57,S13463,web
U0091,P0387,view,2026-04-08 11:00:34,S41804,tablet
U0525,P0192,view,2026-04-09 19:46:47,S84130,web
U0055,P0387,purchase,2026-02-05 14:40:14,S97828,mobile
U0474,P0414,purchase,2026-01-26 03:04:56,S17168,web
U0850,P0333,click,2026-03-03 21:38:21,S22766,web
U0580,P0247,add_to_cart,2026-01-27 04:25:17,S86626,tablet
U0524,P0379,click,2026-04-19 07:27:58,S77667,mobile
U0576,P0380,purchase,2026-02-06 08:08:20,S98562,tablet
U0873,P0080,add_to_cart,2026-04-10 11:19:09,S10845,web
U0639,P0353,view,2026-02-03 02:26:40,S10004,mobile
U0619,P0451,click,2026-03-27 03:31:36,S42401,mobile
U0107,P0243,click,2026-03-25 16:09:31,S61211,mobile
U0949,P0063,add_to_cart,2026-03-12 17:36:42,S34123,mobile
U0862,P0435,add_to_cart,2026-04-08 15:59:17,S96266,tablet
U0127,P0222,view,2026-04-11 00:47:18,S34223,mobile
U0839,P0382,view,2026-02-10 18:37:25,S81654,mobile
U0488,P0246,add_to_cart,2026-02-26 03:38:29,S87170,web
U0377,P0342,add_to_cart,2026-03-11 14:02:50,S24068,web
U0427,P0417,purchase,2026-02-07 01:01:06,S47148,web
U0124,P0289,purchase,2026-01-21 21:08:12,S49683,mobile
U0661,P0334,purchase,2026-01-25 12:54:54,S28258,web
U0904,P0371,purchase,2026-02-24 00:19:55,S30750,web
U0513,P0439,view,2026-03-05 19:07:00,S61199,tablet
U0065,P0090,view,2026-03-06 23:52:54,S83812,web
U0471,P0367,view,2026-02-24 23:58:23,S49705,web
U0070,P0470,purchase,2026-03-09 17:10:33,S89408,tablet
U0185,P0295,add_to_cart,2026-02-05 11:47:57,S87182,tablet
U0357,P0300,purchase,2026-01-28 01:38:08,S13869,tablet
U0163,P0119,click,2026-04-15 03:52:02,S75461,tablet
U0488,P0166,view,2026-02-19 03:50:19,S32806,tablet
U0914,P0197,purchase,2026-01-28 02:15:16,S90203,web
U0118,P0020,click,2026-03-17 13:37:43,S89499,tablet
U0861,P0016,view,2026-03-02 03:55:11,S68918,web
U0137,P0327,view,2026-02-14 09:11:35,S74369,web
U0696,,view,2026-02-14 05:54:05,S66893,tablet
U0829,P0405,view,2026-01-31 21:11:38,S13177,tablet
U0983,P0343,click,2026-02-15 01:12:36,S28423,mobile
U0369,P0397,purchase,2026-04-02 19:54:01,S19432,web
U0190,P0350,purchase,2026-02-13 07:33:14,S84759,web
U0513,P0181,add_to_cart,2026-04-09 20:20:29,S28071,mobile
U0450,P0219,purchase,2026-01-29 20:43:19,S20242,mobile
U0802,P0265,add_to_cart,2026-02-01 04:17:36,S75367,mobile
U0053,P0308,add_to_cart,2026-01-22 08:09:22,S47997,web
U0400,P0361,add_to_cart,2026-01-28 05:44:51,S47757,mobile
U0548,P0295,view,2026-03-27 22:15:17,S75542,web
U0409,P0317,click,2026-03-30 04:02:12,S86385,web
U0960,P0470,add_to_cart,2026-04-13 01:05:29,S14230,web
U0432,P0134,view,2026-03-03 02:09:44,S28256,mobile
U0561,P0419,add_to_cart,,S40882,web
U0075,P0413,click,2026-03-05 02:34:35,S64557,tablet
U0758,P0314,click,2026-03-31 17:25:53,S26969,web
U0741,P0022,click,2026-01-24 18:04:49,S76532,mobile
U0666,P0180,purchase,2026-03-22 11:02:49,S39852,mobile
U0954,P0029,click,2026-02-14 19:26:56,S89709,web
U0699,P0351,click,2026-03-31 17:33:19,S16834,web
U0785,P0194,view,2026-03-16 15:32:25,S82029,mobile
U0119,P0225,click,2026-04-08 13:23:16,S56109,mobile
U0352,P0224,click,2026-02-19 08:26:53,S22057,tablet
U0011,P0117,purchase,2026-03-29 20:40:55,S16000,mobile
U0895,P0369,view,2026-01-27 02:47:21,S17425,mobile
U0450,P0093,add_to_cart,2026-01-25 11:26:13,S55831,tablet
U0671,P0456,view,2026-02-26 04:43:22,S89445,web
U0491,P0337,click,2026-04-14 02:47:46,S20011,web
U0961,P0279,view,2026-03-24 12:59:47,S38873,web
U0731,P0155,add_to_cart,2026-03-31 10:39:22,S95674,mobile
U0540,P0458,add_to_cart,2026-03-01 19:42:44,S75987,mobile
U0056,P0178,purchase,2026-04-20 22:38:29,S73728,web
U0081,P0105,view,2026-03-27 08:23:36,S49968,tablet
U0567,P0108,click,2026-03-08 05:10:07,S14701,mobile
U0716,P0226,purchase,2026-02-03 00:46:30,S75392,mobile
U0277,P0143,purchase,2026-02-27 03:04:34,S17827,web
U0876,P0313,purchase,2026-03-24 00:41:10,S60146,web
U0455,P0023,view,2026-02-15 13:48:39,S34173,tablet
U0442,P0273,click,2026-04-14 11:06:36,S14103,tablet
U0782,P0179,click,2026-04-07 12:14:28,S44410,tablet
U0222,P0388,click,2026-03-04 22:37:45,S66895,web
U0802,P0374,click,2026-02-02 20:08:41,S60870,tablet
U0955,P0348,add_to_cart,2026-03-29 16:52:32,S65552,tablet
U0737,P0291,add_to_cart,2026-02-09 13:52:56,S71254,tablet
U0947,P0122,view,2026-01-21 10:13:11,S99469,web
U0088,P0128,add_to_cart,2026-03-04 20:47:32,S61721,mobile
U0631,P0141,add_to_cart,2026-02-23 09:07:15,S95594,tablet
U0013,P0064,add_to_cart,2026-04-02 11:41:12,S44670,mobile
U0455,P0237,click,2026-03-17 00:19:22,S71137,mobile
U0990,P0184,purchase,2026-04-11 20:15:55,S38553,web
U0060,P0297,click,2026-02-24 22:13:16,S82279,web
U0977,P0033,purchase,2026-02-12 09:23:37,S46194,web
U0890,P0254,view,2026-02-18 22:56:59,S32871,mobile
U0893,P0317,click,2026-02-18 04:10:00,S95799,mobile
U0189,P0351,purchase,2026-04-04 11:33:13,S15499,tablet
U0735,P0117,click,2026-02-22 09:22:23,S12112,tablet
U0866,P0440,add_to_cart,2026-03-30 01:37:43,S88719,mobile
U0359,P0056,click,2026-03-25 16:09:31,S24835,tablet
U0080,P0122,view,2026-03-02 20:45:58,S58674,tablet
U0426,P0037,purchase,2026-02-25 05:12:33,S13236,web
U0622,P0404,add_to_cart,2026-03-03 14:51:35,S95456,web
U0482,P0483,add_to_cart,2026-04-09 01:08:03,S31012,web
U0046,P0149,view,2026-04-05 00:55:46,S23924,tablet
U0217,P0414,add_to_cart,2026-03-26 18:30:08,S86216,tablet
U0353,P0482,view,2026-03-09 21:12:53,S14272,tablet
U0744,P0077,purchase,2026-04-13 02:51:21,S20133,mobile
U0579,P0258,purchase,2026-03-29 04:24:51,S79174,mobile
U0622,P0242,purchase,2026-03-01 09:48:02,S35562,tablet
U0301,P0467,view,2026-03-03 08:51:00,S57443,mobile
U0467,P0162,click,2026-04-18 08:46:34,S68328,tablet
U0981,P0451,purchase,2026-03-07 02:54:05,S56135,tablet
U0518,P0040,add_to_cart,2026-04-13 17:37:39,S89327,mobile
U0460,P0403,purchase,2026-02-18 20:43:44,S26420,tablet
U0251,P0398,purchase,2026-04-16 21:17:25,S97281,mobile
U0621,P0134,add_to_cart,2026-03-04 11:25:36,S25461,mobile
,P0216,view,2026-04-03 17:59:35,S92920,mobile
U0922,P0093,purchase,2026-01-21 06:04:19,S25832,web
U0270,P0392,purchase,2026-02-01 04:36:07,S14466,web
U0025,P0354,view,2026-01-29 04:49:11,S77488,tablet
U0941,P0199,purchase,2026-03-06 04:38:25,S62732,tablet
U0571,P0124,add_to_cart,2026-02-04 12:15:46,S54124,tablet
U0624,P0316,click,2026-01-25 02:41:06,S56525,web
U0933,P0210,purchase,2026-03-16 10:31:57,S72535,tablet
U0138,P0376,view,2026-04-05 18:32:44,S20982,mobile
U0918,P0004,add_to_cart,2026-04-16 23:38:38,S69444,web
U0329,P0225,view,2026-03-26 21:24:40,S46608,mobile
U0238,P0153,purchase,2026-03-04 01:45:29,S83941,tablet
U0919,P0269,purchase,2026-02-25 11:45:10,S60340,web
U0776,P0092,view,2026-01-25 07:40:14,S66431,tablet
U0285,P0295,add_to_cart,2026-02-01 12:38:47,S47328,mobile
U0122,P0148,add_to_cart,2026-03-23 15:58:49,S39312,mobile
U0296,P0481,add_to_cart,2026-04-07 03:51:49,S40366,tablet
U0286,P0073,click,2026-02-15 20:06:13,S76676,mobile
U0029,P0307,click,2026-03-30 19:35:05,S35576,mobile
U0501,,click,2026-03-08 07:23:46,S46941,tablet
U0437,P0375,purchase,2026-03-27 04:35:38,S69486,web
U0941,P0057,click,2026-03-17 15:44:17,S74651,web
U0089,P0443,view,2026-02-24 04:14:24,S56362,mobile
U0763,P0407,view,2026-01-29 11:54:35,S30542,tablet
U0344,P0142,purchase,2026-04-10 18:40:19,S98091,mobile
U0724,P0353,add_to_cart,2026-01-24 15:46:43,S23164,tablet
U0814,P0267,add_to_cart,2026-02-13 20:19:20,S96655,tablet
U0037,P0486,click,2026-02-20 04:59:00,S86853,web
U0894,P0483,view,2026-04-16 07:07:27,S44771,web
U0156,P0249,view,2026-03-24 10:17:20,S27274,mobile
U0651,P0449,click,2026-03-27 07:47:54,S10419,web
U0069,P0252,view,2026-04-20 06:29:05,S15087,web
U0705,P0135,purchase,2026-04-10 21:15:32,S40764,tablet
U0358,P0248,view,2026-02-27 08:26:34,S48288,tablet
U0497,P0251,purchase,2026-04-06 13:00:09,S81226,web
U0303,P0050,view,2026-02-03 10:27:33,S64997,web
U0334,P0127,purchase,2026-02-03 06:24:54,S70913,web
U0677,P0059,add_to_cart,2026-04-19 14:29:38,S26784,web
U0861,P0413,purchase,,S40783,mobile
U0298,P0138,view,2026-03-13 02:12:49,S83696,web
U0268,P0346,add_to_cart,2026-03-13 14:14:58,S67927,web
U0409,P0134,click,2026-02-23 17:40:36,S38697,web
U0652,P0420,click,2026-02-28 16:17:52,S63714,mobile
,P0449,view,2026-03-29 07:30:27,S91957,mobile
U0971,P0496,add_to_cart,2026-02-05 22:01:33,S80748,mobile
U0974,P0370,click,2026-03-09 03:17:09,S53684,web
U0786,P0393,click,2026-04-13 01:47:30,S77980,mobile
U0371,P0275,view,2026-02-09 19:30:15,S61842,tablet
U0235,P0149,view,2026-03-08 12:04:10,S64184,mobile
U0567,P0376,view,2026-01-21 01:18:48,S12625,tablet
U0105,P0257,purchase,2026-03-23 01:32:22,S30571,web
U0309,P0013,view,2026-04-10 09:00:15,S14427,web
U0768,P0064,purchase,2026-04-13 14:35:27,S27195,tablet
U0898,P0139,click,2026-01-29 02:41:24,S76127,tablet
U0721,P0391,purchase,2026-01-22 00:32:12,S81001,tablet
U0942,P0078,click,2026-04-05 14:14:25,S35465,tablet
U0880,P0160,add_to_cart,2026-03-15 18:39:15,S13071,web
U0281,P0235,view,2026-02-01 09:37:18,S95989,tablet
U0483,P0193,add_to_cart,2026-03-15 03:23:17,S39131,web
U0575,P0143,purchase,2026-02-25 19:24:48,S76400,mobile
U0392,P0009,purchase,2026-03-11 13:34:15,S81641,tablet
U0111,P0232,view,2026-04-03 00:54:22,S62081,mobile
U0458,P0190,purchase,2026-04-02 03:58:00,S94255,web
U0341,P0074,click,2026-02-01 20:25:16,S32184,mobile
U0886,P0483,purchase,2026-04-05 09:06:03,S20995,mobile
U0413,P0316,purchase,2026-03-27 20:37:50,S40465,mobile
U0786,P0253,add_to_cart,2026-03-13 11:20:23,S54285,mobile
U0038,P0165,purchase,2026-01-20 09:45:46,S37423,tablet
U0814,P0251,purchase,2026-03-01 23:44:20,S40898,web
U0473,P0363,purchase,2026-03-26 20:11:59,S20673,mobile
U0436,P0359,click,2026-03-09 04:38:03,S11785,mobile
U0533,P0384,click,2026-02-10 07:11:09,S67357,mobile
U0040,P0454,purchase,2026-03-24 06:12:56,S92072,tablet
U0499,P0072,purchase,2026-03-12 00:20:13,S48895,mobile
U0446,P0151,add_to_cart,2026-03-27 11:44:15,S90622,web
U0578,P0333,view,2026-02-07 10:33:56,S78583,tablet
U0210,P0412,add_to_cart,2026-03-27 22:00:35,S42930,web
,P0108,add_to_cart,2026-02-06 05:58:47,S78731,tablet
U0850,P0243,click,2026-03-01 15:09:25,S33491,mobile
U0482,P0035,click,2026-02-28 06:49:58,S36118,tablet
U0097,P0276,purchase,2026-03-03 03:26:54,S18009,tablet
U0480,P0305,view,2026-01-28 12:45:34,S93406,tablet
U0905,P0116,add_to_cart,2026-04-10 00:30:51,S35249,web
U0292,P0421,purchase,2026-04-04 11:07:55,S58139,tablet
U0786,P0207,add_to_cart,2026-04-01 19:41:52,S94095,tablet
U0208,P0040,view,2026-02-02 07:52:49,S46698,mobile
U0270,P0289,click,2026-02-05 19:01:01,S86980,tablet
U0785,P0197,add_to_cart,2026-04-03 21:33:36,S89269,web
U0990,P0414,purchase,2026-02-15 06:07:13,S10350,
U0222,P0047,view,2026-02-07 06:00:03,S72320,mobile
U0332,P0040,click,2026-02-06 18:37:50,S67630,web
U0681,P0242,add_to_cart,2026-02-27 18:13:05,S25374,mobile
U0574,P0202,purchase,2026-03-10 17:16:30,S56529,web
U0859,P0268,add_to_cart,2026-03-28 02:50:49,S89348,mobile
U0979,P0086,add_to_cart,2026-02-07 15:55:10,S83464,web
U0502,P0356,add_to_cart,2026-04-17 04:22:40,S83125,web
U0668,P0179,view,2026-01-23 13:18:51,S71089,tablet
U0355,P0373,purchase,2026-02-16 22:27:48,S83373,mobile
U0392,P0192,view,2026-01-21 07:07:48,S67944,web
U0539,P0100,click,2026-04-05 11:18:03,S53050,mobile
U0933,P0189,add_to_cart,2026-03-25 00:28:23,S89531,web
U0035,P0332,add_to_cart,2026-04-12 17:25:48,S62205,mobile
U0713,P0361,add_to_cart,2026-02-24 22:45:55,S17500,tablet
U0844,P0016,purchase,2026-04-07 23:01:08,S69569,web
U0178,P0243,click,2026-01-24 13:27:15,S13779,tablet
U0916,P0366,view,2026-04-20 06:26:27,S27255,mobile
U0430,P0428,click,2026-01-27 16:08:34,S93555,tablet
U0064,P0161,click,2026-03-30 10:06:09,S35451,tablet
U0629,P0378,click,2026-03-03 11:31:21,S32179,tablet
U0740,P0484,add_to_cart,2026-03-27 00:30:57,S97096,web
U0427,P0429,click,2026-01-28 07:01:29,S75735,mobile
U0747,P0137,click,2026-02-11 16:08:37,S15833,web
U0624,P0102,purchase,2026-02-11 23:07:50,S10422,web
U0281,P0288,add_to_cart,2026-02-04 12:25:54,S71112,tablet
U0857,P0357,click,2026-04-02 16:51:27,S21555,mobile
U0941,P0047,view,2026-01-31 06:45:34,S51615,tablet
U0642,P0495,click,2026-02-10 00:22:48,S38511,tablet
U0384,P0236,click,2026-02-20 11:12:21,S99245,tablet
U0966,P0462,view,2026-02-05 11:18:16,S16990,web
U0723,P0147,view,2026-02-24 05:06:45,S84060,web
U0424,P0116,view,2026-02-23 07:15:12,S33214,web
U0266,P0358,purchase,2026-02-22 03:21:52,S74210,web
U0593,P0187,add_to_cart,2026-04-12 19:02:36,S68939,tablet
U0704,P0426,view,2026-01-24 21:18:26,S60551,mobile
U0551,P0292,view,2026-04-19 15:47:46,S55471,tablet
U0831,P0350,add_to_cart,2026-02-15 12:27:30,S76029,tablet
U0850,P0381,add_to_cart,2026-01-31 18:41:15,S37619,web
U0224,P0240,add_to_cart,2026-01-24 04:11:52,S77768,tablet
U0647,P0096,purchase,2026-02-06 17:00:42,S86915,web
U0382,P0289,purchase,2026-04-14 21:25:21,S14436,web
U0719,P0054,add_to_cart,2026-01-21 05:46:47,S65234,web
U0343,P0173,click,2026-02-12 13:02:04,S50144,mobile
U0479,P0280,view,2026-01-22 15:59:01,S90820,web
U0608,P0295,purchase,2026-03-12 17:14:32,S41927,web
U0741,P0192,add_to_cart,2026-03-22 14:36:19,S49344,mobile
U0995,P0476,view,2026-03-25 03:55:36,S65179,web
U0793,P0138,purchase,2026-04-05 01:02:22,S31499,tablet
U0171,P0473,add_to_cart,2026-04-06 19:04:52,S36012,tablet
U0770,P0072,view,2026-04-14 12:07:46,S17051,mobile
U0317,P0406,view,2026-03-05 16:42:04,S61903,mobile
U0472,P0001,view,2026-02-14 06:15:53,S49489,web
U0083,P0095,view,2026-02-15 15:53:39,S21818,tablet
U0251,P0079,add_to_cart,2026-01-20 17:22:46,S30883,web
U0103,P0242,purchase,2026-04-19 07:44:11,S71906,tablet
U0386,P0426,purchase,2026-04-20 08:50:16,S22559,web
U0132,P0163,view,2026-03-12 11:54:35,S47118,tablet
U0748,P0447,purchase,2026-04-06 14:20:22,S80007,mobile
U0356,P0251,click,2026-02-17 22:09:20,S33351,mobile
U0378,P0186,add_to_cart,2026-03-25 00:03:28,S90028,tablet
U0770,P0204,click,2026-04-12 08:22:36,S28098,web
U0193,P0023,view,2026-02-27 15:51:08,S22170,web
U0394,P0335,view,2026-03-15 05:29:18,S47350,web
U0397,P0346,purchase,2026-01-24 09:30:12,S65277,mobile
U0168,,click,2026-03-20 03:00:31,S55388,tablet
U0751,P0052,purchase,2026-01-21 05:51:27,S51815,mobile
U0589,P0260,purchase,2026-04-17 16:33:17,S11518,web
U0670,P0492,purchase,2026-03-15 01:59:04,S49708,web
U0265,P0380,click,2026-04-07 16:23:37,S75806,web
U0800,P0243,add_to_cart,2026-03-29 13:17:03,S24637,mobile
U0435,P0273,purchase,2026-04-16 02:54:46,S29711,mobile
U0346,P0486,add_to_cart,,S90546,tablet
U0894,P0233,purchase,2026-01-26 16:55:17,S46924,mobile
U0125,P0445,purchase,2026-03-19 13:21:57,S16563,tablet
U0703,P0190,add_to_cart,2026-03-15 12:17:11,S98473,web
U0786,P0420,click,2026-03-30 09:43:47,S33426,web
U0366,P0214,click,2026-03-18 11:49:10,S49017,tablet
U0037,P0306,click,2026-03-06 01:19:58,S79634,tablet
U0406,P0128,view,2026-01-30 19:28:41,S22395,mobile
U0745,P0075,purchase,2026-03-16 10:00:04,S55270,web
U0706,,view,2026-03-28 20:43:08,S70085,mobile
U0079,P0168,add_to_cart,2026-01-24 05:20:34,S89869,tablet
U0654,P0416,click,2026-03-09 18:39:51,S20323,web
U0950,P0327,add_to_cart,2026-03-15 14:35:25,S12933,mobile
U0974,P0383,add_to_cart,2026-04-13 02:53:11,S66811,mobile
U0813,P0099,add_to_cart,,S77376,tablet
U0875,P0407,view,2026-04-18 01:46:40,S59051,tablet
U0485,P0111,purchase,2026-02-24 06:45:41,S46287,tablet
U0688,P0024,purchase,2026-02-12 10:22:24,S45740,mobile
U0417,P0107,click,2026-03-14 23:55:42,S27008,web
U0274,P0237,add_to_cart,2026-02-01 08:03:29,S39468,mobile
U0727,P0167,view,2026-01-28 22:15:35,S47726,tablet
U0730,P0312,purchase,2026-04-05 15:19:10,S93200,tablet
U0337,P0278,purchase,2026-03-21 20:18:13,S11647,web
U0349,P0164,add_to_cart,2026-03-17 05:31:33,S70548,tablet
U0511,P0108,view,2026-04-16 14:12:06,S43514,web
U0034,P0339,click,2026-04-10 17:42:51,S83574,web
U0086,P0107,add_to_cart,2026-02-27 10:37:29,S51331,web
U0691,P0240,click,2026-02-08 22:45:02,S86668,mobile
U0640,P0181,purchase,2026-03-14 00:51:08,S47209,tablet
U0762,P0252,view,2026-03-09 19:34:23,S27261,web
U0622,P0486,click,2026-02-01 14:24:31,S38613,mobile
U0114,P0293,add_to_cart,2026-02-11 05:47:35,S62575,tablet
U0419,P0181,view,2026-03-14 21:49:04,S46553,web
U0789,P0186,click,2026-04-15 23:03:04,S93389,web
U0515,P0275,purchase,2026-02-17 14:42:28,S74858,web
U0294,P0423,purchase,2026-02-09 06:28:01,S62435,web
U0004,P0273,add_to_cart,2026-03-20 23:53:28,S32579,tablet
U0930,P0051,purchase,2026-04-04 23:46:43,S64801,web
U0421,P0097,click,2026-04-09 08:09:45,S28162,tablet
U0635,P0258,click,2026-04-06 20:46:27,S63578,mobile
U0333,P0313,view,2026-02-10 20:43:40,S91984,web
U0701,P0047,add_to_cart,2026-01-22 21:53:39,S95736,web
U0566,P0262,view,2026-02-09 16:40:00,S58373,tablet
U0896,P0123,view,2026-03-21 07:16:26,S52300,mobile
U0301,P0034,click,2026-02-15 21:01:47,S70447,web
U0251,P0351,purchase,2026-02-19 06:26:23,S70477,tablet
U0657,P0057,add_to_cart,2026-02-09 08:54:54,S70583,tablet
U0986,P0036,click,,S78126,web
U0883,P0198,click,2026-03-14 09:28:02,S80430,mobile
U0733,P0398,click,2026-03-17 17:30:20,S17836,web
U0832,P0204,click,2026-03-07 14:32:34,S77051,tablet
U0666,P0226,purchase,2026-02-04 03:46:22,S29134,web
U0777,P0423,click,2026-02-10 13:20:33,S64118,tablet
U0348,P0073,view,2026-03-22 07:38:56,S44669,mobile
U0338,P0329,click,2026-03-19 17:53:51,S42077,web
U0351,P0152,purchase,2026-03-03 16:23:51,S43806,tablet
U0282,P0305,click,2026-02-06 05:23:21,S78390,web
U0027,P0114,add_to_cart,2026-04-02 13:12:22,S48170,web
U0968,P0367,view,2026-04-02 23:04:45,S49943,web
U0731,P0226,add_to_cart,2026-02-08 04:40:49,S29205,tablet
,P0440,purchase,2026-02-21 23:11:01,S39873,mobile
U0872,P0109,add_to_cart,2026-02-07 21:16:16,S11581,web
U0373,P0370,purchase,2026-03-22 22:31:02,S32335,web
U0660,P0080,add_to_cart,2026-03-27 13:37:48,S59542,web
U0664,P0087,purchase,2026-02-11 17:37:18,S59790,mobile
U0685,P0485,click,2026-03-04 08:11:08,S50541,mobile
U0230,P0077,add_to_cart,2026-04-07 04:21:15,S95196,mobile
U0366,P0256,purchase,2026-04-02 23:15:07,S11599,tablet
U0867,P0420,view,2026-02-14 13:14:12,S97063,mobile
U0409,P0321,click,2026-03-03 18:28:28,S18807,web
U0567,P0493,click,2026-01-27 16:15:41,S84278,tablet
U0254,P0126,add_to_cart,2026-02-12 23:41:42,S42124,mobile
U0707,P0368,purchase,2026-02-11 01:27:53,S89840,web
U0566,P0143,click,2026-02-13 02:19:05,S27373,tablet
U0311,P0032,view,2026-02-18 08:52:53,S86765,tablet
U0489,P0238,click,2026-03-29 01:51:35,S51793,tablet
U0075,P0101,purchase,2026-02-03 16:05:20,S20929,web
U0203,P0052,view,2026-04-06 17:44:22,S49316,tablet
U0010,,purchase,2026-02-03 16:06:57,S94230,mobile
U0604,P0413,purchase,2026-01-20 09:09:57,S63368,tablet
U0278,P0253,view,2026-03-03 18:28:11,S73344,tablet
U0291,P0488,add_to_cart,2026-02-22 19:22:35,S42639,web
U0282,P0348,add_to_cart,2026-04-10 16:01:17,S24610,mobile
U0500,P0004,add_to_cart,2026-03-26 17:07:50,S74983,mobile
U0184,P0034,purchase,2026-04-16 11:05:29,S22395,web
U0351,P0327,view,2026-02-13 03:57:29,S40382,mobile
U0315,P0257,add_to_cart,2026-03-01 19:18:40,S71849,mobile
U0702,P0154,view,2026-04-03 05:37:43,S52436,mobile
U0197,P0393,purchase,2026-02-10 05:45:01,S89970,tablet
U0161,P0167,purchase,2026-04-13 21:40:17,S64645,tablet
U0276,P0118,add_to_cart,2026-03-21 11:03:15,S58600,mobile
U0314,P0171,add_to_cart,2026-03-01 16:22:24,S50372,console
U0577,P0202,purchase,2026-01-20 14:42:43,S17249,web
U0363,P0331,view,2026-03-19 09:59:00,S12553,tablet
U0208,P0107,add_to_cart,2026-02-26 13:35:52,S13103,web
U0438,P0405,purchase,2026-03-02 20:19:07,S83396,tablet
U0205,P0409,view,2026-04-09 18:18:41,S67685,web
U0110,P0039,view,2026-02-09 11:51:01,S72872,tablet
U0608,P0241,click,2026-04-14 14:12:06,S73837,mobile
U0287,P0311,purchase,2026-01-27 03:41:35,S17355,tablet
U0351,P0142,add_to_cart,2026-03-17 10:20:55,S24553,web
U0138,P0451,click,2026-03-02 15:03:54,S29893,mobile
U0604,P0154,view,2026-04-01 03:12:15,S67443,mobile
U0336,P0294,add_to_cart,2026-04-01 19:20:02,S48196,tablet
U0023,P0072,click,2026-04-19 11:25:51,S57347,web
U0766,P0453,view,2026-02-12 11:41:49,S71384,mobile
U0472,P0186,add_to_cart,2026-02-14 09:25:51,S43470,tablet
U0766,P0478,click,2026-02-06 04:20:22,S94179,web
U0438,P0203,purchase,2026-01-26 19:14:18,S17901,tablet
U0383,P0009,purchase,2026-01-24 18:21:28,S52869,tablet
U0504,P0145,add_to_cart,2026-04-11 02:26:36,S19902,tablet
U0095,P0499,click,2026-03-29 05:45:38,S77305,mobile
U0588,P0473,purchase,2026-04-08 23:40:19,S35020,mobile
U0786,P0351,purchase,2026-02-24 16:57:22,S69151,tablet
U0156,P0334,add_to_cart,2026-01-29 06:36:52,S94913,tablet
U0348,P0233,purchase,2026-01-22 14:37:00,S85332,web
U0007,P0320,purchase,2026-01-22 00:18:39,S39521,web
U0438,P0078,add_to_cart,2026-02-17 21:16:35,S98413,web
U0546,P0235,view,2026-04-03 12:54:44,S85609,mobile
U0194,P0396,view,2026-02-15 11:13:53,S33800,mobile
U0027,P0274,click,2026-02-05 19:39:48,S55681,desktop
U0336,P0446,add_to_cart,2026-02-18 23:57:47,S37368,mobile
U0311,P0084,purchase,2026-02-23 08:28:57,S38473,web
U0028,P0071,purchase,2026-02-04 13:39:26,S13332,web
U0889,P0381,view,2026-03-09 01:47:30,S68564,web
U0409,P0102,view,2026-03-09 21:29:20,S26338,mobile
U0993,P0090,click,2026-02-09 07:37:57,S25775,web
U0759,P0310,add_to_cart,2026-03-01 15:06:51,S35032,mobile
U0093,P0410,add_to_cart,2026-03-22 09:17:40,S76680,mobile
U0968,P0234,click,2026-01-20 13:50:11,S65052,web
U0985,P0440,click,2026-03-06 13:07:17,S50629,mobile
U0445,P0485,add_to_cart,2026-02-18 03:04:29,S95253,tablet
U0830,P0200,purchase,2026-01-22 10:00:07,S94850,web
U0047,P0073,view,2026-02-11 20:33:20,S11215,mobile
U0532,,view,2026-04-18 17:06:19,S15110,mobile
U0611,P0411,view,2026-04-14 10:40:15,S58719,tablet
U0425,P0422,view,2026-03-14 06:16:39,S32890,tablet
U0989,P0078,view,2026-03-07 03:58:58,S31282,mobile
U0510,P0105,add_to_cart,2026-03-12 22:46:00,S58913,web
U0637,P0165,click,2026-01-23 12:04:21,S13735,web
U0036,P0377,view,2026-03-13 01:41:34,S80710,web
U0781,P0307,view,2026-02-09 03:38:42,S11958,web
U0919,P0115,click,2026-03-14 02:24:53,S24733,web
U0476,P0213,purchase,2026-02-06 21:57:51,S93473,mobile
U0319,P0244,purchase,2026-02-21 04:40:03,S52320,tablet
U0553,,click,2026-03-22 17:56:32,S84873,mobile
U0129,P0113,view,2026-02-07 08:12:43,S96403,mobile
U0762,P0049,purchase,2026-02-25 22:23:31,S23792,mobile
U0232,,view,2026-04-14 10:57:46,S53073,tablet
U0998,P0237,add_to_cart,2026-02-05 11:56:24,S65315,web
U0678,P0075,click,2026-03-10 23:00:21,S16293,mobile
U0187,P0008,view,2026-04-11 01:14:31,S41172,mobile
U0407,P0166,click,2026-04-03 17:30:16,S73418,web
U0193,P0322,purchase,2026-03-18 07:49:19,S69400,tablet
U0270,P0280,purchase,2026-02-04 10:10:09,S95912,tablet
U0947,P0173,add_to_cart,2026-02-12 09:17:40,S54693,web
U0791,,purchase,2026-04-14 03:30:48,S97557,web
U0782,P0266,add_to_cart,2026-01-28 13:18:16,S65904,tablet
U0027,P0494,view,2026-02-01 08:16:09,S69956,mobile
U0124,P0282,add_to_cart,2026-02-05 12:39:23,S50243,web
U0447,P0284,click,2026-03-25 06:38:55,S62108,tablet
U0200,P0073,view,2026-01-22 07:14:01,S56391,tablet
U0616,P0400,view,2026-04-02 19:19:01,S78818,mobile
U0820,P0273,add_to_cart,2026-03-30 08:23:22,S79582,mobile
U0384,P0082,click,2026-04-17 06:01:50,S93218,tablet
U0880,P0317,view,2026-02-08 19:41:26,S89910,web
U0879,P0104,add_to_cart,2026-01-26 14:35:43,S48862,web
U0923,P0268,purchase,2026-03-21 17:02:22,S52194,mobile
U0739,P0481,add_to_cart,2026-01-20 02:43:33,S42942,tablet
U0570,P0343,add_to_cart,2026-02-15 22:19:22,S87854,mobile
U0061,P0387,purchase,2026-02-06 05:14:07,S73036,mobile
U0783,P0498,view,2026-03-11 05:48:18,S94683,web
U0401,P0303,view,2026-02-20 12:45:28,S19244,mobile
U0987,P0486,add_to_cart,2026-02-06 14:36:57,S26183,tablet
U0758,P0300,view,2026-02-15 16:08:34,S28665,tablet
U0283,P0390,add_to_cart,2026-01-21 23:11:00,S25373,tablet
U0319,P0269,click,2026-04-10 21:47:19,S71749,mobile
U0677,P0225,add_to_cart,2026-02-04 19:42:23,S89958,web
U0158,P0037,add_to_cart,2026-02-23 01:29:30,S60004,web
U0116,P0321,purchase,2026-03-15 21:17:54,S32079,tablet
U0709,P0444,purchase,2026-02-26 08:10:43,S78529,mobile
U0091,P0375,add_to_cart,2026-02-19 18:00:19,S66685,web
U0059,P0327,click,2026-02-24 10:02:38,S42986,tablet
U0521,P0169,purchase,2026-04-15 09:08:51,S56748,mobile
U0014,P0052,purchase,2026-02-20 21:19:39,S74877,mobile
U0606,P0223,add_to_cart,2026-02-02 17:45:45,S83488,tablet
U0858,P0290,purchase,2026-04-07 18:53:42,S97498,web
U0044,,click,2026-04-05 23:23:57,S22920,tablet
U0098,P0061,view,2026-03-07 21:07:17,S98160,tablet
U0926,P0310,purchase,2026-03-11 01:27:05,S55521,tablet
U0808,P0226,purchase,2026-04-03 19:01:59,S14885,web
U0833,P0413,purchase,2026-04-15 00:56:00,S38316,tablet
U0186,P0013,add_to_cart,2026-02-01 10:38:29,S64020,mobile
U0747,P0234,add_to_cart,2026-03-06 12:31:35,S56186,mobile
U0284,P0229,click,2026-03-02 16:40:57,S93205,web
U0788,P0407,view,2026-02-15 20:20:00,S81732,tablet
U0330,P0380,purchase,2026-03-05 06:15:51,S75514,mobile
U0342,P0181,view,2026-03-01 11:08:06,S23277,tablet
U0093,P0328,purchase,2026-03-01 22:38:20,S75168,tablet
U0191,P0388,purchase,2026-02-14 09:38:12,S73627,web
U0346,P0413,purchase,2026-03-07 05:47:48,S32091,web
U0017,P0058,view,2026-04-04 11:18:21,S76338,tablet
U0658,P0287,add_to_cart,2026-04-01 19:35:50,S33318,web
,P0357,click,2026-02-14 03:23:57,S21867,tablet
U0613,P0469,purchase,2026-02-22 05:18:25,S54585,tablet
U0363,P0204,view,2026-03-10 03:46:22,S48523,tablet
U0584,P0498,click,2026-03-02 08:11:08,S68004,mobile
U0252,P0281,view,2026-04-15 09:58:05,S13454,web
U0230,P0427,view,2026-02-20 08:13:20,S67718,tablet
U0832,P0111,view,2026-01-21 10:48:21,S41939,mobile
U0879,P0314,purchase,2026-03-17 15:05:32,S82918,tablet
U0582,P0099,purchase,2026-02-12 18:52:50,S86139,web
U0643,P0295,purchase,2026-02-22 13:15:06,S44544,web
U0380,P0187,view,,S56802,mobile
U0982,P0355,view,2026-03-02 08:59:21,S80552,tablet
U0132,P0050,purchase,2026-03-29 11:24:49,S23737,tablet
U0234,P0369,add_to_cart,2026-04-19 23:28:56,S82623,mobile
U0477,P0138,click,2026-03-19 22:31:48,S67392,console
U0606,P0224,click,2026-02-10 00:48:18,S83394,web
U0573,P0333,click,2026-03-05 17:21:12,S29382,
U0699,P0182,click,2026-02-24 20:44:38,S43031,tablet
U0029,P0366,purchase,2026-03-16 04:51:19,S61936,mobile
U0678,P0232,add_to_cart,2026-03-29 11:05:32,S53323,mobile
U0584,P0409,purchase,2026-02-07 19:38:48,S99302,tablet
U0323,P0442,click,2026-04-08 01:55:43,S56969,tablet
U0123,P0397,click,2026-04-08 02:18:59,S79438,web
U0748,P0083,view,2026-02-20 21:54:03,S33506,mobile
U0031,P0333,purchase,2026-02-04 12:04:48,S21679,mobile
U0969,P0207,purchase,2026-03-13 13:52:56,S72181,mobile
U0868,P0176,view,2026-02-01 11:19:49,S56551,mobile
U0725,P0221,add_to_cart,2026-03-24 03:18:12,S34191,web
U0412,P0103,view,2026-03-05 23:33:53,S92969,mobile
U0348,P0232,click,2026-03-28 09:23:06,S12673,tablet
U0063,P0286,click,2026-04-17 13:35:09,S22516,mobile
U0002,P0494,click,2026-01-20 11:54:02,S60430,web
U0029,P0410,add_to_cart,2026-01-28 06:16:35,S34704,tablet
U0636,P0256,view,2026-03-29 07:57:02,S55252,mobile
U0894,P0350,view,2026-04-06 13:37:22,S85233,mobile
U0913,P0226,view,2026-03-25 05:25:10,S68340,mobile
U0638,P0020,click,2026-02-28 10:36:38,S24126,web
U0700,P0093,view,2026-02-01 18:07:08,S35317,tablet
U0159,P0314,add_to_cart,2026-03-19 23:58:29,S81824,desktop
U0803,P0230,click,2026-04-15 20:11:14,S18580,web
U0253,P0188,view,2026-02-19 17:52:05,S34686,web
U0043,P0184,click,2026-03-22 21:31:21,S22947,tablet
U0094,P0340,add_to_cart,2026-03-28 20:29:53,S85377,tablet
U0545,P0268,purchase,2026-03-30 23:25:05,S36336,web
U0329,P0070,purchase,2026-02-14 10:39:58,S92095,web
U0414,P0223,purchase,2026-01-30 17:51:26,S13123,web
U0107,P0165,purchase,2026-04-08 14:09:21,S50094,web
U0806,P0395,add_to_cart,2026-04-17 02:00:24,S79147,mobile
U0193,P0485,click,2026-02-28 21:23:20,S84878,tablet
U0178,P0329,add_to_cart,2026-01-26 19:27:10,S13665,mobile
U0990,P0156,purchase,2026-02-13 12:48:26,S80485,console
U0844,P0423,purchase,2026-03-26 19:04:39,S33368,tablet
U0380,P0349,click,2026-02-16 03:35:30,S69930,mobile
U0914,P0114,add_to_cart,2026-01-29 07:24:47,S74916,mobile
U0585,P0328,click,2026-01-25 13:53:22,S37004,tablet
U0120,P0474,add_to_cart,2026-01-20 08:45:08,S96454,web
U0182,P0200,view,2026-03-08 14:38:05,S15866,mobile
U0146,P0307,view,2026-04-09 09:24:00,S65422,tablet
U0585,P0364,add_to_cart,2026-02-15 23:47:14,S45732,web
U0707,P0006,purchase,2026-03-13 13:43:51,S46449,mobile
U0837,P0399,purchase,2026-02-21 21:51:00,S11367,tablet
U0710,P0203,click,2026-04-19 16:21:08,S26893,tablet
U0707,P0115,click,2026-04-11 04:09:52,S25109,mobile
U0924,P0406,purchase,2026-01-28 06:40:33,S80377,web
U0172,P0484,add_to_cart,2026-04-17 14:29:53,S47330,tablet
U0294,P0146,add_to_cart,2026-02-02 04:20:50,S61761,mobile
U0974,P0045,purchase,2026-02-14 04:37:41,S77924,mobile
U0481,P0246,click,2026-02-03 08:19:28,S14984,web
U0189,P0043,click,2026-02-19 15:52:20,S90651,web
U0449,P0379,view,2026-03-17 21:44:10,S15380,tablet
U0957,P0258,view,2026-02-15 11:34:30,S15735,tablet
U0015,P0486,view,2026-03-04 09:07:53,S33006,web
U0474,P0103,click,2026-03-11 13:50:11,S30066,desktop
U0518,P0033,view,2026-02-12 22:50:10,S35472,web
U0674,P0370,purchase,2026-01-23 16:02:21,S19094,mobile
U0617,P0271,add_to_cart,2026-04-01 05:51:55,S28790,tablet
U0988,,click,2026-02-03 02:22:16,S63729,tablet
U0548,P0009,view,2026-03-02 13:29:05,S15037,mobile
U0924,P0054,view,,S10448,tablet
U0060,P0417,purchase,2026-04-02 04:21:21,S39428,tablet
U0037,P0289,click,2026-01-22 23:37:27,S72446,tablet
U0661,P0198,add_to_cart,2026-04-17 22:25:46,S60694,web
U0933,P0384,view,2026-04-17 17:51:38,S90295,web
U0354,P0326,purchase,2026-03-22 05:34:32,S69535,tablet
U0901,P0185,view,2026-02-07 10:26:39,S93505,tablet
U0179,P0494,purchase,2026-02-21 05:50:13,S58244,tablet
U0022,P0222,add_to_cart,2026-02-07 01:32:57,S70284,web
U0728,P0451,view,2026-03-12 04:33:07,S92116,web
U0214,P0483,purchase,2026-03-14 15:12:32,S70369,tablet
U0464,P0228,purchase,2026-03-20 13:14:12,S54276,web
U0682,P0205,view,2026-03-28 07:29:49,S42244,mobile
U0730,P0098,view,2026-04-14 22:31:57,S57633,web
U0562,P0442,purchase,2026-03-08 23:26:50,S50225,mobile
U0403,P0073,purchase,2026-02-02 19:45:49,S95490,web
U0308,P0464,purchase,2026-01-26 07:15:37,S38465,web
U0565,P0456,view,2026-04-14 13:59:29,S77829,web
U0185,P0483,purchase,2026-01-23 07:31:00,S60589,tablet
U0684,P0089,add_to_cart,,S30428,tablet
U0412,P0295,view,2026-02-08 14:58:28,S51483,web
U0252,P0445,view,2026-03-23 11:30:46,S90000,tablet
U0544,P0377,click,2026-04-16 03:32:02,S18566,mobile
U0022,P0005,click,2026-03-03 03:16:29,S51064,web
U0208,P0381,view,2026-02-16 11:11:52,S18653,web
U0639,P0466,add_to_cart,2026-04-04 16:15:38,S72270,web
U0721,P0090,add_to_cart,2026-02-27 03:41:43,S83647,mobile
U0923,P0451,view,2026-02-09 15:06:59,S25524,tablet
U0933,P0317,purchase,2026-02-09 20:26:58,S82393,tablet
U0481,P0359,add_to_cart,2026-04-18 09:04:48,S24858,tablet
U0969,P0076,purchase,2026-02-01 01:26:01,S27773,web
U0485,P0195,purchase,2026-02-10 00:43:35,S86831,tablet
U0838,P0186,purchase,2026-04-04 20:49:21,S33833,web
U0916,P0011,purchase,2026-04-15 20:38:09,S55066,web
U0088,P0454,add_to_cart,2026-01-28 06:27:10,S27687,tablet
U0308,P0347,purchase,2026-02-08 04:02:25,S97674,mobile
U0985,P0325,add_to_cart,2026-02-26 03:01:28,S56492,tablet
U0819,P0254,click,2026-04-09 21:29:34,S64753,mobile
U0374,P0436,add_to_cart,2026-02-13 18:41:35,S46732,tablet
U0926,P0469,click,2026-03-23 11:35:55,S31873,mobile
U0665,P0123,add_to_cart,2026-02-22 16:20:42,S66747,web
U0042,P0140,purchase,2026-04-14 02:55:17,S53636,tablet
U0033,P0067,click,2026-04-03 00:41:58,S49676,web
U0205,P0464,purchase,2026-03-09 14:08:27,S14716,tablet
U0689,P0139,purchase,2026-03-03 13:21:16,S77185,web
U0417,P0363,add_to_cart,2026-02-05 12:36:22,S44286,tablet
U0198,P0251,add_to_cart,2026-02-23 03:01:59,S68965,tablet
U0087,P0413,add_to_cart,2026-03-26 04:07:59,S13015,mobile
U0826,P0391,click,2026-02-20 02:42:33,S33213,web
U0067,P0079,view,2026-01-31 02:44:44,S11264,tablet
U0014,P0378,add_to_cart,2026-04-09 02:33:45,S30479,tablet
U0642,P0495,purchase,2026-04-10 12:02:51,S97154,mobile
U0628,P0063,click,2026-04-20 05:03:01,S36151,tablet
U0949,P0042,view,2026-01-31 03:20:04,S10503,web
U0811,P0352,view,2026-02-15 01:49:13,S20408,web
U0329,P0321,view,2026-03-21 07:11:00,S74920,tablet
U0724,P0096,purchase,2026-02-25 21:32:49,S18030,web
U0190,P0260,click,2026-01-30 06:24:09,S35915,web
U0148,P0450,view,2026-04-19 04:30:54,S19932,mobile
,P0435,add_to_cart,2026-02-18 05:54:49,S61729,tablet
U0857,P0304,add_to_cart,2026-04-06 15:00:38,S76408,tablet
U0293,P0112,purchase,2026-02-21 12:33:08,S41558,tablet
U0008,P0336,add_to_cart,2026-02-25 05:52:17,S18474,mobile
U0065,P0253,add_to_cart,2026-01-27 22:34:04,S66373,mobile
U0691,P0392,purchase,2026-01-21 03:12:44,S51733,tablet
U0790,P0470,add_to_cart,2026-04-19 22:02:44,S98892,mobile
U0583,P0135,add_to_cart,2026-03-18 13:02:18,S72973,web
U0512,P0154,purchase,2026-03-01 19:52:34,S34941,mobile
U0602,P0088,click,2026-04-18 12:50:54,S63704,web
U0902,P0237,add_to_cart,2026-03-12 16:52:48,S70868,web
U0157,P0073,purchase,2026-03-14 00:53:28,S28275,web
U0391,P0446,view,2026-03-12 13:18:54,S11828,web
U0811,P0419,view,2026-02-08 21:35:17,S34105,mobile
U0098,P0009,purchase,2026-03-21 05:27:27,S45506,web
U0203,P0012,purchase,2026-03-11 05:45:50,S49783,tablet
U0285,P0117,view,2026-03-23 22:05:37,S75422,web
U0446,P0486,view,2026-03-23 02:10:32,S56316,mobile
U0069,P0488,add_to_cart,2026-04-20 17:21:22,S89667,web
U0145,P0121,purchase,2026-02-16 15:09:31,S74291,mobile
U0980,P0158,view,2026-03-04 22:57:15,S50712,tablet
U0634,P0220,click,2026-04-06 04:42:44,S79420,web
U0350,P0372,add_to_cart,2026-04-18 04:39:54,S58439,tablet
U0994,P0243,click,2026-01-22 16:16:39,S58497,web
U0253,P0108,add_to_cart,2026-04-18 08:29:57,S50964,tablet
U0938,P0462,purchase,2026-02-24 20:12:24,S54663,tablet
U0813,P0170,view,2026-02-05 11:43:03,S92926,tablet
U0995,P0467,view,2026-04-20 21:35:04,S89873,mobile
U0833,P0420,view,2026-03-23 20:30:32,S71571,mobile
U0321,P0262,click,2026-03-10 05:24:05,S91737,web
U0084,P0271,purchase,2026-03-20 21:56:23,S44866,mobile
U0461,P0200,view,2026-02-24 05:12:34,S57681,mobile
U0486,P0127,view,2026-04-11 00:06:40,S52888,web
U0845,P0318,purchase,2026-04-01 05:19:12,S45750,web
U0497,P0161,view,2026-04-12 06:51:07,S88326,tablet
U0124,P0152,click,2026-02-13 19:03:36,S76077,web
U0255,P0405,purchase,2026-03-15 00:23:50,S49082,web
U0210,P0074,add_to_cart,2026-01-23 01:02:57,S95411,tablet
U0781,P0216,click,2026-03-08 16:55:40,S29348,web
U0641,P0196,view,2026-04-06 16:10:14,S51168,mobile
U0960,P0141,purchase,2026-02-24 07:12:03,S89500,web
U0292,P0084,view,2026-03-02 00:37:02,S26241,mobile
U0889,P0168,purchase,2026-03-08 05:09:39,S51322,tablet
U0385,P0282,click,2026-04-10 15:48:39,S94715,web
U0406,P0092,add_to_cart,2026-04-08 01:15:26,S94360,web
U0332,P0290,click,2026-03-26 02:02:01,S27284,web
U0066,P0475,click,2026-02-06 05:31:06,S23402,tablet
U0168,P0482,view,2026-01-31 13:07:07,S56803,web
U0084,P0212,add_to_cart,2026-01-28 17:55:47,S62502,tablet
U0064,P0269,purchase,2026-04-12 14:25:03,S30314,tablet
U0843,P0046,view,2026-03-18 05:47:28,S25105,web
U0233,P0123,click,2026-04-12 20:18:16,S13175,mobile
U0659,P0432,view,2026-03-22 01:32:36,S15528,mobile
U0777,P0120,view,2026-02-06 18:13:32,S51872,web
U0397,P0388,purchase,2026-01-22 18:34:39,S47963,web
U0025,P0343,purchase,2026-03-31 02:28:27,S15259,mobile
U0604,P0019,view,2026-02-18 21:13:00,S74417,mobile
U0358,P0360,click,2026-04-04 13:24:09,S76735,mobile
U0407,P0109,view,2026-03-29 00:16:03,S92271,tablet
U0638,P0145,add_to_cart,2026-04-01 13:37:40,S76962,web
U0164,P0428,view,2026-04-07 09:19:50,S53841,mobile
U0335,P0460,add_to_cart,2026-03-11 04:20:19,S95257,web
U0463,P0015,purchase,2026-04-07 23:43:01,S98060,tablet
U0789,P0208,view,2026-02-12 04:06:10,S15460,web
U0824,P0055,view,2026-02-14 20:45:38,S49139,tablet
U0691,P0110,add_to_cart,2026-03-07 16:53:08,S17126,tablet
U0642,P0118,add_to_cart,2026-02-16 18:36:30,S13121,smart_tv
U0013,P0111,view,2026-03-03 07:30:47,S75482,tablet
U0398,P0369,add_to_cart,2026-03-19 14:13:36,S88880,mobile
U0943,P0252,purchase,2026-04-01 21:43:35,S47400,tablet
U0878,P0481,view,2026-01-29 22:26:28,S24058,mobile
U0874,P0016,click,2026-01-21 09:59:04,S10001,web
U0456,P0196,view,2026-02-01 01:56:57,S58241,mobile
U0662,P0098,purchase,2026-03-08 02:46:14,S46697,web
U0670,P0012,add_to_cart,2026-01-24 04:22:18,S49590,mobile
U0270,,view,2026-02-04 23:10:54,S99368,mobile
U0902,P0477,purchase,2026-02-11 00:31:20,S24756,mobile
U0743,P0121,purchase,2026-04-04 20:17:45,S45800,web
U0024,P0360,purchase,2026-01-28 05:34:52,S38242,mobile
U0408,P0348,purchase,2026-01-23 01:21:10,S75198,web
U0851,P0239,purchase,2026-02-11 00:28:59,S85597,mobile
U0673,P0033,add_to_cart,2026-04-20 10:15:05,S72805,mobile
U0822,P0137,click,2026-04-15 09:54:06,S34650,mobile
U0707,P0230,click,2026-04-13 01:36:23,S83821,web
U0573,P0488,purchase,2026-02-18 01:43:18,S47554,web
U0091,P0307,add_to_cart,2026-03-19 17:12:08,S81380,mobile
U0383,P0338,add_to_cart,2026-03-31 19:41:19,S29096,web
U0753,P0328,add_to_cart,2026-03-13 06:20:01,S86049,web
U0382,P0240,add_to_cart,2026-02-26 05:22:30,S98166,web
U0692,P0278,purchase,2026-03-07 15:43:05,S21330,tablet
U0260,P0454,view,2026-03-03 13:03:31,S94602,web
U0462,P0386,view,2026-01-25 12:30:17,S76368,tablet
U0149,P0307,add_to_cart,2026-03-30 23:02:08,S30896,tablet
U0143,P0418,view,2026-04-18 14:25:50,S20714,web
U0902,P0058,click,2026-03-27 03:46:47,S85427,mobile
U0261,P0479,view,2026-02-18 12:11:35,S74117,mobile
U0334,P0375,add_to_cart,2026-03-31 14:22:48,S78566,tablet
U0840,P0202,view,2026-04-03 12:47:03,S63477,tablet
U0770,P0055,view,2026-04-11 23:26:37,S69461,mobile
U0855,P0356,view,2026-01-20 18:22:07,S24129,web
U0148,P0469,click,2026-04-18 11:09:40,S41697,web
U0311,P0423,view,2026-03-30 23:14:16,S22659,mobile
U0025,P0009,click,2026-02-26 04:24:29,S37143,mobile
U0848,P0398,click,2026-01-28 09:13:38,S69323,mobile
U0433,P0484,add_to_cart,2026-04-14 14:40:22,S11385,tablet
U0612,P0154,add_to_cart,2026-03-10 13:39:00,S37321,web
U0439,P0318,purchase,2026-04-11 22:23:03,S87769,mobile
U0696,P0252,click,2026-03-24 11:38:14,S56071,mobile
U0262,P0359,purchase,2026-03-10 19:37:30,S22845,web
U0706,P0301,add_to_cart,2026-04-17 17:51:05,S13581,web
U0040,P0493,purchase,2026-01-31 17:17:22,S43050,tablet
U0095,P0043,view,2026-04-10 03:25:21,S69596,web
U0768,P0173,view,2026-04-07 17:05:09,S14501,web
U0318,P0283,purchase,2026-02-16 22:20:41,S63819,mobile
U0011,P0351,view,2026-04-05 01:01:40,S76361,web
U0071,P0258,view,,S84062,web
U0821,P0474,click,2026-02-21 21:19:23,S25423,tablet
U0530,P0252,view,2026-03-18 10:40:55,S31331,mobile
U0298,P0308,add_to_cart,2026-03-15 03:59:35,S30289,mobile
U0204,P0247,purchase,2026-02-20 00:12:26,S60764,tablet
U0827,P0335,view,2026-03-09 01:35:50,S49620,mobile
U0229,P0175,purchase,2026-02-18 16:11:23,S25216,mobile
U0169,P0072,view,2026-04-07 20:29:23,S13103,web
U0509,P0188,purchase,2026-01-22 19:07:15,S58272,tablet
U0557,P0055,purchase,,S46556,web
U0571,P0360,purchase,2026-01-28 02:22:22,S21435,web
U0899,P0486,add_to_cart,2026-03-21 14:36:42,S76468,mobile
U0929,P0476,view,2026-02-04 00:52:40,S31233,mobile
U0585,P0096,view,2026-03-18 19:52:34,S58931,tablet
U0270,P0245,click,2026-04-14 06:45:15,S86299,web
U0119,P0287,click,2026-02-18 07:22:15,S29318,web
U0137,P0383,purchase,2026-01-21 13:32:20,S17863,tablet
U0808,P0007,click,2026-03-28 09:40:50,S86752,tablet
U0010,P0156,view,2026-03-01 08:52:19,S72965,mobile
U0194,P0340,purchase,2026-03-22 17:25:48,S38065,mobile
U0177,P0199,click,2026-02-07 04:37:20,S76829,mobile
U0882,P0390,click,2026-03-22 18:41:30,S19514,tablet
U0169,P0127,purchase,2026-04-10 13:10:11,S39536,web
U0417,P0031,purchase,2026-01-25 11:40:06,S61724,mobile
U0198,P0344,add_to_cart,2026-03-11 16:22:39,S89486,mobile
U0767,P0465,view,2026-03-22 22:23:15,S76787,web
U0662,P0447,view,2026-02-19 21:48:29,S78322,web
U0510,P0396,click,2026-03-16 21:50:19,S14051,web
U0068,P0288,click,2026-04-20 05:17:59,S94069,mobile
U0379,P0143,purchase,2026-02-24 16:54:43,S95218,web
U0311,P0429,add_to_cart,2026-02-28 17:06:32,S77035,web
,P0388,view,2026-03-21 12:16:21,S21925,tablet
U0502,P0500,add_to_cart,2026-03-29 18:49:23,S90788,tablet
U0065,P0129,add_to_cart,2026-02-23 10:31:12,S87913,tablet
U0234,P0161,add_to_cart,2026-02-19 20:36:28,S35069,web
U0996,P0157,view,2026-03-03 18:50:52,S98617,web
U0286,P0136,purchase,2026-04-15 23:59:51,S34687,tablet
U0912,P0403,view,2026-04-18 10:44:28,S34899,tablet
U0703,P0186,add_to_cart,2026-02-15 16:50:45,S86251,tablet
U0178,P0061,add_to_cart,2026-04-11 08:59:38,S36965,tablet
U0809,P0325,add_to_cart,2026-02-12 23:34:26,S75136,web
U0252,P0201,purchase,2026-02-23 20:41:13,S70172,tablet
U0350,P0075,add_to_cart,2026-04-07 02:37:23,S43100,mobile
U0990,P0193,purchase,2026-01-20 02:25:22,S34763,web
U0951,P0254,purchase,2026-03-31 21:14:51,S46318,tablet
U0582,P0216,view,2026-02-23 01:51:23,S66060,tablet
U0502,P0305,click,2026-03-21 15:55:01,S60709,web
U0123,P0072,view,2026-02-04 13:09:20,S17143,mobile
U0868,P0036,add_to_cart,2026-02-02 19:58:11,S80152,web
U0131,P0402,click,2026-04-17 15:24:38,S36855,mobile
U0913,P0339,click,2026-01-21 04:03:25,S54250,tablet
U0737,P0142,add_to_cart,2026-03-16 08:45:46,S40210,mobile
U0634,P0310,add_to_cart,2026-03-31 12:52:20,S40980,mobile
U0024,P0284,add_to_cart,2026-02-17 06:15:23,S60236,mobile
U0555,P0316,click,2026-02-09 03:19:10,S84873,tablet
U0629,P0499,add_to_cart,2026-03-23 04:32:06,S22541,mobile
U0866,P0209,view,2026-02-19 16:43:48,S89902,mobile
U0914,P0089,view,2026-02-24 03:54:35,S10415,mobile
U0688,P0158,purchase,2026-04-04 21:50:06,S60685,web
U0219,P0119,click,2026-01-30 14:52:27,S68213,web
U0154,P0379,purchase,2026-04-08 13:50:28,S13018,tablet
U0784,P0140,view,2026-04-16 17:53:44,S67232,tablet
U0351,P0165,click,2026-03-24 18:28:46,S90692,web
U0859,P0227,view,2026-03-08 05:15:41,S20139,tablet
U0858,P0358,purchase,2026-02-10 14:42:33,S37149,mobile
U0322,P0181,purchase,2026-02-24 09:03:26,S48099,mobile
U0389,P0308,purchase,2026-01-23 20:30:34,S41991,tablet
U0715,P0034,purchase,2026-01-22 14:09:29,S84928,web
U0369,P0196,click,2026-03-23 15:53:05,S68369,web
U0092,P0224,add_to_cart,2026-03-05 08:19:17,S45274,web
U0934,P0134,purchase,2026-02-09 06:08:11,S38722,tablet
U0661,P0265,view,2026-01-24 13:53:16,S57785,mobile
U0779,P0118,click,2026-04-20 05:46:48,S22108,tablet
U0713,P0284,click,2026-02-21 02:53:08,S78846,web
U0464,P0077,add_to_cart,2026-02-07 15:52:13,S46505,mobile
U0235,P0210,add_to_cart,2026-02-10 18:57:04,S18752,mobile
U0893,P0048,click,2026-04-03 23:50:02,S33061,web
U0562,P0241,purchase,2026-02-10 08:36:05,S12252,mobile
,P0365,click,2026-01-28 03:41:45,S45264,mobile
U0547,P0064,purchase,2026-03-31 13:25:56,S33451,mobile
U0547,P0478,view,2026-02-20 00:19:06,S52661,mobile
U0785,,click,2026-03-25 18:22:07,S17451,web
U0139,P0086,click,2026-03-21 05:40:35,S27339,mobile
U0883,P0312,add_to_cart,2026-04-03 10:10:05,S70608,mobile
U0466,P0090,click,2026-02-20 05:54:05,S93903,tablet
U0773,P0022,click,2026-03-09 04:56:53,S10075,web
U0472,P0271,purchase,2026-04-16 14:22:55,S82130,tablet
U0744,P0207,purchase,2026-04-12 18:55:12,S56391,tablet
U0592,P0368,purchase,2026-02-21 19:03:32,S63435,mobile
U0516,P0440,purchase,2026-02-05 01:19:33,S37117,mobile
U0615,P0189,add_to_cart,2026-02-03 22:00:19,S64055,web
U0385,P0154,add_to_cart,2026-01-23 11:27:08,S73861,mobile
U0769,P0009,view,2026-03-16 23:14:43,S29289,web
U0886,P0303,view,2026-04-13 10:59:40,S61951,mobile
U0146,P0009,view,2026-03-17 09:12:30,S73802,web
U0478,P0365,purchase,2026-03-08 07:27:09,S70725,mobile
U0426,P0492,click,2026-02-20 05:17:55,S93889,mobile
U0303,P0192,click,2026-03-05 16:56:00,S60666,tablet
U0894,P0222,click,2026-04-06 10:42:08,S56500,tablet
U0565,P0245,click,2026-03-22 02:28:00,S56200,web
U0199,P0159,view,2026-01-21 03:41:17,S29128,tablet
U0729,P0288,add_to_cart,2026-01-27 00:53:55,S76782,mobile
U0646,P0267,add_to_cart,2026-01-23 16:19:27,S62876,web
U0818,P0314,purchase,2026-03-05 22:38:16,S52800,web
U0377,P0027,click,2026-03-17 17:44:59,S66807,tablet
U0038,P0342,click,2026-02-08 13:45:35,S53273,tablet
U0732,P0226,add_to_cart,2026-02-07 05:10:39,S35733,mobile
U0632,P0197,add_to_cart,2026-03-11 08:01:06,S15490,mobile
U0311,P0007,view,2026-02-13 15:13:57,S84618,mobile
U0428,P0410,view,2026-03-15 19:55:03,S84473,web
U0939,P0108,click,2026-01-28 05:56:56,S14910,web
U0745,P0248,click,2026-02-17 17:03:01,S31706,tablet
U0506,P0059,click,2026-04-15 16:44:01,S54923,tablet
U0746,P0191,purchase,2026-02-22 21:00:34,S83212,tablet
U0911,P0462,add_to_cart,2026-04-10 11:53:19,S79036,mobile
U0684,P0350,add_to_cart,2026-04-06 08:55:51,S39648,mobile
U0445,P0248,add_to_cart,2026-03-03 18:31:34,S49396,web
U0997,P0371,purchase,2026-01-26 21:32:34,S49366,web
U0110,P0422,view,2026-04-01 08:08:31,S38698,mobile
U0476,P0464,view,2026-02-01 19:44:28,S76301,web
U0423,P0381,purchase,2026-03-14 20:37:41,S53412,web
U0084,P0125,view,2026-04-09 17:31:08,S96885,mobile
U0794,P0161,click,2026-03-16 14:46:45,S66645,mobile
U0425,P0243,click,2026-03-03 13:29:06,S25496,web
U0242,P0250,purchase,2026-03-11 21:25:25,S38053,web
U0441,P0435,view,2026-02-25 08:51:21,S90028,mobile
U0345,P0082,add_to_cart,2026-04-05 13:43:14,S20863,mobile
U0085,P0043,click,2026-02-08 19:40:27,S66169,web
U0919,P0048,view,2026-01-26 00:04:33,S71762,mobile
U0034,P0069,add_to_cart,2026-03-07 13:00:25,S97301,tablet
U0090,P0021,view,2026-02-28 12:01:12,S23103,mobile
U0597,P0043,click,2026-04-08 00:00:27,S35198,mobile
U0919,P0201,purchase,2026-02-02 09:43:59,S87774,web
U0631,P0429,click,2026-04-08 10:21:22,S28168,mobile
U0474,P0311,add_to_cart,2026-02-09 23:25:40,S77487,mobile
U0509,P0311,view,2026-04-18 10:19:44,S14198,web
U0873,P0174,view,2026-04-18 17:12:32,S69311,web
U0975,P0261,add_to_cart,2026-02-26 23:47:34,S62572,web
U0827,P0477,view,2026-02-28 11:53:29,S37596,mobile
U0473,P0077,view,2026-01-24 02:53:34,S17700,tablet
U0897,P0061,view,2026-02-02 16:20:40,S26529,mobile
U0741,P0038,add_to_cart,2026-03-03 11:38:56,S85926,mobile
U0736,P0247,purchase,2026-03-13 04:27:51,S94451,tablet
U0966,P0344,add_to_cart,2026-04-20 07:38:15,S72026,tablet
U0035,P0187,view,2026-03-11 06:58:18,S55231,mobile
U0051,P0017,add_to_cart,,S75223,web
U0675,P0495,purchase,2026-04-20 11:46:52,S68931,mobile
U0836,P0168,purchase,2026-04-14 11:27:39,S84261,tablet
U0189,P0004,view,2026-02-21 15:08:19,S22218,web
U0897,P0172,view,2026-01-25 05:06:34,S41460,tablet
U0619,P0254,add_to_cart,2026-02-14 06:34:20,S64771,mobile
U0790,P0005,add_to_cart,2026-03-04 22:23:13,S58892,web
U0003,P0054,purchase,2026-03-25 07:20:38,S37664,mobile
U0341,P0349,add_to_cart,2026-03-28 14:13:28,S79302,tablet
U0628,P0475,view,2026-03-16 01:26:07,S69631,tablet
U0606,P0281,add_to_cart,2026-03-29 16:37:06,S15834,web
U0341,P0010,purchase,2026-04-05 22:49:47,S18231,web
U0850,P0450,purchase,2026-03-20 22:09:51,S84959,mobile
U0946,P0162,view,2026-03-18 09:38:14,S49358,tablet
U0873,P0020,view,2026-04-15 21:06:04,S43310,web
U0272,P0003,view,2026-01-25 08:04:31,S68884,mobile
U0407,P0002,purchase,2026-01-26 02:46:15,S45865,tablet
,P0461,purchase,2026-01-22 18:16:05,S93888,web
U0788,P0308,click,2026-03-24 21:07:24,S37972,tablet
U0678,P0283,add_to_cart,2026-02-03 08:33:00,S60990,tablet
U0744,P0169,view,2026-03-30 23:53:16,S36248,mobile
U0702,P0220,click,2026-03-03 23:33:03,S42190,web
U0022,P0051,view,2026-02-22 06:09:14,S96174,web
U0688,P0132,purchase,2026-02-09 15:31:35,S36750,tablet
U0168,P0186,click,2026-02-25 11:16:05,S81082,tablet
U0562,P0328,click,2026-01-29 05:39:50,S25917,mobile
U0977,P0123,click,2026-02-23 06:30:58,S24859,web
U0346,P0063,purchase,2026-03-26 04:26:43,S73077,tablet
U0630,P0143,click,2026-03-06 03:21:02,S56299,mobile
U0398,P0413,view,,S12389,tablet
U0824,P0497,click,2026-01-28 05:54:31,S29111,web
U0165,P0268,view,2026-03-22 22:59:41,S56056,mobile
U0349,P0437,purchase,2026-03-16 03:46:15,S77163,web
U0218,P0086,view,2026-04-09 23:12:36,S73363,tablet
U0766,P0358,click,2026-02-18 23:55:17,S74798,tablet
U0790,P0235,purchase,2026-03-02 23:23:37,S58348,mobile
U0922,P0022,click,2026-03-18 06:50:52,S10487,tablet
U0364,P0009,add_to_cart,2026-04-13 12:19:57,S64464,tablet
U0858,P0004,add_to_cart,2026-03-20 03:06:10,S27574,mobile
U0609,P0267,click,2026-04-05 04:56:35,S72053,web
U0567,P0283,add_to_cart,2026-02-04 22:45:12,S14257,tablet
U0325,P0126,add_to_cart,2026-03-29 15:29:49,S48463,mobile
U0880,P0055,click,2026-02-27 04:59:06,S43853,web
U0157,P0144,add_to_cart,2026-03-13 02:42:31,S79594,web
U0077,P0256,add_to_cart,2026-02-27 14:48:49,S12979,mobile
U0292,P0168,view,2026-01-31 05:00:12,S78806,tablet
U0614,P0437,click,2026-03-07 04:07:40,S22472,web
U0787,P0171,add_to_cart,2026-02-04 06:38:56,S85551,mobile
U0597,P0410,click,2026-02-18 01:47:12,S46243,web
U0862,P0390,click,2026-03-31 21:01:15,S81573,web
U0929,P0283,add_to_cart,2026-02-01 14:41:47,S15339,web
U0941,P0450,purchase,2026-01-31 23:57:11,S53681,web
U0759,P0027,view,2026-01-28 03:26:02,S87110,mobile
U0110,P0457,purchase,2026-01-25 17:05:02,S57333,web
U0555,P0055,add_to_cart,2026-02-09 21:30:44,S83556,mobile
U0084,P0172,view,2026-02-12 23:36:38,S84581,tablet
U0888,P0054,click,2026-03-21 07:57:08,S26601,mobile
U0756,P0491,view,2026-03-13 00:11:32,S99313,tablet
U0897,P0140,view,2026-03-24 19:56:10,S41183,mobile
U0441,P0109,purchase,2026-02-13 19:12:57,S48365,web
U0140,P0208,purchase,2026-04-04 10:28:24,S45305,mobile
U0632,P0439,click,2026-04-20 15:17:59,S43423,tablet
U0620,P0255,click,2026-02-03 14:45:55,S87429,mobile
U0765,P0130,view,2026-04-03 06:42:44,S93993,tablet
U0123,P0496,view,2026-02-05 01:27:49,S40258,mobile
U0763,P0024,click,2026-04-17 14:22:16,S27427,mobile
U0284,P0492,click,2026-04-03 00:06:09,S95439,mobile
U0735,P0057,click,2026-03-13 03:53:38,S54742,mobile
U0458,P0074,view,2026-04-12 04:29:13,S58333,web
U0421,P0194,add_to_cart,2026-03-17 07:20:17,S93237,mobile
U0212,P0200,add_to_cart,2026-02-13 08:50:20,S74213,web
U0972,P0141,purchase,2026-01-26 09:10:44,S10400,web
U0475,P0082,click,2026-01-27 16:42:08,S78718,web
U0209,P0212,click,2026-02-25 05:07:21,S47151,web
U0182,P0219,click,2026-03-21 19:16:54,S18558,tablet
U0466,P0179,add_to_cart,2026-04-12 08:10:01,S68896,mobile
U0705,P0443,add_to_cart,2026-03-22 14:13:16,S45342,mobile
,P0113,purchase,2026-02-06 00:37:27,S40726,tablet
U0498,P0197,view,2026-03-31 18:33:27,S94133,mobile
U0113,P0138,add_to_cart,2026-03-27 09:16:38,S22954,web
U0883,P0338,add_to_cart,2026-03-12 00:44:20,S18253,tablet
U0981,P0454,click,2026-02-19 10:17:48,S43043,mobile
U0776,P0491,view,2026-04-10 18:05:47,S79248,mobile
U0153,P0491,click,2026-03-02 20:09:57,S65014,tablet
U0350,P0001,purchase,2026-02-13 06:49:19,S24216,tablet
U0314,P0370,purchase,2026-02-21 09:54:03,S86833,mobile
U0644,P0206,add_to_cart,2026-02-01 13:49:57,S71846,tablet
U0201,P0456,view,2026-03-02 01:40:03,S54059,web
U0483,P0389,view,2026-03-29 12:08:23,S74638,mobile
U0442,P0491,click,2026-04-18 02:46:36,S23525,tablet
,P0071,view,2026-03-13 01:35:51,S36864,web
,P0274,click,2026-02-02 19:58:21,S67839,tablet
U0139,P0114,view,2026-02-16 13:30:11,S22695,mobile
U0263,P0006,purchase,2026-02-04 10:12:34,S94281,tablet
U0912,P0231,view,2026-01-31 12:24:31,S41025,tablet
U0122,P0048,add_to_cart,2026-04-06 19:32:51,S92458,mobile
U0046,P0244,add_to_cart,2026-03-30 06:04:53,S96153,tablet
U0747,P0004,purchase,2026-02-16 14:59:36,S53351,mobile
U0091,P0258,view,2026-04-03 10:06:34,S10012,web
U0714,P0179,add_to_cart,2026-03-18 20:15:13,S31534,mobile
U0757,P0050,click,2026-04-15 10:01:18,S35237,mobile
U0843,P0081,view,2026-01-25 06:31:53,S35671,mobile
U0203,P0068,add_to_cart,2026-03-19 02:13:51,S96725,web
U0232,P0317,view,2026-01-24 04:17:30,S36760,web
U0643,P0388,add_to_cart,2026-04-17 15:43:19,S30175,tablet
,P0427,view,2026-03-21 13:45:56,S10999,mobile
U0384,P0018,view,2026-04-17 15:18:16,S24224,mobile
U0783,P0081,view,2026-01-29 05:35:50,S64401,mobile
U0446,P0118,view,2026-02-23 18:56:31,S82744,tablet
U0544,P0487,add_to_cart,2026-03-18 05:43:50,S87892,tablet
U0677,P0291,view,2026-03-18 15:28:10,S32562,tablet
U0857,P0407,purchase,2026-02-24 11:29:43,S44108,tablet
U0220,P0475,click,2026-02-14 14:46:31,S48736,web
U0792,P0275,purchase,2026-01-31 21:10:05,S25118,tablet
U0130,P0462,click,2026-02-18 19:25:32,S24832,tablet
U0491,P0203,view,2026-01-26 18:51:29,S33565,tablet
U0897,P0119,view,,S76639,tablet
U0557,P0453,click,2026-02-19 19:37:28,S82388,mobile
U0348,P0269,click,2026-02-22 09:30:28,S53525,tablet
U0140,P0424,view,2026-01-25 15:34:22,S74291,mobile
U0144,P0412,view,2026-04-19 23:09:54,S21715,tablet
U0152,P0320,purchase,2026-01-29 15:22:08,S93080,tablet
U0083,P0378,add_to_cart,2026-03-19 05:59:38,S99304,web
U0868,P0173,click,2026-01-24 00:25:11,S13581,tablet
U0708,P0013,click,2026-01-30 11:44:30,S31616,tablet
U0828,P0327,click,2026-01-30 06:55:58,S73016,mobile
U0450,P0402,add_to_cart,2026-01-27 22:58:06,S89281,mobile
U0737,P0077,add_to_cart,2026-03-01 13:48:02,S98103,mobile
U0814,P0469,add_to_cart,2026-02-26 09:29:44,S30876,mobile
U0559,P0417,view,2026-04-06 20:59:07,S80780,web
U0295,P0252,click,2026-02-08 06:23:52,S47876,tablet
U0637,P0404,click,2026-03-01 13:48:54,S71456,mobile
U0520,P0223,purchase,2026-01-23 01:36:26,S88539,mobile
U0003,P0339,add_to_cart,2026-02-20 13:45:31,S55265,tablet
U0350,P0046,add_to_cart,2026-03-27 10:00:55,S79472,mobile
U0415,P0194,click,2026-02-19 15:02:09,S29565,web
U0524,P0117,add_to_cart,2026-03-08 01:47:02,S57999,web
U0842,P0088,purchase,2026-01-25 20:07:02,S15161,tablet
U0482,P0028,purchase,2026-02-15 08:45:08,S63763,tablet
U0877,P0315,purchase,2026-04-09 12:55:40,S12227,tablet
U0798,P0326,view,2026-02-05 02:20:56,S17957,web
U0822,P0025,click,2026-03-11 09:12:16,S79281,mobile
U0912,P0285,click,2026-02-22 22:46:35,S43903,tablet
U0182,P0281,purchase,2026-03-24 09:03:58,S77589,mobile
U0388,P0368,view,2026-03-28 23:35:00,S18410,web
U0275,P0125,view,2026-04-16 02:23:09,S28546,tablet
U0410,P0317,add_to_cart,2026-02-10 18:59:43,S84897,tablet
U0686,P0342,add_to_cart,2026-03-13 10:50:05,S30787,mobile
U0249,P0451,purchase,2026-02-05 13:24:28,S79248,web
U0220,P0054,add_to_cart,2026-02-21 02:59:29,S70550,mobile
U0842,P0200,add_to_cart,2026-04-10 14:11:42,S30535,web
U0969,P0385,add_to_cart,2026-02-26 01:32:26,S34456,web
U0808,P0118,add_to_cart,2026-03-04 19:47:13,S99546,mobile
U0301,P0099,click,2026-04-15 03:04:49,S71581,web
U0316,P0211,add_to_cart,2026-02-26 18:40:37,S85459,tablet
,P0470,click,2026-02-17 03:58:02,S58283,mobile
U0570,P0358,view,2026-02-24 12:04:17,S27596,web
U0625,P0426,click,2026-04-16 12:22:35,S14920,web
U0704,P0328,click,2026-02-26 08:41:42,S36822,mobile
U0214,P0497,add_to_cart,2026-02-13 19:09:31,S43779,tablet
U0323,P0453,click,2026-03-11 08:04:42,S28535,mobile
U0093,P0049,purchase,2026-03-28 16:58:58,S26223,tablet
U0050,P0311,view,2026-02-19 21:36:07,S21982,tablet
,P0102,purchase,2026-02-16 04:54:16,S63083,tablet
U0331,P0116,click,2026-03-13 01:15:55,S20071,mobile
U0941,P0385,purchase,2026-03-02 14:10:31,S22492,web
U0984,P0257,purchase,2026-03-31 19:05:43,S11098,mobile
U0934,P0095,view,2026-01-23 01:04:13,S86820,mobile
U0343,P0399,purchase,2026-02-03 20:00:55,S26765,tablet
U0537,P0474,click,2026-02-20 13:44:12,S53758,web
U0653,P0360,purchase,2026-02-22 10:19:38,S88128,mobile
U0984,P0372,purchase,2026-01-20 22:36:43,S99144,mobile
U0402,P0189,add_to_cart,2026-02-06 02:06:34,S19994,web
U0619,P0037,click,2026-03-28 23:16:32,S85370,web
U0112,P0277,add_to_cart,2026-02-17 08:25:23,S62035,tablet
U0489,P0176,click,2026-04-05 05:04:17,S63382,mobile
U0175,P0418,view,2026-02-16 22:05:04,S88900,tablet
U0152,P0038,view,2026-03-18 10:00:47,S53934,web
U0429,P0040,click,2026-02-21 01:19:41,S48528,mobile
U0533,P0275,purchase,2026-01-25 13:21:21,S92638,mobile
U0797,P0406,add_to_cart,2026-02-19 17:55:36,S61838,web
U0446,P0495,click,2026-03-27 03:29:40,S25271,tablet
U0132,,click,2026-01-25 07:01:28,S17259,tablet
U0907,P0105,add_to_cart,2026-03-10 14:29:04,S89616,mobile
U0838,P0447,click,2026-03-10 05:36:24,S99772,web
U0075,P0165,view,2026-02-01 06:23:24,S38652,web
U0920,P0175,add_to_cart,2026-01-26 15:38:53,S76725,tablet
U0188,P0224,click,2026-03-23 22:48:20,S73605,web
U0782,P0288,view,2026-04-09 07:40:37,S78746,web
U0298,P0384,click,2026-02-03 08:48:52,S49846,tablet
U0006,P0407,purchase,2026-02-13 12:28:26,S49117,mobile
U0489,P0442,view,2026-03-13 01:40:45,S37782,mobile
U0661,P0192,click,2026-01-26 03:43:51,S97428,web
U0463,P0354,click,2026-04-07 01:43:44,S76505,web
U0579,P0298,click,2026-02-26 10:24:15,S85246,mobile
U0958,P0009,purchase,2026-02-21 21:13:21,S31705,web
U0775,P0307,purchase,2026-04-09 20:51:06,S59265,tablet
U0304,P0426,purchase,2026-01-31 19:00:47,S48738,mobile
U0549,P0402,add_to_cart,2026-04-04 13:59:04,S93463,tablet
U0255,P0076,add_to_cart,2026-04-02 03:44:53,S48588,mobile
U0791,P0257,add_to_cart,2026-04-02 22:31:45,S35487,mobile
U0912,P0098,click,2026-02-12 08:07:12,S48591,mobile
U0795,P0497,purchase,2026-03-12 20:31:53,S83380,mobile
U0418,,click,2026-04-01 17:13:14,S30316,web
U0656,P0061,purchase,2026-03-14 01:06:40,S94139,web
U0179,,view,2026-02-28 20:26:57,S39898,tablet
U0622,P0113,add_to_cart,2026-04-15 21:55:57,S57422,tablet
U0250,P0461,view,2026-04-14 20:25:51,S12293,web
U0848,P0002,add_to_cart,2026-03-13 04:17:20,S28672,tablet
U0580,P0313,purchase,2026-03-04 01:05:24,S81991,mobile
U0416,P0303,add_to_cart,2026-03-30 05:20:16,S66904,tablet
U0273,P0048,purchase,2026-04-03 13:46:24,S55182,web
U0646,P0038,view,2026-01-21 20:27:15,S73167,web
U0101,P0345,view,2026-02-13 19:14:32,S51116,tablet
U0345,P0473,click,2026-02-21 06:59:31,S45002,web
U0555,P0077,view,2026-04-05 11:18:49,S76719,web
U0642,P0461,click,2026-01-23 05:58:47,S72707,mobile
U0002,P0004,purchase,2026-04-06 14:13:26,S61024,mobile
U0057,P0060,purchase,2026-03-25 07:21:24,S19837,mobile
U0685,P0099,add_to_cart,2026-01-23 01:44:40,S18679,web
U0541,P0029,add_to_cart,2026-01-30 10:40:08,S92557,tablet
U0075,P0440,add_to_cart,2026-01-26 16:29:53,S63449,mobile
U0884,P0323,view,2026-04-04 16:08:26,S94157,web
U0643,P0074,click,2026-03-08 08:01:42,S93558,web
U0277,P0009,purchase,2026-03-17 16:07:04,S88490,web
U0401,P0084,click,2026-03-18 05:05:14,S62850,web
U0688,P0067,view,2026-03-05 00:42:30,S82805,mobile
U0764,P0447,purchase,2026-04-10 17:15:46,S60393,mobile
U0165,P0290,click,2026-02-22 00:49:39,S62072,tablet
U0691,P0274,add_to_cart,2026-01-28 07:06:34,S36009,mobile
U0465,P0119,click,2026-02-05 11:26:22,S56907,tablet
U0953,P0088,view,2026-03-05 14:36:40,S24249,web
U0558,P0475,click,2026-03-20 00:23:14,S36858,mobile
U0695,,click,2026-04-07 05:56:54,S10060,web
U0116,P0113,purchase,2026-02-19 18:41:18,S97770,web
U0136,P0240,purchase,2026-03-30 20:52:41,S55215,web
U0125,P0098,view,2026-03-18 02:42:23,S97539,tablet
U0304,,add_to_cart,2026-04-05 01:47:26,S32111,tablet
U0331,P0025,view,2026-03-11 10:42:17,S76881,mobile
U0997,P0419,click,2026-03-16 10:01:36,S47324,mobile
,P0232,view,2026-04-17 09:06:24,S23318,web
U0482,P0274,click,2026-02-07 16:51:53,S75491,tablet
U0526,P0088,view,2026-01-29 00:30:36,S31165,tablet
U0095,P0450,purchase,2026-04-05 19:31:26,S33906,mobile
U0644,P0100,add_to_cart,2026-03-27 15:17:12,S32494,tablet
U0560,P0175,purchase,2026-04-17 22:04:54,S67400,mobile
U0777,P0219,view,2026-03-30 08:50:54,S25071,tablet
U0182,P0279,add_to_cart,2026-03-13 01:03:41,S54364,mobile
U0587,P0385,purchase,2026-01-22 17:56:35,S87150,tablet
U0737,P0326,purchase,2026-03-12 04:19:56,S69450,web
U0717,P0032,purchase,2026-03-24 08:35:26,S63095,tablet
U0799,P0414,view,2026-01-21 13:17:32,S10295,web
U0554,P0074,click,2026-04-14 06:13:25,S33651,mobile
U0645,P0179,add_to_cart,2026-04-16 05:47:48,S21296,web
U0696,,add_to_cart,2026-01-21 12:11:55,S80657,web
U0960,P0054,add_to_cart,2026-03-12 20:43:56,S29705,tablet
U0075,P0268,view,2026-01-29 20:46:32,S28185,web
U0582,P0204,purchase,2026-04-06 01:26:08,S83076,tablet
U0548,P0396,add_to_cart,2026-02-19 15:39:15,S91715,tablet
U0555,P0148,click,2026-02-09 04:37:09,S14952,web
U0818,P0018,view,2026-04-14 19:44:38,S66773,tablet
U0613,P0367,add_to_cart,2026-03-25 10:37:35,S94983,mobile
U0306,P0452,add_to_cart,2026-04-08 18:38:55,S82553,tablet
U0068,P0332,click,2026-02-25 12:37:33,S69226,tablet
U0559,P0260,purchase,2026-01-24 23:50:30,S67855,mobile
U0366,P0473,view,2026-02-19 19:48:19,S62645,web
U0400,P0245,view,2026-03-30 23:54:38,S34479,mobile
U0957,P0316,purchase,2026-02-24 13:51:06,S20222,tablet
U0066,P0369,purchase,2026-03-24 22:13:30,S79756,web
U0394,P0278,view,2026-04-09 20:55:13,S67208,tablet
U0510,P0368,view,2026-02-05 11:39:18,S77648,tablet
U0201,P0253,click,2026-04-12 19:22:28,S51714,tablet
U0537,P0001,purchase,2026-04-12 06:46:50,S99435,tablet
U0812,P0122,add_to_cart,2026-01-26 09:48:21,S13918,tablet
U0917,P0445,add_to_cart,2026-03-10 13:52:10,S91204,web
U0703,P0234,click,2026-01-23 04:32:41,S32009,web
U0922,P0278,view,2026-03-04 13:38:10,S45169,web
U0187,P0479,purchase,2026-03-19 21:36:43,S61651,mobile
U0144,P0181,add_to_cart,2026-02-12 23:14:23,S42325,tablet
U0975,P0069,add_to_cart,2026-03-11 08:05:23,S35502,tablet
U0984,P0462,click,2026-03-04 14:44:31,S31551,web
U0082,P0351,add_to_cart,2026-02-12 19:24:26,S54287,tablet
U0955,P0248,view,2026-03-04 14:09:57,S31978,tablet
U0176,P0207,view,2026-04-18 08:05:33,S55000,tablet
U0623,P0401,add_to_cart,2026-02-02 08:08:21,S76123,mobile
U0574,P0364,purchase,2026-03-08 13:19:06,S13363,tablet
U0502,P0266,add_to_cart,2026-03-10 20:20:27,S52516,mobile
U0625,P0165,purchase,2026-04-17 10:27:37,S44302,mobile
U0008,,add_to_cart,2026-04-10 22:41:21,S25725,tablet
U0916,P0263,click,2026-02-03 17:31:14,S88512,web
U0169,P0025,view,2026-03-27 12:08:47,S86280,mobile
U0276,P0407,click,2026-01-31 13:15:39,S37549,web
U0315,P0046,add_to_cart,2026-02-26 16:31:04,S24093,web
U0848,P0168,view,2026-02-02 07:53:09,S32742,web
U0635,,view,2026-03-14 17:19:31,S78750,mobile
U0244,P0409,purchase,2026-03-18 11:33:11,S16002,mobile
U0983,P0318,add_to_cart,2026-02-08 23:25:20,S24300,web
U0974,P0395,click,2026-01-24 12:53:01,S33242,web
U0393,P0316,click,2026-04-19 21:32:39,S78645,web
U0575,P0031,view,2026-03-22 00:14:41,S45609,web
U0133,P0121,add_to_cart,2026-03-12 05:55:37,S27937,web
U0571,P0415,purchase,2026-03-14 02:07:30,S52526,tablet
U0519,P0213,purchase,2026-03-29 16:06:00,S46639,web
U0884,P0086,view,2026-03-24 12:18:07,S76874,web
,P0458,add_to_cart,2026-03-30 23:01:00,S54503,tablet
U0603,P0217,add_to_cart,2026-03-01 22:20:32,S47753,mobile
U0515,P0066,add_to_cart,2026-04-08 04:19:12,S20876,tablet
U0439,P0171,click,2026-02-06 00:13:40,S15164,mobile
U0160,P0411,add_to_cart,2026-03-08 23:16:16,S40090,tablet
U0663,P0450,view,2026-01-29 08:36:28,S27187,tablet
U0899,P0423,click,2026-03-02 11:33:19,S19075,mobile
U0006,P0166,add_to_cart,2026-03-22 01:13:48,S78391,mobile
U0649,P0325,purchase,2026-04-01 06:37:54,S99390,mobile
U0291,P0156,add_to_cart,2026-03-27 19:06:25,S90859,web
U0396,P0301,purchase,2026-02-07 18:11:21,S39109,web
U0460,P0461,purchase,2026-02-26 23:24:58,S64169,mobile
U0765,,view,2026-03-07 18:45:43,S31981,web
U0295,P0108,click,2026-03-28 07:57:11,S32658,tablet
U0557,P0414,click,2026-02-06 06:55:59,S18246,mobile
U0205,P0311,view,2026-04-12 00:15:28,S92170,web
U0640,P0048,click,2026-03-09 00:17:43,S21776,tablet
U0251,P0213,add_to_cart,2026-03-23 05:49:51,S36733,tablet
U0567,P0238,add_to_cart,2026-01-23 19:23:17,S31634,web
U0414,P0266,click,2026-04-15 16:36:12,S33192,mobile
U0922,P0180,purchase,,S44123,tablet
U0997,P0186,add_to_cart,2026-03-22 04:56:22,S59664,mobile
U0884,P0293,click,2026-03-02 05:11:10,S91082,mobile
U0524,P0419,purchase,2026-03-09 23:56:43,S82587,mobile
U0748,P0053,purchase,2026-01-26 20:00:07,S33809,tablet
U0451,P0492,click,2026-04-12 17:04:02,S33009,mobile
U0469,P0352,view,2026-02-14 16:07:31,S38478,tablet
U0672,P0299,view,2026-01-23 11:51:46,S33827,mobile
U0159,P0296,view,2026-03-13 06:13:58,S23213,tablet
U0438,P0410,add_to_cart,2026-04-14 21:18:20,S19877,tablet
U0311,P0121,view,2026-02-19 06:03:51,S52611,tablet
U0373,P0360,view,2026-04-03 19:40:00,S36632,web
U0570,P0482,add_to_cart,2026-02-23 15:12:51,S26011,web
U0743,P0331,purchase,2026-03-24 07:58:07,S31176,web
U0297,P0127,click,2026-04-03 12:06:37,S44214,web
U0592,P0416,purchase,2026-04-08 04:14:27,S33653,web
U0619,P0423,purchase,2026-01-20 06:48:03,S84847,mobile
U0451,P0036,view,2026-01-27 12:03:19,S42307,tablet
U0923,P0306,purchase,2026-03-28 18:07:14,S24747,mobile
U0503,P0363,add_to_cart,2026-02-06 21:06:06,S83179,tablet
U0249,P0067,view,2026-01-23 03:35:17,S27657,web
U0407,P0374,click,2026-03-31 06:51:39,S32710,mobile
U0905,P0023,add_to_cart,2026-03-31 17:48:07,S89505,tablet
U0907,P0239,purchase,2026-03-05 07:40:01,S58784,tablet
U0527,P0183,view,2026-02-19 23:12:28,S80122,web
U0947,P0032,click,2026-02-14 00:37:52,S46455,web
U0242,P0473,purchase,2026-04-12 02:59:09,S85060,tablet
U0329,P0057,purchase,2026-01-28 12:37:47,S31365,mobile
U0893,P0373,click,2026-01-22 05:25:57,S94267,tablet
,P0399,add_to_cart,2026-04-14 00:52:29,S22120,web
U0204,P0245,add_to_cart,2026-04-13 18:37:07,S35277,mobile
U0627,P0422,view,2026-01-20 20:59:29,S64471,web
U0085,P0108,purchase,2026-01-31 22:09:43,S25095,mobile
U0408,P0025,view,2026-02-08 04:12:26,S37164,mobile
U0121,P0444,purchase,2026-03-13 16:59:12,S96531,mobile
U0055,P0059,click,2026-02-03 04:06:13,S60145,web
U0108,P0067,view,2026-01-25 04:24:14,S90938,tablet
U0033,P0229,view,2026-03-04 19:15:57,S67361,mobile
U0203,P0474,view,2026-01-24 10:41:24,S84957,mobile
U0442,P0195,add_to_cart,2026-02-15 19:31:14,S11757,tablet
U0184,,add_to_cart,2026-03-27 03:46:22,S29612,web
U0181,P0052,click,2026-02-25 00:49:36,S83188,tablet
U0405,P0321,view,2026-03-04 00:19:05,S85553,tablet
U0335,P0069,view,2026-04-06 10:26:20,S59227,mobile
U0018,P0431,view,2026-04-19 13:21:07,S55871,tablet
U0390,P0430,click,2026-04-13 00:02:42,S38130,tablet
U0683,P0292,add_to_cart,2026-02-05 21:14:35,S75084,mobile
U0795,P0050,view,2026-03-19 04:19:11,S28596,web
U0196,P0218,add_to_cart,2026-03-31 11:53:33,S80731,web
U0397,P0158,view,2026-02-16 00:59:04,S43994,mobile
U0910,P0381,view,2026-01-23 05:07:40,S73157,mobile
U0433,P0064,add_to_cart,2026-04-08 05:53:47,S72824,mobile
U0571,P0254,add_to_cart,2026-01-27 06:03:24,S88520,tablet
U0063,P0227,click,2026-03-16 15:31:02,S87438,mobile
U0423,P0117,view,2026-02-05 10:14:43,S79605,tablet
U0968,P0462,click,2026-03-04 11:37:49,S44217,mobile
U0848,P0450,click,2026-02-17 10:23:35,S14244,mobile
U0061,P0064,click,2026-04-08 13:13:23,S63154,web
U0578,P0469,purchase,2026-03-08 15:24:28,S50404,tablet
U0067,P0190,purchase,2026-04-05 12:40:17,S58754,web
U0436,P0432,view,2026-02-20 09:08:55,S72858,mobile
U0141,P0429,add_to_cart,2026-03-20 15:48:29,S10358,mobile
U0046,P0285,click,2026-02-04 18:43:14,S26074,mobile
U0213,P0014,purchase,2026-03-31 08:22:07,S23156,web
U0409,P0142,click,2026-03-23 05:53:37,S65549,tablet
U0044,P0279,click,2026-03-27 03:32:50,S97843,web
U0459,P0055,view,2026-04-05 01:06:35,S24179,web
U0722,P0032,purchase,2026-01-30 07:07:02,S76632,mobile
U0419,P0232,click,2026-02-20 01:57:42,S70548,tablet
U0235,P0171,click,2026-01-26 10:28:32,S57332,tablet
U0977,P0142,purchase,,S62509,console
U0117,P0361,view,2026-01-23 00:38:04,S84072,web
U0187,P0179,add_to_cart,2026-03-18 15:30:24,S66293,tablet
,P0255,click,2026-02-15 04:23:13,S83565,mobile
U0342,P0102,view,2026-04-07 14:39:26,S30523,web
U0945,P0131,purchase,2026-03-11 15:54:13,S29518,mobile
U0362,P0300,click,2026-03-28 08:45:29,S28117,tablet
U0875,P0244,click,2026-01-24 02:05:47,S44865,web
U0425,P0218,click,2026-02-28 12:01:37,S92160,tablet
U0026,,click,2026-02-03 01:50:29,S68580,tablet
,P0342,purchase,2026-02-04 09:11:11,S14895,mobile
U0767,P0336,add_to_cart,2026-04-04 08:35:26,S81287,tablet
U0070,P0421,add_to_cart,2026-04-03 00:06:36,S51293,mobile
U0684,P0363,click,2026-03-01 06:16:00,S15543,web
U0626,P0312,click,2026-04-05 10:50:10,S94749,tablet
U0842,P0255,purchase,2026-04-07 19:16:01,S74595,tablet
U0230,P0332,click,2026-02-14 16:51:58,S87374,web
U0702,P0062,purchase,2026-03-09 21:57:14,S82947,tablet
U0300,P0053,purchase,2026-03-09 03:37:31,S29456,mobile
U0497,P0147,click,2026-03-23 17:28:20,S84844,web
U0255,P0120,view,2026-03-02 15:54:24,S33988,mobile
U0755,P0353,add_to_cart,2026-04-04 20:41:49,S24934,tablet
U0457,P0414,click,2026-01-28 09:36:57,S31645,web
U0869,P0490,view,2026-01-23 07:48:14,S71245,mobile
U0528,P0236,view,2026-02-02 03:14:28,S63836,mobile
U0862,P0082,click,2026-04-10 22:51:23,S44012,mobile
U0871,P0477,click,2026-02-19 13:26:54,S99698,tablet
U0769,P0315,purchase,2026-02-07 04:04:34,S20944,web
U0986,P0012,add_to_cart,2026-04-14 18:30:13,S14002,mobile
U0994,P0280,purchase,2026-02-22 11:04:20,S80137,mobile
U0165,P0389,click,2026-03-18 12:57:48,S78412,tablet
U0756,P0475,view,2026-04-03 16:01:58,S76433,web
U0449,P0478,click,2026-03-30 06:16:59,S18089,mobile
U0266,P0277,click,2026-03-14 17:16:08,S51969,web
U0683,P0048,view,2026-02-13 13:50:40,S83849,mobile
U0307,P0305,purchase,2026-01-31 23:35:28,S97553,mobile
U0957,P0081,purchase,2026-04-16 21:29:48,S45443,mobile
U0615,P0344,purchase,2026-04-01 18:22:30,S29718,web
U0744,P0386,purchase,2026-04-04 17:22:19,S97108,tablet
U0052,P0137,click,2026-04-05 12:54:43,S40059,tablet
U0121,P0133,click,2026-04-04 15:25:11,S24744,web
U0438,P0023,purchase,2026-03-31 23:23:11,S42520,mobile
U0500,P0146,view,2026-03-03 13:44:24,S56405,mobile
U0798,P0477,purchase,2026-04-04 23:58:48,S97821,tablet
U0408,P0094,add_to_cart,2026-04-11 01:38:40,S89265,web
U0719,P0328,add_to_cart,2026-04-08 13:42:04,S60296,tablet
U0255,P0369,add_to_cart,2026-04-08 15:37:50,S13358,web
U0464,P0262,add_to_cart,2026-02-08 02:21:28,S68188,mobile
U0157,P0288,add_to_cart,2026-02-02 14:03:05,S28656,mobile
U0956,P0183,view,,S46073,tablet
U0560,P0065,click,2026-03-25 20:53:38,S39098,web
U0548,P0205,view,2026-04-08 01:29:45,S67135,mobile
U0265,P0203,purchase,2026-02-08 19:11:42,S68349,tablet
U0590,P0035,purchase,2026-01-22 22:41:29,S18311,mobile
U0308,P0038,view,2026-02-03 21:21:13,S42543,web
U0678,P0387,view,2026-02-15 14:49:56,S24150,mobile
U0219,P0244,purchase,2026-01-20 12:26:31,S34455,mobile
U0045,P0471,add_to_cart,2026-03-02 20:15:14,S76983,mobile
U0411,P0171,click,2026-02-10 13:07:07,S46492,web
U0508,P0075,add_to_cart,2026-02-04 22:26:17,S22761,web
U0326,P0333,click,2026-02-13 10:31:39,S45861,mobile
U0807,P0291,purchase,,S71609,tablet
U0496,P0460,click,2026-03-27 04:36:56,S43907,tablet
U0552,P0294,click,2026-03-30 19:41:55,S10373,web
U0473,P0427,view,2026-02-01 09:53:05,S20435,web
U0278,P0212,click,2026-02-17 11:53:08,S91598,mobile
U0942,P0202,purchase,2026-02-22 19:52:34,S65336,tablet
U0680,P0276,view,2026-04-19 21:10:53,S61881,tablet
U0634,P0282,purchase,2026-02-28 18:26:57,S59959,tablet
U0320,P0353,click,2026-03-02 12:23:21,S87116,web
U0322,P0412,click,2026-02-03 04:31:08,S90438,mobile
U0740,P0307,view,2026-01-27 17:23:40,S57358,mobile
U0714,P0476,purchase,,S56040,mobile
U0073,P0243,click,2026-03-15 02:15:09,S39762,tablet
U0551,P0386,purchase,2026-02-15 15:20:13,S51207,mobile
U0421,P0500,view,2026-02-01 18:44:18,S85925,web
U0336,P0191,click,2026-03-09 17:40:36,S11006,mobile
U0026,P0305,add_to_cart,2026-02-06 10:52:32,S79514,tablet
U0257,P0092,click,2026-02-26 13:42:07,S59157,tablet
U0886,P0141,purchase,2026-03-16 18:06:48,S63799,mobile
U0335,P0405,purchase,2026-02-22 05:53:31,S11881,web
U0323,P0217,add_to_cart,2026-03-23 16:07:57,S54553,tablet
U0914,P0015,purchase,,S38931,mobile
U0801,P0260,click,2026-03-15 04:45:51,S41787,web
U0265,P0410,purchase,2026-03-09 04:45:45,S93038,mobile
U0789,P0215,add_to_cart,2026-04-19 10:31:44,S17103,mobile
U0407,P0324,add_to_cart,2026-04-07 22:08:43,S55485,mobile
U0948,P0028,click,2026-04-18 15:29:30,S31006,mobile
U0122,P0090,view,2026-02-26 06:35:29,S69234,web
U0988,P0452,purchase,2026-04-18 23:54:27,S72121,web
U0411,P0069,add_to_cart,2026-04-08 02:27:05,S61136,mobile
U0107,P0041,view,2026-02-24 03:38:16,S22097,web
U0933,P0498,add_to_cart,2026-03-29 18:49:33,S93809,web
U0062,P0004,click,2026-02-02 17:16:44,S87176,console
U0406,P0247,purchase,2026-04-01 04:39:17,S35674,mobile
U0178,P0296,add_to_cart,2026-03-17 00:29:45,S45808,web
U0139,P0368,purchase,2026-02-22 05:58:30,S93701,web
U0078,P0076,click,2026-02-10 01:56:48,S36724,tablet
U0258,P0118,purchase,2026-03-04 08:18:01,S66371,web
U0714,P0302,purchase,2026-03-29 01:45:03,S70450,tablet
U0359,P0499,view,2026-03-08 09:38:18,S77378,mobile
U0318,P0066,click,2026-04-15 20:17:51,S40482,tablet
U0333,P0450,add_to_cart,2026-03-07 09:46:13,S16179,mobile
U0693,P0484,purchase,2026-02-21 11:07:22,S95566,web
U0293,P0334,purchase,2026-03-04 05:18:09,S35796,mobile
U0115,P0072,view,2026-02-08 16:17:28,S47416,tablet
U0630,P0392,purchase,2026-04-17 22:36:08,S21123,web
U0449,P0462,purchase,2026-02-15 08:50:36,S97097,web
U0661,P0329,view,2026-03-23 06:10:45,S14024,mobile
U0889,P0427,purchase,2026-04-17 06:10:45,S19538,web
U0363,P0366,click,2026-04-13 19:45:59,S17966,mobile
U0622,P0402,purchase,2026-02-20 01:31:06,S43414,web
U0732,P0326,view,2026-01-24 14:04:34,S89807,mobile
U0333,P0369,view,2026-02-23 22:43:25,S40072,web
U0869,P0118,add_to_cart,,S93148,tablet
U0107,P0264,click,2026-03-11 16:02:22,S72150,tablet
U0294,P0264,click,2026-03-15 12:34:24,S32577,web
U0261,P0131,add_to_cart,2026-02-22 09:32:06,S66032,mobile
U0846,P0273,view,2026-03-29 13:09:59,S18645,web
U0618,P0318,view,2026-03-18 20:06:53,S24044,mobile
U0658,P0352,add_to_cart,2026-02-19 23:26:04,S88086,mobile
,P0275,purchase,2026-03-25 18:39:33,S96647,web
U0896,P0276,purchase,2026-04-09 20:40:35,S85927,web
U0601,P0271,view,2026-04-18 21:48:12,S17985,web
U0323,P0247,view,2026-03-22 03:48:37,S45945,web
U0698,,add_to_cart,2026-03-09 08:28:00,S14774,mobile
U0883,P0374,purchase,2026-04-20 09:11:53,S32941,web
U0136,P0464,view,2026-04-01 23:37:06,S39672,tablet
U0461,,view,2026-02-19 20:40:50,S23527,mobile
U1000,P0058,purchase,2026-01-23 14:16:06,S30593,tablet
U0216,P0089,click,2026-04-03 20:16:53,S37799,mobile
U0150,P0063,click,2026-02-03 00:32:33,S34263,mobile
U0180,P0456,click,2026-01-22 02:17:41,S78422,web
U0473,P0223,purchase,2026-02-03 01:38:58,S13906,tablet
U0862,P0324,purchase,2026-03-10 04:25:51,S11468,tablet
U0086,P0419,add_to_cart,2026-02-13 13:34:06,S60294,mobile
U0296,P0032,view,2026-03-31 10:32:07,S51854,tablet
U0250,P0329,click,2026-04-05 18:34:50,S16208,web
U0283,P0216,view,2026-02-13 11:27:49,S50544,web
U0888,P0302,add_to_cart,2026-04-16 03:33:20,S14570,mobile
U0204,P0376,click,,S33904,mobile
U0379,P0419,add_to_cart,2026-03-03 21:25:13,S59701,web
U0855,P0039,add_to_cart,2026-01-22 01:40:39,S67135,web
U0996,P0460,purchase,2026-03-15 09:46:55,S22062,mobile
U0014,P0464,purchase,2026-03-08 10:53:22,S21343,tablet
U0093,P0361,view,2026-02-25 00:03:27,S68591,tablet
U0332,P0052,purchase,2026-04-08 21:32:06,S45240,tablet
U0481,P0022,click,2026-03-08 20:27:02,S35512,web
U0430,P0281,view,,S28458,smart_tv
U0548,P0372,purchase,2026-02-09 14:08:30,S89551,web
U0804,P0008,view,2026-03-30 15:46:53,S83142,tablet
U0533,P0460,click,2026-03-21 19:15:55,S99407,tablet
U0657,P0249,click,2026-03-07 01:06:55,S58627,tablet
U0440,P0093,add_to_cart,2026-03-19 02:49:22,S84625,web
U0919,P0194,click,2026-04-18 21:39:08,S41030,mobile
U0023,P0483,click,2026-02-05 15:42:52,S56990,web
U0870,P0494,view,2026-03-09 00:32:05,S49678,mobile
U0567,P0438,click,2026-04-03 13:25:05,S28245,mobile
U0803,P0237,add_to_cart,2026-03-03 18:35:11,S51203,mobile
U0472,P0250,purchase,2026-02-26 03:17:04,S97944,tablet
U0142,P0250,add_to_cart,2026-03-10 21:55:21,S34232,mobile
U0099,P0278,view,2026-02-24 03:20:45,S89764,tablet
U0607,P0207,view,2026-03-16 09:41:40,S33203,mobile
,P0309,purchase,2026-03-03 18:38:58,S87022,mobile
U0461,P0028,add_to_cart,2026-03-07 09:41:57,S27287,mobile
U0844,P0284,add_to_cart,2026-04-17 10:41:29,S58869,web
U0854,P0428,click,2026-03-01 15:50:31,S76295,mobile
U0003,P0433,view,2026-02-05 13:22:05,S75135,mobile
U0728,P0295,click,2026-01-26 02:18:25,S92853,web
U0225,P0474,add_to_cart,2026-03-13 10:00:59,S16925,web
U0176,P0109,view,2026-02-24 17:06:44,S33281,tablet
U0167,P0471,add_to_cart,2026-02-24 00:11:02,S17656,mobile
U0498,,view,2026-02-09 09:31:56,S69326,mobile
U0093,P0070,purchase,2026-01-29 14:10:50,S81073,web
U0007,P0247,click,2026-01-27 12:47:42,S83722,tablet
U0715,P0386,click,2026-01-31 04:13:46,S85282,web
U0999,P0001,view,2026-03-20 03:58:34,S96106,mobile
U0323,P0096,purchase,2026-01-30 01:35:17,S57543,mobile
U0970,P0419,purchase,2026-01-26 20:44:07,S27847,mobile
U0045,P0017,purchase,2026-01-29 15:39:45,S87810,web
U0697,P0008,click,2026-03-22 09:20:10,S95674,mobile
U0899,P0259,add_to_cart,2026-04-01 11:54:50,S48408,mobile
U0831,P0331,view,2026-04-02 19:00:06,S71384,web
U0608,P0285,view,2026-03-13 12:32:49,S27236,tablet
U0264,P0143,purchase,2026-02-03 15:03:07,S21546,tablet
U0813,P0370,view,2026-03-21 07:21:40,S50744,tablet
U0085,P0110,click,2026-01-24 09:23:12,S53553,mobile
U0158,P0181,purchase,2026-02-17 06:40:09,S19007,web
U0914,P0152,view,2026-03-07 15:56:29,S43558,tablet
U0783,P0452,view,2026-03-04 05:30:42,S65138,tablet
U0062,P0208,add_to_cart,2026-03-30 15:51:11,S15101,tablet
U0440,P0230,view,2026-04-05 19:57:01,S38708,tablet
U0258,P0457,add_to_cart,2026-03-30 18:19:39,S35589,tablet
U0311,P0496,view,2026-03-01 08:17:44,S60151,tablet
U0993,P0436,add_to_cart,2026-03-12 05:01:14,S80804,mobile
U0339,,click,2026-03-18 16:10:39,S46267,tablet
U0052,P0202,add_to_cart,2026-03-18 22:34:08,S53982,web
U0082,P0187,purchase,2026-02-09 07:29:59,S83999,mobile
U0747,P0423,click,2026-04-06 01:14:18,S80889,web
U0924,P0393,add_to_cart,2026-02-02 01:32:51,S74668,tablet
U0717,P0159,click,2026-04-15 21:50:54,S23332,mobile
U0103,P0487,click,2026-02-01 16:50:46,S76520,web
U0098,P0308,click,2026-02-07 11:57:41,S48657,tablet
U0966,P0228,purchase,2026-01-26 06:26:59,S32045,tablet
U0025,P0208,add_to_cart,2026-02-18 11:28:24,S45133,tablet
U0964,P0043,view,2026-01-20 03:00:38,S97406,mobile
,P0225,add_to_cart,2026-04-02 13:00:37,S17801,mobile
U0162,P0441,purchase,2026-04-19 01:50:55,S20346,web
U0114,P0173,view,2026-02-12 12:38:05,S95809,tablet
U0703,P0302,add_to_cart,2026-03-17 23:04:22,S90954,web
U0033,P0225,add_to_cart,2026-01-25 17:55:28,S23093,web
U0722,P0098,view,2026-03-20 21:39:42,S82187,mobile
U0954,P0182,add_to_cart,2026-04-12 01:01:16,S40225,tablet
U0770,P0425,click,2026-01-26 00:21:14,S61468,web
U0981,P0347,view,2026-02-27 00:26:39,S36642,tablet
U0919,P0297,click,2026-01-20 10:06:03,S55640,mobile
U0961,P0017,view,2026-03-15 01:39:37,S76385,tablet
U0716,P0498,add_to_cart,2026-01-28 02:37:18,S81140,web
U0642,P0315,click,2026-02-17 23:48:33,S54146,tablet
U0632,P0457,view,2026-03-30 13:04:37,S55365,mobile
U0932,P0192,add_to_cart,2026-02-07 01:39:50,S57362,web
U0073,P0018,click,2026-03-13 17:43:38,S84631,tablet
U0014,P0330,click,2026-03-11 20:47:47,S66160,tablet
U0061,P0038,purchase,2026-03-17 17:23:06,S44441,mobile
,P0357,view,2026-03-22 18:14:21,S45003,tablet
U0697,P0065,view,2026-04-14 07:03:27,S84747,web
U0315,P0298,add_to_cart,2026-02-17 00:44:48,S10364,web
U0503,P0235,purchase,2026-02-09 12:10:00,S53003,mobile
U0224,P0083,add_to_cart,2026-01-21 02:39:12,S74648,mobile
U0389,P0161,add_to_cart,2026-02-05 14:14:30,S34070,web
U0109,P0236,add_to_cart,2026-02-12 21:11:38,S18014,tablet
U0192,P0339,view,2026-02-17 08:03:29,S50332,web
U0877,P0049,click,2026-01-21 01:09:47,S84883,desktop
U0659,P0459,purchase,2026-04-16 01:41:21,S56683,mobile
U0006,P0327,purchase,2026-03-26 09:13:17,S41847,mobile
U0156,P0454,click,2026-01-31 13:58:55,S61456,web
U0226,P0407,view,2026-04-08 00:14:11,S46908,tablet
U0343,P0491,purchase,2026-03-03 20:28:57,S82939,tablet
U0462,P0166,view,2026-01-31 06:13:32,S87780,tablet
U0608,P0395,purchase,2026-02-28 06:05:52,S61805,mobile
U0237,P0489,view,2026-03-14 06:31:25,S11110,tablet
U0145,P0235,add_to_cart,2026-03-06 18:57:24,S34449,mobile
U0262,P0237,purchase,2026-01-23 21:41:37,S26525,mobile
U0930,P0228,click,2026-01-31 12:32:01,S31247,mobile
U0731,P0385,click,2026-02-12 06:52:58,S66550,tablet
U0981,P0087,click,2026-04-12 22:08:11,S96540,mobile
U0070,P0181,click,2026-03-27 20:51:24,S74072,tablet
U0005,P0352,add_to_cart,2026-04-02 03:26:21,S66850,mobile
U0792,P0058,purchase,2026-02-16 19:29:53,S58683,web
U0564,P0282,click,2026-04-05 11:23:38,S84576,tablet
U0475,P0354,purchase,2026-02-10 03:25:46,S60032,tablet
U0530,P0023,click,2026-03-04 08:36:16,S72750,tablet
U0784,P0414,view,2026-01-28 19:56:00,S59209,tablet
U0966,P0080,purchase,2026-02-11 18:32:04,S46190,web
U0985,P0452,add_to_cart,2026-01-26 23:56:01,S22579,tablet
U0142,P0087,purchase,2026-02-09 00:02:39,S17074,mobile
U0565,P0110,add_to_cart,2026-03-29 04:38:26,S91955,mobile
U0139,P0340,view,2026-01-27 09:10:25,S21623,web
U0286,P0250,add_to_cart,2026-04-13 07:41:51,S27259,tablet
U0881,P0269,click,2026-01-28 15:20:41,S57173,tablet
U0617,P0364,view,2026-04-19 00:22:17,S98228,mobile
U0754,P0322,click,2026-02-05 01:18:53,S93105,mobile
U0052,P0142,view,2026-02-17 04:46:36,S27115,tablet
U0450,P0255,add_to_cart,2026-02-05 03:45:31,S41942,web
U0736,P0100,click,,S22260,web
U0344,P0454,click,2026-03-13 09:13:42,S61887,mobile
U0003,P0350,click,2026-03-05 21:39:30,S40252,web
U0468,P0236,add_to_cart,2026-03-11 21:16:59,S22576,tablet
U0551,P0115,view,2026-01-29 00:50:03,S95427,mobile
U0613,P0046,purchase,2026-04-17 02:41:42,S71561,web
U0388,P0443,click,2026-02-09 21:11:29,S79584,mobile
U0123,P0484,click,2026-02-22 09:01:38,S80937,web
,P0318,purchase,2026-03-11 05:54:20,S29770,tablet
U0084,P0411,view,2026-02-04 15:17:03,S73812,mobile
U0514,P0029,add_to_cart,2026-03-12 20:17:10,S58309,
U0862,P0497,purchase,2026-03-19 01:28:38,S60222,mobile
U0718,P0202,view,2026-01-30 20:45:54,S77127,web
U0371,P0186,click,2026-02-27 21:09:40,S47609,web
U0308,P0336,click,2026-03-17 15:42:35,S61316,mobile
U0702,P0157,view,2026-02-17 20:39:50,S64635,web
U0009,P0155,purchase,2026-02-10 16:30:56,S34873,mobile
U0867,P0087,purchase,2026-02-06 15:47:44,S25397,mobile
U0303,P0496,view,2026-02-21 07:52:49,S63862,tablet
U0141,P0471,add_to_cart,2026-04-13 20:11:59,S52016,web
U0690,P0078,click,2026-04-16 18:44:21,S77271,tablet
U0908,P0489,click,2026-03-29 17:56:57,S87872,tablet
U0633,P0051,purchase,2026-02-07 23:16:56,S41470,tablet
U0319,P0465,click,2026-04-14 21:52:26,S84828,tablet
U0390,P0135,view,2026-02-14 20:22:41,S54411,mobile
U0909,P0069,add_to_cart,2026-03-19 06:47:45,S57924,tablet
U0059,P0187,view,2026-02-17 08:56:21,S44175,mobile
U0973,P0418,click,2026-04-18 08:46:13,S20164,mobile
U0724,P0428,add_to_cart,2026-04-15 19:15:37,S75471,web
U0029,P0192,add_to_cart,2026-03-08 16:59:58,S61171,tablet
U0578,P0346,add_to_cart,2026-03-24 12:02:41,S69445,web
U0601,P0365,add_to_cart,2026-04-11 12:12:55,S36131,web
U0991,P0123,purchase,2026-03-08 20:32:46,S71890,web
U0403,P0198,purchase,2026-01-28 15:41:19,S37344,web
U0130,P0041,view,2026-03-04 10:23:47,S58488,mobile
U0549,P0358,click,2026-04-03 12:05:21,S91045,web
U0521,P0045,add_to_cart,2026-02-12 14:31:50,S88111,mobile
U0331,P0403,add_to_cart,2026-04-03 13:52:56,S62045,web
U0865,P0229,view,2026-02-03 08:43:15,S11775,web
U0891,P0142,view,2026-02-19 13:23:46,S87136,mobile
U0273,P0093,purchase,2026-02-04 10:24:35,S16899,tablet
U0977,P0136,view,2026-02-20 05:43:52,S64454,mobile
U0309,P0398,add_to_cart,2026-02-28 07:46:22,S17318,web
U0581,P0212,view,2026-04-14 16:40:17,S39622,console
U0985,P0465,click,2026-01-23 19:26:53,S94622,tablet
U0749,P0063,purchase,2026-03-28 12:58:16,S31890,mobile
U0955,P0062,click,2026-03-08 19:59:16,S68541,mobile
U0939,P0478,add_to_cart,2026-03-01 05:41:42,S37409,web
U0836,P0497,add_to_cart,2026-02-11 15:45:47,S76255,web
U0266,P0137,purchase,2026-01-26 04:05:36,S75171,mobile
U0659,P0495,view,2026-04-12 00:55:18,S79341,web
U0816,P0175,view,2026-02-17 16:11:28,S70660,web
U0136,P0296,purchase,2026-03-12 11:47:36,S63311,mobile
,P0240,click,2026-02-03 10:08:44,S18119,tablet
U0848,P0024,add_to_cart,2026-02-08 15:59:43,S80386,mobile
U0026,P0475,add_to_cart,2026-03-02 23:37:55,S78045,tablet
U0047,P0019,click,2026-02-08 17:36:58,S99445,mobile
U0747,P0066,click,2026-02-28 06:46:59,S51915,web
U0679,P0434,view,2026-02-04 15:29:20,S13469,tablet
U0309,P0117,click,2026-02-16 14:29:26,S79348,tablet
U0711,P0045,purchase,2026-02-10 01:16:38,S36012,mobile
U0203,P0194,add_to_cart,2026-03-05 05:36:47,S77908,web
U0181,P0465,click,2026-04-06 23:28:45,S34443,tablet
U0744,P0324,purchase,2026-02-20 12:31:24,S26753,tablet
U0383,P0495,add_to_cart,2026-04-14 07:45:45,S40753,mobile
,P0078,purchase,2026-02-18 22:25:33,S34917,tablet
U0618,P0312,view,2026-01-20 10:27:40,S57656,web
U0708,P0356,view,2026-03-06 08:12:36,S26934,mobile
U0434,P0219,click,2026-03-25 12:44:36,S14555,web
U0407,P0047,click,2026-03-31 16:42:57,S15971,tablet
U0192,P0200,purchase,2026-02-04 18:24:38,S30761,mobile
U0391,P0020,click,2026-01-21 17:53:27,S26342,mobile
U0406,P0052,add_to_cart,2026-04-12 20:09:24,S39132,tablet
U0695,P0287,view,2026-04-20 03:15:49,S74617,tablet
U0813,P0432,purchase,2026-04-20 09:32:39,S80009,web
U0799,P0207,purchase,2026-02-14 11:48:28,S68014,web
U0135,P0075,view,2026-02-16 05:33:43,S28564,mobile
U0942,P0365,click,2026-04-11 03:51:50,S89616,web
U0260,P0079,add_to_cart,2026-04-01 20:36:36,S30222,tablet
U0836,P0341,view,2026-02-11 12:52:45,S63087,mobile
U0387,P0094,add_to_cart,2026-02-16 13:31:45,S95994,mobile
U0922,P0200,view,2026-04-11 17:25:55,S42065,mobile
U0876,P0332,click,2026-03-29 02:01:04,S45593,web
U0701,P0407,purchase,2026-02-24 03:48:22,S40974,mobile
U0498,P0343,add_to_cart,2026-02-18 20:20:54,S49962,mobile
U0669,P0288,add_to_cart,2026-02-08 00:29:36,S96506,mobile
U0226,P0397,purchase,2026-02-11 14:36:38,S96651,mobile
U0521,P0402,add_to_cart,2026-04-14 14:32:16,S40046,tablet
U0849,P0369,purchase,2026-04-14 13:18:10,S60609,mobile
U0322,P0375,add_to_cart,2026-03-21 01:38:22,S57386,web
U0258,P0292,click,2026-02-11 22:47:58,S96466,mobile
U0378,P0045,purchase,2026-02-23 02:37:19,S20157,tablet
U0785,P0471,add_to_cart,2026-03-03 15:35:33,S45601,mobile
U0584,P0478,click,2026-04-03 13:41:19,S87650,mobile
U0606,P0165,purchase,2026-03-31 18:04:57,S56891,mobile
U0062,P0245,click,2026-02-06 00:39:40,S43242,mobile
U0446,P0500,view,2026-04-15 00:32:34,S19321,tablet
U0888,P0334,purchase,2026-02-01 04:56:59,S96721,mobile
U0154,P0158,click,2026-02-14 20:48:37,S41935,tablet
U0441,P0464,purchase,2026-03-20 19:22:07,S84256,tablet
U0465,P0208,click,2026-04-02 19:02:59,S72202,mobile
U0076,P0085,purchase,2026-03-23 17:37:02,S40320,mobile
U0818,P0309,view,2026-02-05 15:56:29,S95463,web
U0692,P0392,click,2026-03-19 12:20:48,S85599,tablet
U0548,P0319,purchase,2026-04-13 19:49:54,S65096,web
U0243,P0431,view,2026-04-10 20:48:49,S50470,mobile
U0119,P0309,click,2026-04-10 13:54:59,S53098,web
U0193,P0016,add_to_cart,2026-02-12 08:29:22,S26343,mobile
U0047,P0082,click,2026-04-05 02:31:17,S56133,mobile
U0794,P0179,purchase,2026-03-09 09:54:49,S47065,tablet
,P0234,add_to_cart,2026-03-22 00:15:02,S16545,mobile
U0144,P0216,purchase,2026-03-11 11:08:50,S50525,tablet
U0682,P0391,purchase,,S49025,tablet
U0459,P0304,purchase,2026-02-28 03:14:28,S65022,mobile
U0395,P0456,add_to_cart,2026-03-15 01:13:46,S43676,web
U0034,P0012,purchase,2026-02-20 12:51:08,S51252,tablet
U0226,P0241,view,2026-01-24 21:26:23,S60609,web
U0579,P0219,view,2026-03-20 16:04:12,S20364,mobile
U0904,P0326,add_to_cart,2026-02-06 20:43:40,S59827,mobile
U0329,P0106,click,2026-04-18 13:30:22,S87799,web
U0737,P0005,view,2026-03-08 12:44:04,S24433,mobile
U0542,P0083,purchase,2026-03-13 07:30:49,S65910,web
U0241,P0041,add_to_cart,2026-04-08 10:33:28,S78749,tablet
U0871,P0287,add_to_cart,2026-04-08 14:19:33,S55702,web
U0424,P0337,purchase,2026-02-20 10:52:09,S53307,web
U0896,P0462,add_to_cart,2026-02-17 11:11:30,S43737,mobile
U0811,P0460,add_to_cart,2026-04-08 04:25:00,S61841,tablet
U0951,P0309,view,,S43879,web
U0593,P0231,add_to_cart,2026-02-17 20:55:55,S45342,web
U0271,P0009,view,2026-02-07 08:10:29,S16257,tablet
U0337,P0257,purchase,2026-02-05 22:02:36,S72525,tablet
U0958,P0112,add_to_cart,,S30669,mobile
U0991,P0005,purchase,,S32719,mobile
U0882,P0246,click,2026-03-22 11:53:57,S49499,tablet
U0357,P0099,add_to_cart,2026-04-10 15:01:46,S58567,web
U0484,P0410,view,2026-02-05 01:21:27,S42038,mobile
U0044,P0155,add_to_cart,2026-04-02 15:45:32,S49896,web
U0952,P0033,view,2026-04-08 08:08:07,S84261,mobile
U0843,P0015,view,2026-03-06 03:52:57,S27873,mobile
U0209,P0376,purchase,2026-03-03 14:19:34,S56692,tablet
U0724,P0305,purchase,2026-02-13 12:02:34,S86329,web
U0644,P0347,purchase,2026-01-20 20:13:14,S66392,mobile
U0945,P0294,view,2026-01-28 09:30:21,S57250,tablet
U0306,P0097,add_to_cart,2026-04-19 11:54:54,S61976,web
U0227,P0044,click,2026-02-17 19:44:06,S82185,web
U0050,P0454,view,2026-02-26 06:41:00,S34968,web
U0162,P0478,view,2026-01-24 09:03:12,S35546,web
U0469,P0150,view,2026-02-22 14:48:10,S37251,tablet
U0111,P0010,add_to_cart,2026-02-18 16:24:42,S85949,web
U0517,P0380,purchase,2026-03-30 01:01:12,S14282,tablet
U0811,P0462,add_to_cart,2026-04-20 05:07:43,S84590,web
U0391,P0386,click,2026-02-08 23:48:17,S21753,tablet
U0679,P0498,purchase,2026-03-17 10:24:52,S18442,web
U0270,P0097,click,2026-02-27 07:34:01,S51751,mobile
U0159,P0117,add_to_cart,2026-01-26 05:56:53,S31231,tablet
U0625,P0484,add_to_cart,2026-03-15 14:13:48,S54346,mobile
U0460,P0385,add_to_cart,,S36350,mobile
U0533,P0079,view,2026-01-21 04:57:44,S12128,mobile
U0339,P0206,click,2026-02-16 07:26:32,S11305,mobile
U0023,P0113,view,2026-02-21 14:51:55,S71400,web
U0070,P0376,click,2026-04-15 15:34:29,S69807,web
U0956,P0418,click,2026-03-17 15:32:30,S28611,web
U0625,P0313,add_to_cart,2026-03-01 09:04:13,S17427,mobile
U0285,P0329,add_to_cart,2026-02-15 02:02:26,S20255,mobile
U0933,P0119,add_to_cart,2026-03-23 06:12:44,S40800,mobile
U0222,P0139,view,2026-01-25 04:37:33,S80802,
U0470,P0035,click,2026-01-31 16:32:15,S31370,mobile
U0678,P0409,view,2026-02-26 01:53:51,S58929,mobile
U0450,P0417,purchase,2026-02-22 19:53:46,S70629,tablet
U0795,P0491,click,2026-03-21 23:22:53,S93369,tablet
U0508,P0165,add_to_cart,2026-03-13 03:51:16,S91565,tablet
,P0442,view,2026-02-22 01:49:19,S60635,web
U0656,P0278,view,2026-03-29 16:02:44,S30196,tablet
U0481,P0323,view,2026-03-04 18:24:54,S18400,mobile
U0160,P0163,click,2026-04-04 12:29:49,S60499,web
U0777,P0274,add_to_cart,2026-02-21 18:27:50,S29324,mobile
U0498,P0128,view,2026-03-18 20:52:37,S20001,mobile
U0103,P0067,click,2026-01-31 01:42:59,S25627,tablet
U0469,P0495,click,2026-02-19 12:37:16,S82456,web
U0827,P0471,click,2026-04-15 02:41:30,S69561,mobile
U0884,P0423,purchase,2026-02-26 01:18:45,S92480,mobile
U0613,P0078,add_to_cart,2026-02-02 21:23:58,S91189,tablet
U0258,P0356,add_to_cart,2026-02-11 21:46:44,S51725,tablet
U0908,P0460,click,2026-03-24 03:42:52,S32631,mobile
U0146,P0464,purchase,2026-03-10 09:16:01,S42738,mobile
U0571,P0233,view,2026-02-09 00:46:53,S57279,web
U0154,P0074,click,2026-03-09 06:24:48,S59398,tablet
U0329,P0351,add_to_cart,2026-04-05 23:31:18,S60135,mobile
U0931,P0100,click,2026-04-18 19:38:43,S35624,mobile
U1000,P0149,add_to_cart,2026-02-27 16:07:21,S12427,web
U0515,P0431,purchase,2026-03-26 21:49:01,S86036,web
U0013,P0139,purchase,2026-01-22 06:03:05,S11353,web
U0629,P0350,purchase,2026-03-25 12:43:11,S19354,tablet
U0785,P0448,add_to_cart,2026-02-13 16:19:05,S75121,web
U0639,P0360,view,2026-03-11 15:33:05,S93186,tablet
U0215,P0082,add_to_cart,2026-03-14 08:29:22,S45128,mobile
U0464,P0472,purchase,2026-03-21 11:36:39,S32347,mobile
,P0184,view,2026-01-22 15:13:55,S20558,web
U0358,P0278,click,2026-02-07 22:00:44,S27540,mobile
U0670,P0189,view,2026-02-08 21:34:23,S47465,mobile
U0074,,purchase,2026-02-16 01:31:50,S29875,tablet
U0326,P0162,purchase,2026-02-18 15:52:13,S42029,web
U0685,P0369,view,2026-04-12 14:52:36,S32591,tablet
U0741,P0152,view,2026-01-25 15:42:32,S59411,mobile
U0344,P0340,add_to_cart,2026-04-09 18:43:39,S13547,tablet
U0685,P0283,add_to_cart,2026-02-01 07:04:57,S36838,tablet
U0110,P0115,click,2026-01-25 09:55:31,S85221,tablet
U0873,P0436,view,2026-04-20 05:43:02,S18419,tablet
U0086,P0091,view,2026-02-01 06:17:41,S19996,web
U0768,P0152,click,2026-03-08 19:35:59,S30139,web
U0557,P0214,purchase,2026-03-12 10:50:53,S11105,mobile
U0782,P0299,click,2026-03-28 11:53:43,S44359,tablet
U0551,P0030,purchase,2026-02-28 11:07:34,S27506,tablet
U0001,P0022,purchase,2026-02-11 20:45:13,S75860,web
,P0327,purchase,2026-02-20 11:25:14,S78259,web
U0795,P0378,purchase,2026-04-11 14:37:35,S46932,web
U0767,P0160,click,2026-04-06 15:51:01,S26947,mobile
U0304,P0338,view,2026-02-03 22:13:41,S28469,tablet
U0953,P0224,view,2026-02-11 02:44:03,S35337,mobile
U0018,P0157,click,2026-01-25 10:21:06,S31377,tablet
U0260,P0273,view,2026-02-03 10:14:44,S73648,tablet
U0940,P0451,click,2026-01-31 17:09:02,S90608,web
U0158,P0423,purchase,2026-04-05 22:11:16,S87864,tablet
U0285,P0295,click,2026-04-13 05:51:27,S77330,tablet
U0204,P0057,click,2026-01-27 07:59:09,S66621,web
U0420,P0011,view,2026-04-20 00:04:39,S18177,mobile
U0357,P0480,view,2026-02-09 19:37:59,S54126,mobile
U0558,P0203,view,2026-02-01 00:08:24,S52174,tablet
U0048,P0168,view,2026-02-23 08:53:37,S79397,mobile
U0564,P0364,click,2026-03-06 20:08:22,S31212,web
U0863,P0415,view,2026-04-14 20:33:17,S90145,mobile
U0062,P0231,purchase,2026-03-29 15:44:08,S31497,smart_tv
U0775,P0224,view,,S82851,mobile
U0904,P0447,purchase,2026-04-16 07:25:18,S38113,web
U0418,P0461,click,2026-03-25 12:14:29,S93230,mobile
U0905,P0324,purchase,2026-02-11 14:28:40,S69621,mobile
U0254,P0223,add_to_cart,2026-02-02 00:01:47,S19749,mobile
U0159,P0340,view,2026-02-14 08:12:51,S89793,mobile
U0102,P0345,view,2026-03-05 06:48:08,S70435,tablet
U0615,P0373,click,2026-03-28 17:21:44,S52646,tablet
U0961,P0392,click,2026-03-12 17:33:33,S74619,web
U0098,P0334,click,2026-03-15 22:54:23,S58527,tablet
U0172,P0004,click,2026-04-13 09:41:57,S42422,mobile
U0637,P0066,purchase,2026-04-07 16:11:13,S63706,mobile
U0472,P0471,click,2026-03-06 21:36:20,S64919,tablet
U0874,P0274,view,2026-03-30 10:52:58,S55867,tablet
U0510,P0092,click,2026-02-08 14:13:41,S59397,web
U0713,P0489,purchase,2026-03-29 13:59:53,S32389,tablet
U0891,P0182,click,2026-02-06 11:47:04,S68748,mobile
U0316,P0316,view,2026-03-04 11:52:29,S39296,tablet
U0280,P0344,purchase,2026-04-10 23:10:22,S11183,web
U0756,P0153,view,2026-04-04 22:07:49,S12945,web
U0275,P0322,purchase,2026-02-07 22:28:36,S64002,web
U0605,P0156,click,2026-03-17 20:54:07,S91098,web
U0497,P0012,click,2026-03-31 21:40:25,S69937,web
U0703,P0349,purchase,2026-02-21 20:21:28,S56129,tablet
U0633,P0436,add_to_cart,2026-03-12 10:02:29,S19865,tablet
U0199,P0411,add_to_cart,2026-02-03 14:57:44,S70560,mobile
U0296,P0430,purchase,2026-03-27 22:56:04,S55005,mobile
U0409,P0376,click,2026-03-09 10:39:59,S86582,tablet
U0029,P0136,add_to_cart,2026-03-01 00:21:34,S89289,mobile
U0679,P0328,purchase,2026-01-21 11:53:36,S32400,mobile
U0856,P0455,click,2026-02-09 14:30:28,S28289,web
U0041,P0204,purchase,2026-02-26 20:07:46,S88882,mobile
U0019,P0431,view,2026-02-23 19:27:56,S43117,web
U0533,P0054,view,2026-01-20 20:15:12,S80729,tablet
U0569,P0098,click,2026-03-03 17:33:57,S49992,tablet
U0835,P0277,view,2026-04-09 21:39:48,S72092,web
U0854,P0438,click,2026-03-31 12:39:24,S64525,mobile
U0015,P0077,purchase,2026-03-08 00:27:47,S16192,mobile
U0218,P0024,add_to_cart,2026-03-10 14:41:00,S23346,tablet
U0910,P0446,add_to_cart,2026-04-12 07:24:07,S12265,web
U0397,P0150,click,2026-04-01 09:30:17,S84099,mobile
U0846,P0225,add_to_cart,2026-03-16 16:20:28,S84643,mobile
U0515,P0390,purchase,2026-01-22 23:47:52,S25507,tablet
U0484,P0083,purchase,2026-04-12 01:16:16,S14093,mobile
U0647,P0385,view,2026-03-15 13:33:26,S26105,mobile
U0237,P0139,add_to_cart,2026-02-27 09:10:38,S27239,tablet
U0610,P0481,click,2026-03-11 17:37:12,S45947,tablet
U0352,P0489,purchase,2026-04-01 14:35:42,S59050,mobile
U0309,P0482,click,2026-03-09 05:09:41,S26521,mobile
U0332,P0467,add_to_cart,2026-04-08 21:44:56,S67172,web
U0141,P0162,purchase,2026-02-11 06:42:28,S33697,mobile
U0624,P0005,add_to_cart,2026-02-19 07:50:40,S93257,tablet
U0676,P0151,purchase,2026-01-23 09:24:57,S75392,web
U0492,P0462,purchase,2026-02-27 19:42:14,S47823,tablet
U0805,P0167,add_to_cart,2026-04-06 08:06:47,S88745,web
U0335,P0088,click,2026-02-18 19:27:21,S39520,web
U0007,P0251,click,2026-02-06 10:27:59,S53649,tablet
U0357,P0112,click,2026-02-10 21:41:50,S17386,mobile
U0759,P0128,purchase,2026-02-05 23:58:19,S34226,mobile
U0953,P0445,click,2026-03-21 08:37:21,S93898,mobile
U0649,P0497,purchase,2026-03-24 05:43:05,S65784,web
U0549,P0329,view,2026-04-09 12:36:57,S82834,web
U0730,P0346,add_to_cart,2026-03-31 11:49:22,S32409,mobile
U0599,P0343,add_to_cart,2026-02-10 12:36:27,S28342,tablet
U0880,P0161,click,2026-03-12 04:12:39,S75844,web
U0501,P0189,click,2026-03-18 02:25:24,S17174,web
U0939,P0027,click,2026-03-07 11:13:57,S88549,mobile
U0265,P0230,purchase,2026-02-28 09:48:10,S71815,mobile
U0784,P0188,view,2026-03-06 05:08:20,S49002,web
U0895,P0271,add_to_cart,2026-02-03 16:47:36,S25608,web
U0595,P0154,purchase,2026-02-14 09:27:53,S47930,tablet
U0209,P0019,add_to_cart,2026-02-18 17:46:46,S76918,tablet
U0032,P0114,view,2026-02-04 19:17:28,S38543,web
U0086,P0448,click,2026-04-18 07:19:10,S41410,tablet
U0534,P0471,view,2026-03-15 01:21:46,S77237,web
U0519,P0274,view,2026-04-01 02:29:14,S56219,mobile
U0492,P0279,purchase,2026-02-14 00:21:03,S47387,tablet
U0446,P0095,add_to_cart,2026-04-17 02:16:44,S51085,mobile
U0126,P0228,add_to_cart,2026-03-13 11:53:43,S96624,console
U0949,P0168,view,2026-03-22 18:38:10,S16553,mobile
U0525,P0290,click,2026-03-06 15:28:06,S99857,web
U0193,P0150,add_to_cart,2026-03-09 18:04:45,S21484,tablet
U0491,P0227,purchase,2026-02-09 21:34:18,S62099,tablet
U0955,P0034,add_to_cart,2026-02-17 07:38:32,S61911,mobile
U0602,P0310,add_to_cart,2026-03-09 22:54:18,S66362,web
U0995,P0464,add_to_cart,2026-01-26 22:11:40,S87010,tablet
U0600,P0405,click,2026-04-18 01:20:40,S24701,mobile
U0546,P0305,add_to_cart,2026-03-22 08:17:48,S85686,mobile
U0545,P0464,view,2026-04-17 12:23:34,S31459,mobile
U0722,P0044,purchase,2026-04-14 19:00:28,S48077,web
U0175,P0334,add_to_cart,2026-03-10 10:04:58,S77449,tablet
U0305,P0318,purchase,2026-04-04 13:29:49,S67414,mobile
U0575,P0467,add_to_cart,2026-03-23 11:57:49,S93245,tablet
U0585,P0179,view,2026-03-27 04:02:50,S87638,mobile
U0184,P0074,click,2026-03-17 21:15:20,S70654,tablet
,P0312,click,2026-02-06 10:53:41,S79313,tablet
U0193,P0328,purchase,2026-01-30 16:49:31,S11885,web
U0769,P0298,add_to_cart,2026-02-22 11:58:07,S22960,web
U0814,P0475,view,2026-03-15 18:04:16,S30955,tablet
U0401,P0268,click,2026-01-30 06:38:04,S38526,tablet
U0031,P0108,add_to_cart,2026-03-16 19:31:43,S24952,mobile
U0592,P0126,purchase,2026-03-29 02:54:17,S46058,web
U0591,P0006,click,2026-04-09 23:54:33,S85085,tablet
U0867,P0086,click,2026-03-17 17:02:23,S85640,mobile
U0380,P0162,view,2026-04-01 15:28:55,S65438,tablet
U0213,P0114,add_to_cart,2026-01-31 22:51:53,S96113,web
,P0259,click,2026-03-20 00:25:58,S97678,web
U0200,P0065,purchase,2026-01-22 04:25:30,S25972,tablet
U0247,P0404,click,2026-01-21 09:03:07,S79813,mobile
U0874,P0294,purchase,2026-02-28 04:53:36,S94714,web
U0358,P0063,view,2026-03-15 01:32:19,S85231,mobile
U0707,P0272,add_to_cart,2026-03-29 03:40:46,S75835,tablet
U0126,P0022,add_to_cart,2026-03-02 02:13:14,S27777,web
U0218,P0366,purchase,2026-02-15 14:34:49,S19132,web
U0956,P0357,purchase,2026-02-15 13:48:11,S62698,mobile
U0937,P0226,click,2026-02-16 12:41:42,S76801,tablet
U0614,P0206,view,2026-02-15 12:51:38,S41718,tablet
U0062,P0361,click,2026-04-10 12:09:20,S81375,web
U0999,P0448,purchase,2026-01-31 13:21:06,S92951,web
U0462,P0341,view,2026-01-31 23:41:23,S53818,web
U0841,P0193,view,2026-04-04 17:44:37,S84461,mobile
U0366,P0178,click,2026-02-01 13:49:45,S48034,mobile
U0403,P0490,click,2026-04-14 04:52:46,S76592,mobile
U0483,P0249,view,2026-03-19 01:01:32,S30762,tablet
U0609,P0216,purchase,2026-03-13 00:10:14,S54972,mobile
U0303,P0091,click,2026-03-09 09:16:48,S43610,mobile
U0837,P0361,purchase,2026-01-29 01:16:22,S23741,tablet
U0714,P0237,add_to_cart,2026-04-11 07:27:15,S53877,tablet
U0894,P0419,add_to_cart,2026-03-13 09:40:12,S15616,web
U0987,P0064,click,2026-02-13 20:23:48,S81678,mobile
U0139,P0252,view,2026-01-21 09:36:50,S28705,web
U0430,P0107,purchase,2026-02-06 18:32:10,S23428,web
U0649,P0133,add_to_cart,,S79319,tablet
U0236,P0304,add_to_cart,2026-02-16 00:47:12,S85411,web
U0589,P0409,click,2026-03-14 18:01:59,S62708,web
U0712,P0388,click,2026-04-02 06:19:27,S32692,tablet
U0550,P0391,add_to_cart,2026-04-08 18:32:14,S69551,web
U0893,P0164,add_to_cart,2026-02-03 08:38:01,S53076,tablet
,P0458,purchase,2026-02-06 17:52:31,S26159,web
U0273,P0455,view,2026-01-22 23:22:02,S65681,tablet
U0983,P0287,click,2026-02-02 13:58:18,S45519,tablet
U0785,P0425,click,2026-02-14 11:06:25,S37297,console
U0516,P0390,click,2026-03-25 17:57:53,S36941,tablet
U0482,P0227,add_to_cart,2026-03-26 08:05:56,S40675,mobile
U0415,P0146,purchase,2026-03-18 00:30:25,S42908,mobile
U0239,P0368,click,2026-04-07 00:27:12,S91617,mobile
U0965,P0488,add_to_cart,2026-02-13 18:39:54,S93481,desktop
U0993,P0012,view,2026-03-30 04:39:00,S61891,mobile
U0358,P0136,view,2026-01-25 09:32:16,S18889,tablet
U0868,,view,2026-01-30 22:15:12,S14567,tablet
U0669,P0183,purchase,2026-03-20 04:52:37,S10959,web
U0777,P0144,click,2026-01-22 02:03:38,S74847,tablet
U0606,P0430,add_to_cart,2026-02-01 20:34:19,S38192,mobile
U0278,P0191,view,2026-03-31 23:25:11,S19867,mobile
U0637,P0248,add_to_cart,,S28932,mobile
U0769,P0142,purchase,2026-01-23 21:23:09,S83140,web
U0155,P0382,purchase,2026-02-21 20:54:39,S63329,mobile
U0188,P0091,add_to_cart,2026-01-30 18:03:32,S49131,mobile
U0190,P0149,click,2026-02-22 23:30:31,S98270,mobile
U0177,P0215,click,,S91508,mobile
U0037,P0099,add_to_cart,2026-03-09 19:08:42,S66573,mobile
U0705,P0196,view,2026-01-26 17:17:24,S11572,mobile
U0560,P0205,purchase,2026-04-18 23:46:03,S32260,mobile
U0957,P0477,view,2026-01-24 01:09:27,S87929,web
U0799,P0406,view,2026-03-11 15:04:37,S27765,mobile
U0585,P0185,view,2026-03-13 19:47:44,S86466,mobile
U0011,P0174,purchase,2026-03-21 22:01:27,S51024,mobile
U0062,P0050,purchase,2026-02-20 04:58:19,S53717,tablet
U0989,P0007,click,2026-03-20 07:52:16,S90653,web
U0092,P0098,click,2026-04-13 16:26:15,S32500,mobile
U0096,P0056,view,2026-03-30 13:51:35,S84235,mobile
U0762,P0261,purchase,2026-01-29 23:51:03,S61098,web
U0146,P0096,click,2026-01-23 09:14:37,S51446,tablet
U0793,P0144,purchase,2026-02-03 18:03:28,S24543,tablet
U0172,P0281,click,2026-03-21 00:13:44,S69609,web
U0314,P0126,purchase,2026-01-26 05:16:06,S39567,web
U0301,P0439,view,2026-02-12 13:07:37,S28903,mobile
U0664,,click,2026-02-07 12:27:48,S33735,mobile
U0934,P0301,add_to_cart,2026-01-30 05:10:01,S97073,tablet
U0018,P0299,add_to_cart,2026-02-28 16:14:28,S72188,mobile
U0385,P0316,click,2026-02-15 06:38:57,S65137,tablet
U0641,,add_to_cart,2026-02-01 08:10:45,S27111,web
U0419,P0041,purchase,2026-04-07 10:55:35,S83032,mobile
U0994,P0497,view,2026-02-23 12:33:32,S57066,tablet
U0554,P0180,click,2026-03-09 01:20:56,S27224,console
U0109,P0295,click,2026-03-01 19:33:08,S86210,mobile
U0175,P0413,purchase,2026-03-30 14:43:52,S47425,tablet
U0622,P0411,purchase,2026-02-21 17:26:19,S82876,web
U0811,P0450,purchase,2026-02-05 07:47:15,S70766,web
U0061,P0465,click,2026-03-25 19:08:00,S45289,web
U0468,P0133,click,2026-03-26 08:24:01,S67451,tablet
U0571,P0500,click,2026-04-02 03:59:17,S84958,mobile
U0503,P0150,view,2026-01-30 15:55:02,S49423,mobile
U0052,P0207,view,2026-03-11 22:08:02,S91962,mobile
U0854,P0102,add_to_cart,2026-02-18 10:08:36,S80822,web
U0523,P0224,add_to_cart,2026-03-18 01:25:21,S76082,mobile
U0121,P0115,purchase,2026-03-01 09:59:15,S66582,mobile
U0152,P0366,click,2026-02-10 02:24:00,S31823,mobile
U0762,P0373,purchase,2026-04-17 05:24:09,S11906,web
U0925,P0169,click,2026-02-15 07:55:48,S10259,mobile
U0022,P0010,purchase,2026-02-20 10:37:12,S62862,web
U0246,P0304,click,2026-04-08 00:10:32,S10440,tablet
U0534,P0293,click,2026-02-04 09:10:46,S25612,web
U0818,P0002,click,2026-04-04 03:21:43,S60394,tablet
U0772,P0380,view,2026-02-19 05:03:21,S99851,web
U0207,P0479,purchase,2026-04-04 19:22:01,S85650,tablet
U0471,P0379,click,2026-03-10 00:19:27,S81011,tablet
U0345,P0154,click,2026-03-31 15:28:59,S72918,web
U0398,,click,2026-01-26 00:50:22,S88213,tablet
U0528,P0142,view,2026-02-20 15:49:18,S25563,mobile
U0741,P0428,view,2026-03-18 03:00:11,S22598,tablet
U0904,P0044,add_to_cart,2026-01-31 21:59:44,S82783,tablet
U0379,P0356,add_to_cart,2026-03-03 18:14:59,S28549,tablet
U0986,P0413,add_to_cart,2026-02-08 00:39:41,S34787,tablet
U0267,P0413,click,2026-01-28 13:13:01,S36667,web
U0781,P0123,add_to_cart,2026-03-13 14:58:05,S13928,web
U0330,P0193,add_to_cart,2026-02-25 21:11:24,S45826,web
U0443,P0227,view,2026-01-26 03:28:36,S17675,tablet
U0142,P0137,click,2026-02-06 19:37:37,S22006,tablet
U0520,P0078,view,2026-04-13 08:06:02,S77284,web
U0611,P0473,add_to_cart,2026-01-20 05:26:07,S61259,mobile
U0035,P0272,add_to_cart,,S75127,web
U0706,P0167,view,2026-03-20 08:16:45,S56990,tablet
U0995,P0099,purchase,2026-02-28 05:49:01,S39133,web
U0466,P0009,click,2026-02-26 03:10:28,S30902,tablet
U0097,P0396,view,2026-03-31 12:05:17,S24048,tablet
U0119,P0352,purchase,2026-01-28 22:52:38,S33159,tablet
U0998,P0168,add_to_cart,2026-04-02 00:39:06,S47599,tablet
U0888,P0457,purchase,2026-02-03 01:09:15,S17973,web
U0617,P0089,view,2026-01-27 09:37:48,S65898,web
U0025,P0028,click,2026-02-05 20:26:44,S41759,tablet
U0147,P0235,click,2026-01-23 03:16:01,S33039,mobile
U0926,P0066,purchase,2026-01-28 12:46:26,S21740,mobile
U0031,P0336,add_to_cart,2026-03-29 13:37:35,S11511,web
U0754,P0220,purchase,2026-03-02 08:10:11,S43888,web
U0391,P0372,click,2026-02-28 23:51:04,S33292,mobile
U0451,P0215,view,2026-04-11 10:55:01,S60176,mobile
U0110,P0319,click,2026-03-03 08:36:51,S10897,web
U0512,P0369,view,2026-02-28 17:54:23,S29516,web
U0241,P0180,purchase,2026-01-30 17:52:58,S63717,tablet
U0174,P0084,add_to_cart,,S70142,tablet
U0976,P0094,purchase,2026-03-18 00:08:17,S76766,web
U0868,P0215,purchase,2026-03-05 14:34:13,S30007,mobile
U0283,P0040,purchase,2026-03-13 19:52:16,S67933,tablet
U0877,P0433,add_to_cart,2026-04-09 10:41:03,S72037,web
U0850,P0042,view,2026-04-04 02:11:16,S93769,mobile
U0371,P0008,click,2026-03-13 03:57:47,S76880,web
U0513,P0290,purchase,2026-02-27 05:18:00,S26456,mobile
U0321,P0443,add_to_cart,2026-02-15 11:11:57,S17031,web
U0744,P0215,purchase,2026-03-31 05:32:50,S24478,mobile
U0089,P0173,purchase,2026-02-21 22:00:46,S56698,mobile
U0366,P0132,view,2026-01-22 14:33:05,S96497,tablet
U0284,P0411,add_to_cart,2026-04-12 03:12:06,S26216,mobile
U0687,P0364,purchase,2026-02-14 19:54:17,S82146,mobile
U0544,P0076,purchase,2026-02-20 00:05:30,S97646,web
U0240,P0158,view,2026-03-04 21:21:47,S47683,tablet
U0896,P0443,view,2026-01-28 19:13:56,S77740,web
U0601,P0411,purchase,2026-03-29 00:50:40,S63104,web
U0266,P0444,click,,S23206,mobile
U0187,P0047,view,2026-03-08 11:19:23,S35699,tablet
U0768,P0143,click,2026-02-12 08:59:52,S13841,mobile
U0726,P0206,click,2026-02-28 22:15:24,S79191,web
U0005,P0422,view,2026-03-24 05:10:48,S23170,tablet
U0748,P0329,purchase,2026-01-26 02:07:41,S36559,mobile
U0064,P0358,view,2026-02-02 21:39:05,S68552,tablet
U0848,P0304,click,2026-01-30 03:15:26,S46178,mobile
U0961,P0007,view,2026-02-27 17:17:18,S25306,mobile
U0110,P0385,purchase,2026-02-01 21:28:12,S71162,tablet
U0569,P0213,click,2026-02-02 22:57:00,S60849,mobile
U0779,P0482,add_to_cart,2026-04-17 22:27:30,S16675,tablet
U0520,P0133,click,2026-04-04 23:35:36,S47341,tablet
U0478,P0421,add_to_cart,2026-03-07 00:20:35,S92403,mobile
U0079,,purchase,2026-03-04 08:08:08,S54262,tablet
U0170,P0362,click,2026-01-22 17:12:17,S31819,tablet
,P0347,purchase,2026-03-27 00:07:33,S71823,mobile
U0799,P0240,click,2026-02-18 17:02:14,S24673,web
U0109,P0219,click,2026-03-31 18:38:26,S24557,tablet
U0482,P0500,view,2026-02-05 07:23:01,S98715,tablet
U0901,P0389,purchase,2026-02-21 17:31:01,S74279,mobile
U0549,P0102,purchase,2026-03-04 08:15:12,S15284,web
U0900,P0215,click,2026-01-20 06:37:43,S47590,tablet
U0016,P0345,add_to_cart,2026-03-06 16:56:56,S75601,mobile
U0016,P0087,add_to_cart,2026-04-15 10:40:25,S35448,mobile
U0219,P0449,purchase,2026-02-12 05:54:28,S25930,web
U0600,P0020,purchase,2026-04-07 13:55:25,S82284,web
U0868,P0234,add_to_cart,2026-03-11 17:11:26,S12611,web
U0821,P0227,add_to_cart,2026-01-28 15:54:29,S91231,tablet
U0122,P0126,add_to_cart,2026-04-19 05:10:17,S21723,web
U0057,P0377,click,2026-03-13 10:51:24,S29030,web
U0075,P0003,purchase,2026-01-21 07:55:19,S35903,web
U0048,P0482,add_to_cart,2026-02-09 10:16:11,S37771,tablet
U0767,P0356,click,2026-04-09 19:35:42,S39115,tablet
U0141,P0148,add_to_cart,2026-03-25 02:24:05,S38887,mobile
U0011,P0155,click,2026-03-15 21:52:13,S19777,mobile
U0324,P0440,view,2026-01-25 05:21:54,S23229,web
U0934,P0037,purchase,2026-03-21 13:16:45,S82096,web
U0716,P0149,purchase,2026-02-20 08:24:49,S97522,tablet
U0884,P0169,view,2026-02-28 20:01:23,S21890,mobile
U0004,P0167,click,2026-02-04 10:03:13,S75361,web
U0266,P0394,view,2026-03-23 18:24:25,S86704,web
U0877,P0492,click,2026-03-01 17:12:06,S42346,tablet
U0346,P0165,click,2026-02-06 19:52:46,S20008,web
U0930,P0253,add_to_cart,2026-02-01 04:52:41,S40698,tablet
U0382,P0392,purchase,2026-03-25 03:35:05,S54743,web
U0266,P0080,purchase,2026-04-11 01:39:38,S98007,tablet
U0473,P0083,view,2026-03-10 00:41:12,S30120,web
U0806,P0150,purchase,2026-03-08 10:12:04,S65423,web
,P0073,click,2026-03-06 02:21:14,S67873,mobile
U0028,P0236,view,2026-01-27 18:12:21,S70797,mobile
U0371,P0197,add_to_cart,2026-04-13 17:30:04,S79672,tablet
U0771,P0118,purchase,2026-04-15 02:13:41,S38378,mobile
U0499,P0163,add_to_cart,2026-02-18 19:17:58,S12090,mobile
U0910,P0227,add_to_cart,2026-01-29 10:59:06,S75962,web
U0723,P0236,view,2026-03-10 01:48:48,S31233,tablet
U0177,P0171,add_to_cart,2026-03-11 19:13:36,S62799,mobile
U0915,P0231,view,2026-04-01 18:47:38,S49355,mobile
U0460,P0214,purchase,2026-02-21 04:57:19,S11348,web
U0669,P0457,purchase,2026-04-17 07:31:55,S28850,web
U0969,P0035,view,2026-03-04 07:34:55,S81891,web
U0488,P0214,view,2026-03-06 21:58:53,S26433,mobile
U0915,P0271,purchase,2026-03-25 17:18:03,S89610,mobile
U0417,P0459,click,2026-02-22 18:49:25,S78592,web
U0606,P0348,view,2026-02-11 02:05:41,S53857,web
,P0121,add_to_cart,2026-01-20 12:37:42,S13329,tablet
U0538,P0484,view,2026-03-21 07:16:56,S85721,web
U0761,P0043,add_to_cart,2026-04-06 16:21:40,S66238,web
U0796,P0005,add_to_cart,2026-02-13 23:53:34,S52161,web
U0462,P0030,purchase,2026-03-25 21:40:37,S70735,web
,P0174,add_to_cart,2026-02-21 05:46:52,S67191,mobile
U0601,P0361,click,2026-02-19 19:11:10,S44035,mobile
U0866,P0093,purchase,2026-02-15 14:39:08,S27070,web
U0747,P0106,view,2026-01-27 06:24:37,S32995,tablet
U0151,P0247,click,2026-02-02 02:43:51,S70920,web
U0667,P0455,purchase,2026-03-15 22:05:27,S25819,web
U0110,P0217,view,2026-01-27 10:43:24,S30658,tablet
U0905,P0279,add_to_cart,2026-02-03 10:31:13,S45154,tablet
U0414,P0296,view,2026-01-24 13:38:45,S33032,mobile
U0856,P0218,click,2026-02-15 21:16:53,S33484,mobile
U0031,P0461,view,2026-03-13 20:42:12,S82036,mobile
U0098,P0456,add_to_cart,2026-02-12 14:28:23,S45210,web
U0849,P0040,click,2026-03-15 19:53:33,S13312,mobile
U0462,P0238,click,2026-02-16 02:55:36,S62436,mobile
U0457,P0455,click,2026-03-04 00:23:32,S14312,web
U0598,P0102,view,2026-02-12 15:02:47,S70140,mobile
U0260,P0470,add_to_cart,2026-03-09 21:01:43,S39343,mobile
U0884,P0414,purchase,2026-02-09 20:30:19,S46521,web
U0444,P0124,click,2026-03-30 08:05:36,S83770,mobile
U0760,P0204,add_to_cart,2026-02-22 02:12:57,S30483,web
U0631,P0374,add_to_cart,2026-02-02 21:58:38,S38702,tablet
U0620,P0116,view,2026-03-20 05:45:09,S74652,mobile
U0554,P0441,click,2026-02-09 20:50:50,S25449,web
U0228,P0179,click,2026-02-27 20:30:21,S66261,mobile
U0129,P0426,purchase,2026-03-14 16:28:38,S61790,tablet
U0340,P0422,view,2026-03-19 06:03:04,S82478,tablet
U0312,P0183,view,2026-04-05 17:48:47,S44704,tablet
U0767,P0321,add_to_cart,2026-01-22 16:28:48,S10074,tablet
U0880,P0280,purchase,2026-02-27 00:06:05,S64879,tablet
U0508,P0187,purchase,2026-01-22 06:10:35,S15845,tablet
U0011,P0341,click,2026-04-02 06:15:12,S87990,mobile
U0170,P0096,click,2026-03-08 10:53:48,S41220,tablet
U0034,P0144,add_to_cart,2026-03-30 20:50:28,S14534,tablet
U0231,P0089,view,2026-03-05 07:00:21,S42409,mobile
U0178,P0004,view,2026-02-20 13:01:00,S18812,mobile
U0158,P0415,add_to_cart,2026-04-13 12:03:55,S55095,mobile
U0117,P0317,view,2026-03-04 10:19:42,S53065,tablet
U0700,P0460,click,2026-02-17 14:44:20,S86139,tablet
U0833,P0284,add_to_cart,2026-04-18 07:34:42,S91760,mobile
U0774,P0398,view,2026-02-13 05:54:20,S48606,mobile
U0404,P0471,view,2026-04-05 15:32:15,S27335,mobile
U0832,P0276,click,2026-03-05 20:32:47,S80564,tablet
U0237,P0063,view,2026-02-23 09:50:18,S21857,mobile
U0901,P0297,click,2026-03-17 12:08:11,S88439,web
U0321,P0465,view,2026-01-27 04:17:33,S28696,mobile
U0991,P0255,purchase,2026-02-14 02:44:23,S73061,web
U0317,P0302,add_to_cart,2026-02-24 05:49:38,S18593,mobile
U0394,P0094,add_to_cart,2026-04-12 03:22:57,S84233,mobile
U0924,P0230,add_to_cart,2026-04-09 03:33:37,S86802,mobile
U0186,P0203,purchase,2026-01-29 08:20:25,S23090,web
U0382,P0119,purchase,,S45922,web
U0327,P0078,purchase,2026-02-21 13:56:53,S23485,mobile
U0719,P0014,purchase,2026-02-04 16:19:54,S39958,mobile
U0005,P0293,view,2026-04-14 19:24:27,S45203,web
U0896,P0071,add_to_cart,2026-01-27 06:57:21,S31786,tablet
U0109,P0033,add_to_cart,2026-04-18 08:23:02,S53498,web
U0011,P0163,click,2026-02-23 07:38:29,S28294,mobile
U0596,P0328,click,2026-02-27 08:39:24,S97318,mobile
U0530,P0436,purchase,2026-03-23 21:31:40,S70423,tablet
U0144,P0134,purchase,2026-04-07 04:37:06,S59068,smart_tv
U0760,P0129,view,2026-02-08 03:24:05,S75761,tablet
U0242,P0363,add_to_cart,2026-04-10 11:41:58,S80739,mobile
U0605,P0093,click,2026-02-27 19:45:36,S73321,web
U0043,P0221,purchase,2026-04-11 13:54:56,S85311,mobile
U0985,P0107,view,2026-02-10 21:26:29,S87275,tablet
U0441,P0182,click,2026-03-06 22:28:58,S17492,mobile
U0349,P0240,add_to_cart,2026-03-16 10:00:36,S17514,tablet
U0342,P0326,add_to_cart,2026-03-28 19:18:41,S35179,tablet
U0555,P0088,add_to_cart,2026-04-19 15:55:10,S72629,mobile
U0415,P0404,view,2026-01-22 18:29:33,S44881,web
U0494,P0065,view,2026-03-07 11:06:35,S38404,tablet
U0896,P0164,add_to_cart,2026-01-30 21:19:16,S61352,mobile
U0569,P0082,view,2026-02-12 12:45:22,S11130,mobile
U0547,P0094,add_to_cart,2026-04-14 23:08:33,S63180,mobile
U0776,P0453,add_to_cart,2026-03-18 06:15:57,S82413,web
U0194,P0302,add_to_cart,2026-02-12 23:31:28,S11666,mobile
U0872,P0485,view,2026-02-09 08:56:42,S45851,mobile
U0295,P0292,view,2026-04-06 00:25:00,S11762,tablet
U0720,,purchase,2026-03-11 06:11:53,S68115,mobile
U0138,P0210,purchase,2026-01-20 09:32:57,S54917,mobile
U0986,P0298,add_to_cart,2026-03-16 07:04:14,S34262,mobile
U0489,P0429,add_to_cart,2026-04-12 01:25:56,S12459,tablet
U0238,P0315,click,2026-01-26 03:04:22,S85356,mobile
U0252,P0190,view,2026-03-29 22:32:38,S33283,mobile
U0165,P0153,purchase,2026-01-31 03:09:42,S87579,mobile
U0392,,click,2026-04-18 01:42:11,S65033,mobile
U0955,P0271,view,2026-03-20 17:41:21,S96386,mobile
U0329,P0205,add_to_cart,2026-03-12 04:02:15,S99795,tablet
U0429,P0426,click,2026-03-21 15:52:17,S27013,web
U0289,P0112,add_to_cart,2026-01-21 00:32:10,S85031,web
U0234,P0238,view,2026-02-14 09:52:49,S65529,mobile
U0456,P0423,purchase,2026-04-14 05:20:16,S39220,tablet
U0114,P0106,view,2026-03-13 04:10:29,S11629,tablet
U0960,P0406,add_to_cart,2026-02-25 03:23:29,S67052,web
U0141,P0481,view,2026-02-01 14:09:58,S55739,web
U0922,P0419,add_to_cart,2026-02-03 07:09:32,S70262,mobile
U0476,P0241,purchase,2026-03-27 13:10:49,S72470,web
U0916,P0471,click,2026-03-15 07:35:19,S42900,tablet
U0300,P0093,click,2026-02-24 15:36:13,S19104,web
U0336,P0440,add_to_cart,2026-02-01 18:37:36,S82152,web
U0021,P0045,purchase,2026-04-09 22:24:34,S84007,mobile
U0177,P0154,view,2026-01-25 06:08:31,S47621,tablet
U0225,P0228,add_to_cart,2026-02-23 09:43:58,S20193,web
U0173,P0113,add_to_cart,,S53940,mobile
U0514,P0422,purchase,2026-04-03 09:18:12,S68803,tablet
U0780,P0006,view,2026-03-06 10:40:59,S80263,web
U0764,P0116,purchase,2026-02-06 15:13:10,S83323,tablet
U0043,P0144,purchase,2026-02-11 07:12:13,S77596,web
U0752,P0362,add_to_cart,2026-01-28 23:46:08,S11584,mobile
U0610,P0174,view,2026-03-25 12:16:39,S92027,web
U0494,P0380,add_to_cart,2026-02-11 03:19:36,S61224,tablet
U0286,P0121,add_to_cart,2026-04-05 21:58:09,S12097,mobile
U0596,P0400,view,2026-03-22 19:25:44,S20178,web
U0689,P0219,click,2026-02-28 17:47:38,S94874,tablet
U0421,P0378,click,2026-02-26 08:05:14,S69717,tablet
U0980,P0465,add_to_cart,2026-02-24 07:43:43,S69904,mobile
U0406,P0373,purchase,2026-01-30 19:44:31,S69162,tablet
U0987,P0439,add_to_cart,2026-03-14 09:20:07,S64276,web
U0135,P0348,purchase,2026-02-18 14:42:50,S82542,mobile
U0377,P0338,add_to_cart,2026-04-18 03:10:20,S78087,web
U0837,P0265,click,2026-01-27 05:25:49,S69350,web
U0947,P0357,view,2026-04-03 04:00:17,S11453,tablet
U0316,P0172,click,2026-04-19 16:32:42,S95172,tablet
U0395,P0011,add_to_cart,2026-02-19 13:13:43,S63988,web
U0035,P0173,click,2026-02-18 09:01:43,S68223,web
U0937,P0218,view,2026-02-16 00:59:05,S61951,web
U0661,P0226,view,2026-01-22 14:43:45,S71735,tablet
U0811,P0455,click,2026-03-31 04:56:18,S33990,tablet
U0188,P0216,purchase,2026-03-21 20:55:18,S94197,web
U0795,P0042,click,,S76595,tablet
U0520,P0221,add_to_cart,2026-02-16 18:17:28,S53186,tablet
U0613,P0414,click,2026-03-10 17:08:19,S36902,tablet
U0425,P0105,add_to_cart,2026-04-17 06:09:32,S77506,tablet
U0633,P0445,purchase,2026-03-12 00:52:34,S51276,tablet
U0331,P0435,click,2026-04-15 23:11:06,S49673,tablet
U0142,P0072,click,2026-04-18 16:34:51,S17691,web
U0664,P0439,purchase,2026-04-19 02:49:50,S81442,web
U0700,P0371,purchase,2026-01-23 14:49:23,S61216,mobile
U0192,P0430,click,2026-01-28 14:38:39,S31346,tablet
U0954,P0493,click,2026-03-21 06:58:40,S86050,tablet
U0182,P0393,click,2026-04-16 20:37:51,S80321,mobile
U0503,P0062,view,2026-03-14 11:45:17,S36748,mobile
U0475,P0047,purchase,2026-01-20 19:26:18,S65428,web
U0626,P0135,view,2026-03-12 21:23:00,S48264,mobile
U0031,P0106,view,,S52838,web
U0704,P0328,click,2026-02-03 10:16:38,S57027,tablet
U0626,P0215,purchase,2026-01-23 13:50:57,S88487,mobile
U0066,P0316,add_to_cart,2026-03-29 15:59:25,S34884,mobile
U0377,P0133,view,2026-02-23 08:26:48,S83585,tablet
U0761,P0398,add_to_cart,2026-04-14 08:55:59,S17117,tablet
U0151,P0401,click,2026-03-20 19:36:58,S24633,web
U0483,P0258,click,2026-03-10 23:05:01,S59401,tablet
U0278,P0340,view,2026-04-16 04:08:48,S55054,tablet
U0541,P0297,click,2026-02-02 13:49:16,S95261,web
U0904,P0396,view,2026-04-13 18:36:18,S22209,web
U0002,P0103,purchase,2026-01-25 04:09:59,S72384,mobile
U0960,P0307,view,2026-03-13 22:58:01,S49104,mobile
U0457,P0451,click,2026-02-15 01:07:54,S77263,tablet
U0553,P0017,click,2026-03-19 05:48:04,S62705,mobile
U0542,P0085,purchase,2026-03-31 06:19:47,S95364,web
U0853,P0154,add_to_cart,2026-01-23 00:42:01,S69984,mobile
U0529,P0260,add_to_cart,,S94093,tablet
U0479,P0324,add_to_cart,2026-01-31 02:44:24,S64912,tablet
U0003,P0217,click,2026-04-06 14:00:46,S24441,mobile
U0820,P0242,purchase,2026-03-11 04:49:18,S12038,tablet
U0034,P0272,view,2026-01-22 08:44:31,S91906,mobile
U0468,P0030,view,2026-03-14 07:05:09,S98148,web
U0288,P0138,view,2026-03-02 21:39:29,S60002,tablet
U0667,P0095,add_to_cart,2026-03-03 19:00:09,S99190,web
U0922,P0004,click,2026-02-11 00:23:55,S48697,tablet
U0953,P0337,view,2026-02-27 05:54:33,S96196,web
U0221,P0209,click,2026-04-04 03:16:39,S30474,mobile
U0470,P0187,view,2026-01-21 06:38:58,S82262,web
U0584,P0232,purchase,2026-04-20 02:08:26,S42758,tablet
U0386,P0333,purchase,2026-01-20 04:48:03,S48488,mobile
U0385,P0163,view,2026-04-18 11:13:34,S15508,web
U0364,P0114,purchase,2026-02-21 18:14:57,S20375,tablet
U0546,P0418,purchase,2026-03-08 10:08:08,S99085,mobile
U0995,P0125,purchase,2026-04-19 09:54:08,S76849,tablet
U0151,P0061,add_to_cart,2026-04-02 16:26:54,S75327,mobile
U0531,P0190,add_to_cart,2026-03-12 14:58:05,S29958,mobile
U0984,P0066,view,2026-03-15 01:23:58,S59959,web
U0827,P0238,purchase,2026-02-25 21:18:37,S19658,mobile
U0382,P0298,add_to_cart,2026-04-02 17:38:37,S97369,mobile
U0139,P0384,click,2026-02-21 06:46:18,S89276,tablet
U0397,P0095,view,2026-03-13 20:31:22,S91249,mobile
U0012,P0197,purchase,2026-03-11 02:38:45,S69468,tablet
U0598,P0209,view,2026-02-13 12:33:07,S59408,tablet
U0605,P0466,view,2026-04-05 21:57:42,S81848,mobile
U0221,P0165,purchase,2026-03-12 20:14:33,S77471,web
U0728,P0254,purchase,2026-04-08 06:49:08,S58780,web
U0013,P0155,click,2026-02-20 09:16:38,S78837,mobile
U0051,P0268,add_to_cart,2026-04-07 08:59:37,S22536,web
U0205,P0309,view,2026-04-06 03:04:53,S30284,mobile
,P0006,click,2026-01-20 02:25:16,S47957,web
U0051,P0335,purchase,2026-03-12 05:20:40,S90863,tablet
U0765,P0484,click,2026-02-28 23:44:27,S96682,mobile
U0874,P0018,add_to_cart,2026-04-02 02:34:29,S38537,web
U0122,P0009,view,2026-03-27 20:55:54,S74973,console
U0156,P0462,purchase,2026-02-05 01:12:27,S87520,tablet
U0554,P0223,add_to_cart,2026-04-15 13:58:18,S48944,mobile
U0761,P0403,view,,S53189,tablet
U0993,P0364,view,2026-01-27 18:52:52,S33940,mobile
U0345,P0426,view,,S73501,web
U0439,P0312,click,2026-04-09 09:30:12,S83229,tablet
U0411,P0065,click,2026-04-13 13:28:19,S62730,tablet
U0135,P0451,click,2026-01-30 17:15:09,S96360,web
U0252,P0322,click,2026-03-18 22:24:59,S63541,web
U0103,P0480,purchase,2026-04-03 12:07:53,S72952,mobile
U0776,P0392,add_to_cart,2026-01-20 11:16:22,S42493,web
U0503,P0132,click,2026-04-20 05:56:52,S51679,mobile
U0988,P0038,view,2026-03-22 22:31:30,S51385,web
U0100,P0007,click,2026-03-24 17:50:50,S74994,mobile
U0658,P0087,click,2026-03-24 12:43:44,S18140,mobile
U0430,P0045,view,2026-01-25 05:20:16,S53715,tablet
U0763,P0428,click,2026-04-05 07:13:08,S77585,web
U0199,P0108,purchase,2026-01-25 06:54:47,S49094,tablet
U0189,P0415,add_to_cart,2026-02-28 10:00:52,S68792,web
U0564,P0312,click,2026-02-23 17:57:48,S66525,mobile
U0455,P0384,purchase,2026-02-05 08:12:35,S51315,mobile
U0946,P0496,click,2026-04-18 17:07:40,S64203,web
U0079,P0399,click,2026-03-21 22:55:58,S14471,tablet
U0571,P0437,add_to_cart,2026-01-31 17:35:49,S41312,tablet
U0171,P0443,add_to_cart,2026-01-30 09:45:25,S56094,web
U0198,P0498,add_to_cart,2026-01-24 22:01:40,S19617,tablet
U0814,P0182,click,2026-03-05 12:36:32,S81382,tablet
U0081,P0374,click,2026-03-02 16:27:10,S44153,web
U0736,P0410,purchase,2026-04-15 13:18:58,S42620,tablet
U0683,P0060,purchase,2026-01-26 23:32:32,S74473,web
U0003,P0026,add_to_cart,2026-01-21 21:24:08,S42221,mobile
,P0160,add_to_cart,2026-02-28 04:16:05,S80723,web
U0019,P0390,view,2026-04-07 19:52:36,S29609,mobile
U0084,P0412,click,2026-04-17 07:36:34,S87144,web
U0404,P0394,view,2026-01-25 08:41:06,S77337,web
U0938,P0421,purchase,2026-04-17 10:08:49,S92358,tablet
U0762,P0011,purchase,2026-03-29 19:40:42,S11631,mobile
U0402,P0165,view,2026-04-07 12:18:15,S21867,web
U0290,P0355,purchase,2026-04-20 21:51:24,S37085,mobile
U0740,P0122,add_to_cart,2026-03-14 04:48:41,S36225,mobile
U0955,P0098,purchase,2026-02-27 09:35:56,S12708,tablet
U0930,P0260,click,2026-03-16 17:44:42,S15579,tablet
U0738,P0495,purchase,2026-01-25 21:43:15,S32044,mobile
U0696,P0367,click,2026-04-06 22:23:46,S22144,tablet
U0860,P0371,add_to_cart,2026-02-17 02:52:16,S22042,mobile
U0698,P0439,view,2026-03-10 13:47:00,S23141,mobile
U0344,P0276,add_to_cart,2026-03-31 12:19:28,S83515,mobile
U0352,P0084,purchase,2026-02-19 06:47:21,S96263,mobile
U0115,P0305,purchase,2026-01-24 10:45:01,S69614,tablet
U0689,P0082,view,2026-01-22 11:24:56,S39607,tablet
U0927,P0241,click,2026-03-21 17:22:54,S45735,web
U0729,P0143,add_to_cart,2026-03-22 02:03:52,S79707,tablet
U0914,P0348,view,2026-04-11 07:09:40,S20476,web
U0769,P0033,add_to_cart,2026-03-10 02:40:24,S90948,tablet
U0348,,view,2026-04-03 09:54:50,S65210,web
U0824,P0199,purchase,2026-02-05 14:50:04,S33567,mobile
U0335,P0360,purchase,2026-01-20 13:13:38,S40420,mobile
U0142,P0384,purchase,2026-01-29 19:27:53,S49479,mobile
U0133,P0192,purchase,2026-04-01 16:19:35,S10778,mobile
U0929,P0199,purchase,2026-01-26 12:02:18,S16793,web
U0243,P0022,purchase,2026-03-11 08:41:27,S66881,mobile
U0380,P0023,view,2026-03-28 23:20:26,S21498,tablet
U0649,P0220,add_to_cart,2026-01-21 22:42:48,S81436,tablet
U0124,P0006,view,2026-04-05 01:35:41,S87642,mobile
,P0031,view,2026-04-11 01:02:56,S28764,web
U0139,P0012,add_to_cart,2026-03-04 05:45:19,S36218,web
U0776,P0190,purchase,2026-04-19 21:45:09,S58059,mobile
U0879,P0058,view,2026-03-11 01:31:00,S16493,tablet
U0734,P0274,purchase,2026-01-25 04:50:38,S70747,web
U0940,P0418,purchase,2026-02-26 11:42:43,S43788,web
U0646,P0303,view,2026-01-25 11:36:54,S47464,tablet
U0571,P0493,add_to_cart,2026-04-18 10:23:16,S53172,mobile
U0527,P0047,click,2026-04-01 00:35:35,S92656,tablet
U0124,P0368,purchase,2026-03-05 22:54:37,S55926,tablet
U0217,P0146,add_to_cart,2026-03-03 14:29:44,S63234,mobile
U0888,P0086,add_to_cart,,S74660,tablet
U0507,P0027,add_to_cart,2026-04-19 14:49:58,S59792,mobile
U0241,P0497,purchase,2026-02-02 15:17:30,S28289,web
U0555,P0217,click,2026-03-18 00:22:54,S48840,web
U0885,P0328,view,2026-03-14 14:47:08,S12101,mobile
U0202,P0181,click,2026-03-07 18:20:56,S57863,mobile
U0073,P0192,view,2026-04-17 00:09:32,S18893,web
U0236,P0348,click,2026-03-15 18:05:49,S22306,web
U0434,P0028,add_to_cart,2026-03-28 16:01:16,S84983,mobile
U0383,P0067,view,2026-02-21 11:00:12,S19837,mobile
U0252,P0303,add_to_cart,2026-02-28 16:06:18,S84339,web
U0058,P0364,purchase,2026-02-22 13:18:09,S38022,mobile
U0697,P0416,add_to_cart,2026-04-18 17:01:21,S86483,mobile
U0327,P0371,purchase,2026-02-04 20:51:00,S20479,tablet
U0955,P0269,purchase,2026-03-16 10:56:06,S63033,tablet
U0220,P0220,add_to_cart,2026-03-10 04:28:49,S82578,mobile
U0200,P0452,add_to_cart,,S44582,tablet
U0687,P0287,purchase,2026-03-11 19:54:48,S10906,web
U0704,P0240,click,2026-02-12 08:50:35,S72687,web
U0821,P0375,click,2026-03-30 09:39:41,S42028,mobile
U0826,P0329,click,2026-04-02 06:45:28,S31488,mobile
U0618,P0185,purchase,2026-03-23 08:48:25,S38444,mobile
U0871,P0419,view,2026-04-18 21:58:48,S72791,mobile
U0806,P0350,view,2026-02-15 20:35:24,S63067,web
U0266,P0021,view,2026-04-01 04:51:21,S52226,mobile
U0782,P0084,purchase,2026-03-19 13:41:31,S90912,tablet
U0669,P0096,add_to_cart,2026-02-10 15:59:39,S72049,mobile
U0637,P0478,view,2026-02-17 19:28:32,S54321,tablet
U0145,P0024,view,2026-02-19 06:38:22,S12843,tablet
U0097,P0129,click,2026-01-28 15:24:40,S90851,mobile
U0234,P0390,view,2026-03-27 10:09:16,S48448,mobile
U0218,P0493,add_to_cart,2026-03-24 02:34:13,S89252,tablet
U0538,P0077,click,2026-04-16 17:35:43,S53437,web
U0883,P0044,add_to_cart,2026-02-23 12:27:19,S26624,web
U0059,,purchase,2026-03-02 15:53:22,S84500,tablet
U0624,P0319,click,2026-02-14 20:03:55,S38984,mobile
U0031,P0002,purchase,2026-02-25 08:57:04,S37976,tablet
U0159,P0095,purchase,2026-04-10 05:28:52,S26814,web
U0461,P0240,purchase,2026-02-16 07:25:06,S19887,web
U0908,P0372,click,2026-03-11 14:37:45,S49156,tablet
U0490,P0015,purchase,2026-01-20 07:32:55,S83205,web
U0054,P0122,purchase,2026-01-24 12:11:56,S90525,web
U0174,P0320,add_to_cart,2026-02-06 22:56:38,S47704,mobile
U0746,P0422,click,2026-04-11 17:13:06,S48995,tablet
U0055,P0068,purchase,2026-02-23 00:40:25,S98525,tablet
U0890,P0223,purchase,2026-03-07 18:26:06,S31889,web
U0465,P0216,view,2026-03-08 20:43:22,S10317,web
U0851,P0082,click,2026-01-25 08:55:27,S63062,mobile
U0825,P0261,add_to_cart,2026-04-11 14:41:32,S44389,web
U0747,P0037,add_to_cart,2026-04-03 16:18:16,S45031,web
U0610,P0249,view,2026-02-02 19:01:53,S38519,tablet
U0716,P0395,purchase,2026-04-03 19:43:19,S46411,tablet
U0809,P0040,add_to_cart,2026-04-06 18:25:33,S66000,mobile
U0604,P0379,add_to_cart,2026-03-01 00:31:02,S46974,tablet
U0720,P0410,view,2026-02-07 15:10:49,S67215,web
U0222,P0066,view,2026-02-17 21:29:55,S43719,web
U0104,,click,2026-02-09 19:57:14,S86771,tablet
U0957,P0451,click,2026-04-14 03:47:54,S53194,tablet
U0296,P0288,add_to_cart,2026-02-18 09:09:21,S12134,mobile
U0717,P0038,view,2026-04-17 16:23:58,S67270,tablet
U0716,P0471,view,2026-02-06 07:01:51,S87539,tablet
U0721,P0469,add_to_cart,2026-03-24 10:55:44,S32626,tablet
U0166,P0175,purchase,2026-03-20 18:21:02,S74447,mobile
U0868,P0263,view,2026-02-05 07:27:53,S69015,tablet
U0659,P0280,purchase,2026-01-27 12:00:31,S96148,tablet
U0996,P0435,add_to_cart,2026-01-28 14:07:27,S78440,mobile
U0394,P0358,click,2026-02-14 09:17:58,S85436,tablet
U0379,P0206,add_to_cart,2026-03-20 20:56:00,S88572,tablet
U0996,P0446,add_to_cart,2026-03-11 00:53:31,S99056,web
U0528,P0220,purchase,2026-04-09 09:48:22,S84366,web
U0198,P0453,view,2026-01-20 22:36:22,S68297,mobile
U0207,P0203,click,2026-01-26 19:46:12,S17779,tablet
U0902,P0073,purchase,,S62530,mobile
U0008,P0051,purchase,2026-03-02 12:58:24,S51766,tablet
U0461,P0351,purchase,2026-02-24 12:02:05,S75439,tablet
U0950,P0268,purchase,2026-03-02 11:56:02,S56985,web
U0361,P0052,view,2026-02-21 17:07:17,S66485,web
,P0004,click,2026-03-10 19:04:12,S68511,web
U0534,P0403,purchase,2026-03-28 04:50:05,S48164,tablet
U0059,P0183,click,2026-03-14 13:55:50,S56255,web
U0333,P0055,view,2026-02-11 09:20:44,S49654,console
U0071,P0395,purchase,2026-02-26 00:10:47,S28837,mobile
,P0271,purchase,2026-03-29 15:30:10,S12226,tablet
U0795,P0120,add_to_cart,2026-03-21 01:31:31,S18326,web
U0021,P0491,view,2026-03-13 07:03:46,S15974,tablet
U0306,P0415,add_to_cart,2026-02-08 07:43:28,S77199,tablet
U0422,P0032,view,2026-01-25 12:06:58,S16358,tablet
U0627,P0377,view,2026-01-23 22:09:45,S46435,tablet
U0071,P0109,add_to_cart,2026-04-15 21:03:30,S11588,tablet
U0789,P0222,click,2026-04-07 17:19:01,S88168,web
U0889,P0433,purchase,2026-02-06 09:55:48,S54123,mobile
U0569,P0138,click,2026-02-15 13:12:03,S61018,tablet
U0277,P0270,click,2026-02-27 11:34:11,S15536,web
U0210,P0182,purchase,2026-04-18 17:55:06,S49210,tablet
U0998,P0008,add_to_cart,2026-03-24 23:18:34,S93775,mobile
U0587,P0129,click,2026-03-04 21:16:48,S92304,tablet
U0047,P0072,purchase,2026-01-20 06:08:16,S90870,web
U0277,P0076,click,,S56369,tablet
U0615,P0500,view,2026-03-03 18:57:14,S46748,tablet
U0862,P0446,click,2026-03-20 06:57:42,S50917,mobile
U0042,P0117,click,2026-04-02 16:01:14,S97161,web
U0483,P0147,purchase,2026-03-19 13:12:03,S89909,web
U0979,P0486,click,2026-04-14 11:14:30,S18741,tablet
U0921,P0218,add_to_cart,2026-04-17 19:01:48,S30836,mobile
U0004,P0257,view,2026-04-07 11:39:03,S94067,tablet
U0895,P0203,add_to_cart,2026-02-02 20:46:23,S65087,mobile
U0251,P0332,view,2026-02-10 15:37:57,S14080,tablet
U0659,P0185,purchase,2026-04-09 10:11:33,S31724,web
U0431,P0430,purchase,2026-02-26 18:47:59,S37497,mobile
U0870,P0228,view,2026-04-19 00:05:26,S60324,web
U0187,P0432,view,2026-04-14 23:22:59,S99310,mobile
U0381,P0048,click,2026-03-20 19:41:34,S75621,mobile
U0302,P0399,view,2026-03-09 13:10:23,S54549,tablet
U0320,P0213,click,2026-03-14 05:33:42,S40876,mobile
U0472,P0372,view,2026-02-17 23:48:10,S72096,mobile
U0462,P0320,click,2026-02-08 06:14:07,S39884,web
U0696,P0424,click,2026-01-24 15:35:52,S51465,web
U0894,P0410,purchase,2026-01-27 20:06:16,S46774,web
U0458,P0298,add_to_cart,2026-04-20 09:26:51,S19253,tablet
U0811,P0228,purchase,2026-03-24 11:25:51,S51140,mobile
U0608,P0269,click,2026-03-30 19:41:22,S91830,tablet
U0041,P0432,purchase,2026-02-15 16:50:56,S77395,mobile
U0362,P0299,click,2026-03-02 17:59:24,S88974,mobile
U0572,P0298,add_to_cart,2026-03-08 18:33:57,S89760,tablet
U0643,P0200,view,2026-03-12 20:01:20,S37537,tablet
U0270,P0282,purchase,2026-03-13 07:28:37,S78829,mobile
U0882,P0080,click,2026-04-17 17:26:21,S62244,mobile
U0155,P0122,purchase,2026-04-17 03:57:37,S33646,mobile
U0959,P0324,click,2026-04-10 12:09:03,S21562,tablet
U0900,P0414,click,2026-02-08 20:38:47,S94808,tablet
U0536,P0330,purchase,2026-04-13 03:34:43,S76944,mobile
U0836,P0414,click,2026-04-13 17:47:02,S10923,web
U0398,P0367,click,2026-02-04 01:42:50,S69596,tablet
U0136,P0113,purchase,2026-02-07 21:27:44,S82723,mobile
U0397,P0284,view,2026-02-17 10:00:31,S77027,tablet
U0953,P0435,purchase,2026-04-14 11:03:38,S89622,web
U0944,P0024,view,2026-03-01 01:36:38,S65145,web
U0336,,purchase,2026-03-27 08:12:08,S35035,web
U0363,P0354,purchase,2026-01-21 17:43:30,S67967,mobile
U0758,P0052,view,2026-04-14 07:56:16,S23126,web
U0338,P0175,click,2026-04-17 11:35:19,S67668,tablet
U0927,P0017,add_to_cart,2026-02-05 23:26:12,S22270,tablet
U0490,P0317,view,2026-03-27 09:58:13,S46720,web
U0046,P0160,add_to_cart,2026-03-26 19:33:57,S37425,mobile
U0996,P0040,add_to_cart,2026-01-28 11:14:04,S73359,mobile
U0668,P0471,click,2026-02-08 08:15:29,S94957,web
U0872,P0026,view,2026-03-12 19:30:22,S68191,mobile
U0333,P0322,purchase,2026-03-29 21:54:31,S19784,tablet
U0039,P0299,purchase,2026-03-18 22:29:50,S68511,tablet
U0055,P0448,view,2026-02-18 23:15:30,S49656,tablet
U0274,P0183,purchase,2026-03-26 10:37:42,S44524,web
U1000,P0243,add_to_cart,,S65477,tablet
U0877,P0219,add_to_cart,2026-01-22 02:25:02,S66623,mobile
U0961,P0069,add_to_cart,2026-03-22 07:57:36,S75353,tablet
U0678,P0107,click,2026-03-06 21:12:02,S75302,web
U0464,P0362,view,2026-04-06 05:21:47,S96841,web
U0240,P0054,purchase,2026-04-01 07:35:12,S14947,mobile
U0579,P0425,click,2026-03-03 20:21:36,S58272,tablet
U0678,P0156,view,2026-02-18 08:15:06,S32944,web
U0093,P0193,add_to_cart,2026-01-28 20:01:28,S55476,tablet
U0757,P0131,view,2026-04-04 15:45:35,S60995,mobile
U0970,P0239,view,2026-02-27 10:37:05,S60371,web
U0727,P0131,purchase,2026-02-11 04:27:14,S55269,tablet
U0648,P0294,add_to_cart,2026-03-30 10:19:10,S95236,mobile
U0944,P0322,purchase,2026-02-23 22:12:02,S25060,web
U0066,P0227,click,2026-03-04 00:28:40,S31176,mobile
U0079,P0263,click,2026-03-12 20:33:15,S82327,mobile
U0662,P0428,add_to_cart,2026-02-01 08:17:54,S49302,web
U0684,P0246,purchase,2026-04-19 02:07:57,S87437,web
U0837,P0288,view,2026-04-18 17:43:32,S68949,web
U0027,P0377,view,2026-04-05 04:33:53,S80256,web
U0296,P0341,view,2026-02-14 01:02:38,S29865,web
U0985,P0437,add_to_cart,2026-01-23 20:56:24,S94647,tablet
U0394,P0363,view,2026-02-03 20:18:35,S34721,web
U0387,P0232,purchase,2026-02-04 21:50:14,S59486,web
U0424,P0223,click,2026-01-20 05:04:51,S51084,tablet
U0404,P0469,view,2026-02-24 06:19:52,S14203,mobile
U0813,P0435,view,2026-02-06 08:00:59,S45214,tablet
U0603,P0279,click,2026-01-29 07:36:02,S67372,web
U0568,P0114,purchase,2026-03-23 13:02:14,S90897,tablet
U0017,P0049,purchase,2026-03-18 22:21:53,S19459,web
U0154,P0326,add_to_cart,2026-02-24 14:41:41,S25767,web
U0301,P0014,view,2026-02-16 08:55:53,S55935,mobile
U0469,P0156,purchase,2026-03-07 15:48:42,S50261,mobile
U0890,P0415,purchase,2026-01-26 04:00:23,S82035,web
U0253,P0251,view,2026-03-09 07:56:37,S18714,tablet
U0599,P0401,add_to_cart,2026-04-12 13:53:09,S90260,tablet
U0343,P0183,view,2026-04-11 06:39:07,S73696,tablet
U0450,P0193,add_to_cart,2026-01-31 10:52:22,S89672,mobile
U0027,P0111,add_to_cart,2026-01-20 06:30:48,S53846,web
U0066,P0374,view,2026-02-23 10:30:20,S99567,web
U0897,P0282,purchase,2026-03-22 05:07:19,S33667,tablet
U0933,P0275,view,2026-04-03 00:01:44,S49412,web
U0774,P0124,view,2026-01-28 09:12:00,S57342,web
U0388,P0375,click,2026-03-08 17:33:23,S48326,tablet
U0850,P0102,view,2026-03-06 03:22:42,S25002,web
U0714,P0401,purchase,2026-03-28 18:49:31,S71152,tablet
U0844,P0163,view,2026-01-28 04:52:45,S11058,web
U0015,P0299,add_to_cart,2026-02-25 08:52:43,S67778,web
U0667,,purchase,2026-02-01 18:42:29,S35469,mobile
U0716,P0271,add_to_cart,2026-03-25 01:52:43,S17834,mobile
U0741,P0357,purchase,2026-02-20 03:07:22,S50897,mobile
U0597,P0044,add_to_cart,2026-01-31 02:21:49,S42790,mobile
U0444,P0247,purchase,2026-02-10 22:59:06,S23616,mobile
U0498,P0409,click,2026-03-31 16:36:22,S22755,mobile
U0630,P0344,purchase,2026-04-10 19:05:47,S51953,web
U0309,P0066,add_to_cart,2026-03-19 01:55:30,S63286,tablet
U0562,P0334,click,2026-02-07 15:34:34,S85784,tablet
U0203,P0126,click,2026-03-08 09:35:08,S33488,tablet
U0761,P0101,click,2026-03-12 01:12:36,S16919,mobile
U0200,P0028,view,2026-03-25 15:43:08,S53940,tablet
U0708,P0483,add_to_cart,2026-04-19 00:41:12,S98510,web
U0938,P0426,view,2026-02-10 10:29:48,S22527,mobile
U0297,P0404,view,2026-01-23 14:41:55,S63589,web
,P0053,add_to_cart,2026-01-29 09:19:26,S51911,tablet
U0603,P0290,view,2026-01-22 03:28:30,S62664,web
U0915,P0128,view,2026-03-27 05:07:15,S26872,mobile
U0874,P0070,add_to_cart,2026-01-24 01:08:49,S51879,mobile
U0890,P0301,view,2026-02-12 06:24:41,S16185,web
U0387,P0072,click,2026-02-01 22:21:11,S16076,mobile
U0117,P0389,view,2026-02-21 19:26:56,S50205,mobile
U0229,P0295,click,2026-02-13 08:17:41,S94114,mobile
U0373,P0093,purchase,2026-02-03 07:48:58,S30751,mobile
U0751,P0307,add_to_cart,2026-03-03 14:59:25,S99033,web
U0342,P0065,view,2026-02-27 06:45:36,S75614,web
U0306,P0396,add_to_cart,2026-04-08 16:07:07,S66124,mobile
U0178,P0136,purchase,2026-03-15 07:02:19,S45077,mobile
U0764,P0028,add_to_cart,2026-02-20 15:55:13,S69482,tablet
U0687,P0243,view,2026-02-24 20:51:24,S82108,tablet
U0641,P0185,view,2026-04-09 17:10:52,S40415,web
U0415,P0428,click,2026-03-03 06:27:53,S60285,web
U0380,P0417,add_to_cart,2026-04-02 02:24:54,S45063,web
U0783,P0460,purchase,2026-02-09 13:27:41,S42281,tablet
U0524,P0032,purchase,2026-03-14 10:55:40,S23792,web
U0485,P0401,add_to_cart,2026-02-17 09:04:24,S62995,tablet
U0715,P0190,view,2026-02-25 16:04:32,S45493,web
U0445,P0369,add_to_cart,2026-04-15 08:29:42,S54310,mobile
U0575,P0298,purchase,2026-02-05 23:04:32,S85574,tablet
U0910,P0174,view,2026-02-08 10:32:43,S36548,tablet
U0774,P0199,purchase,2026-04-05 05:29:17,S49034,mobile
U0347,P0244,click,2026-02-09 23:20:11,S69987,tablet
U0715,P0479,purchase,2026-02-14 22:45:58,S81703,mobile
U0332,P0139,view,2026-04-14 10:26:07,S63847,tablet
U0337,P0257,purchase,2026-02-20 21:02:06,S13425,web
U0804,P0052,purchase,2026-03-29 05:21:22,S48801,tablet
U0482,P0303,view,2026-04-08 22:09:06,S81614,tablet
U0080,P0213,click,2026-03-06 08:10:39,S98317,tablet
U0086,P0052,purchase,2026-03-26 23:52:34,S35786,tablet
U0473,P0046,click,2026-02-20 00:50:30,S75156,mobile
U0486,P0067,purchase,2026-01-27 17:10:04,S31764,mobile
U0966,P0049,add_to_cart,2026-03-29 22:20:18,S65523,web
U0982,P0284,click,2026-04-01 05:05:41,S60672,tablet
U0282,P0294,view,2026-02-04 04:47:57,S26054,web
U0408,,view,2026-04-05 10:50:39,S67936,web
U0189,P0166,add_to_cart,2026-02-07 21:02:59,S92946,mobile
U0398,P0432,add_to_cart,2026-03-05 14:45:44,S36884,mobile
U0613,P0056,purchase,2026-02-06 21:18:07,S87153,tablet
U0921,P0154,click,2026-02-16 14:23:47,S85059,web
U0518,P0434,click,2026-04-15 03:59:56,S33792,tablet
U0424,P0360,purchase,2026-02-26 20:38:58,S70314,mobile
U0636,P0210,purchase,2026-04-16 00:55:52,S63961,tablet
U0911,P0282,view,2026-02-16 11:57:55,S38924,tablet
U0114,P0017,click,2026-03-10 03:54:41,S32257,web
U0805,P0396,click,2026-02-03 14:36:46,S42361,tablet
U0617,P0140,click,2026-01-30 07:05:18,S39677,mobile
U0279,P0498,add_to_cart,2026-02-16 17:20:21,S97278,web
U0854,P0247,view,2026-04-17 09:57:45,S79924,mobile
U0289,P0024,add_to_cart,2026-01-31 02:15:36,S19326,web
U0506,P0308,view,2026-01-24 02:41:27,S42905,tablet
U0094,P0054,purchase,2026-01-21 10:18:03,S85804,tablet
U0728,P0303,click,2026-01-23 01:43:53,S50835,tablet
U0921,P0473,view,2026-01-24 05:28:49,S79420,tablet
U0851,P0452,purchase,2026-03-14 04:20:06,S62979,tablet
U0034,P0383,click,2026-04-09 21:55:34,S15184,mobile
U0299,P0074,click,2026-02-14 09:23:12,S75790,tablet
U0957,P0169,add_to_cart,2026-03-31 09:30:27,S30438,mobile
U0215,P0164,view,2026-01-29 15:29:26,S18045,tablet
U0490,P0290,click,2026-03-23 21:32:32,S23066,mobile
U0943,P0279,purchase,2026-01-27 02:54:24,S52457,web
U0102,P0438,click,2026-03-24 04:13:25,S36644,mobile
U0802,P0362,click,2026-04-04 11:15:58,S12126,mobile
U0311,P0464,purchase,2026-04-15 00:09:24,S31177,tablet
U0569,P0412,click,2026-02-26 03:21:00,S25627,mobile
U0861,P0274,purchase,2026-04-10 10:53:20,S51564,mobile
U0931,P0249,click,2026-04-07 07:45:34,S67165,web
U0870,P0262,add_to_cart,2026-03-23 13:51:21,S48609,web
U0193,P0310,click,2026-02-19 20:10:28,S20445,mobile
U0941,P0327,purchase,2026-02-27 22:22:45,S24575,tablet
U0389,P0063,add_to_cart,2026-02-10 09:05:02,S94071,mobile
U0122,P0179,add_to_cart,2026-01-26 02:46:19,S41125,mobile
U0943,P0172,view,2026-03-03 01:52:16,S63865,tablet
U0680,P0222,view,2026-03-10 02:25:07,S63283,tablet
U0260,P0417,add_to_cart,2026-03-04 06:05:17,S52359,mobile
U0776,P0336,purchase,2026-02-28 02:43:57,S10264,mobile
U0649,P0187,add_to_cart,2026-03-23 02:22:00,S71150,tablet
U0556,P0306,add_to_cart,2026-03-27 19:08:26,S57040,web
U0400,P0310,add_to_cart,2026-03-25 20:45:38,S88365,mobile
U0060,P0016,add_to_cart,2026-02-02 21:30:43,S92400,tablet
U0749,P0175,purchase,2026-03-18 12:39:55,S96954,web
U0214,P0188,add_to_cart,2026-03-25 10:47:09,S29089,mobile
U0460,P0327,click,2026-03-19 05:40:55,S61080,web
U0137,P0390,add_to_cart,2026-03-12 13:21:37,S13393,web
U0392,P0448,click,2026-03-21 00:49:16,S96944,mobile
U0085,P0151,add_to_cart,2026-02-03 08:06:01,S10667,web
U0522,P0332,purchase,2026-02-12 09:29:27,S15311,tablet
U0525,P0228,click,2026-01-20 00:07:29,S93646,web
U0419,P0278,click,2026-04-16 09:54:04,S23145,web
U0139,P0275,view,2026-01-20 17:10:28,S63430,mobile
U0197,P0257,click,2026-02-04 12:47:09,S96455,mobile
U0144,P0118,view,2026-03-31 05:23:29,S33721,mobile
U0570,P0080,add_to_cart,2026-01-21 19:31:01,S46401,web
U0335,P0444,view,2026-03-28 07:00:45,S56912,tablet
U0606,P0305,add_to_cart,2026-01-24 00:02:48,S45772,mobile
U0040,P0372,add_to_cart,2026-03-18 22:02:23,S25181,mobile
U0382,P0456,click,2026-04-20 04:12:13,S42279,web
U0684,P0016,add_to_cart,2026-02-13 11:36:10,S68064,mobile
U0169,P0393,view,2026-01-20 15:53:56,S47914,mobile
U0655,P0359,add_to_cart,2026-03-23 20:15:44,S15365,tablet
U0778,P0238,view,2026-01-23 04:38:48,S80837,mobile
U0872,P0038,click,2026-02-27 03:43:32,S91534,web
U0932,P0444,add_to_cart,2026-02-20 10:58:09,S20118,tablet
U0341,P0447,view,2026-03-26 03:28:51,S95955,web
U0295,P0241,purchase,2026-03-19 10:28:47,S92419,mobile
U0564,P0019,view,,S76838,tablet
U0569,P0475,view,2026-01-22 14:02:11,S39099,web
U0510,P0468,click,2026-04-16 08:16:38,S70903,tablet
U0600,P0396,click,2026-04-15 05:18:44,S22759,mobile
U0844,P0339,purchase,2026-02-21 08:43:18,S62756,tablet
U0590,P0008,add_to_cart,2026-03-03 20:07:03,S52357,web
U0937,P0253,add_to_cart,2026-04-05 20:49:54,S50116,tablet
U0787,P0011,add_to_cart,2026-02-12 20:58:06,S10086,web
U0618,P0494,purchase,2026-04-02 23:12:55,S16401,tablet
U0306,P0184,view,2026-03-27 22:07:37,S81201,web
U0016,P0194,click,2026-01-26 14:08:42,S53458,web
U0471,P0124,view,2026-03-18 09:57:10,S58661,web
U0916,P0023,click,2026-03-12 11:35:26,S28861,web
U0425,P0048,view,2026-03-14 20:23:38,S19058,web
U0602,P0461,click,2026-02-06 13:01:26,S38829,tablet
U0021,P0263,add_to_cart,2026-02-13 17:26:11,S62228,tablet
U0629,P0083,purchase,2026-02-26 09:48:24,S49491,web
U0793,P0429,purchase,2026-02-12 11:45:50,S11199,tablet
U0289,P0346,view,2026-02-19 05:07:39,S42837,mobile
U0218,P0155,click,2026-01-24 09:58:21,S20487,web
U0727,P0065,add_to_cart,2026-02-03 12:03:04,S54827,mobile
U0965,P0448,purchase,2026-04-06 03:55:57,S52942,tablet
U0347,,purchase,2026-02-25 21:17:51,S13774,web
U0179,P0428,purchase,2026-04-02 13:47:33,S11959,mobile
U0285,P0085,add_to_cart,2026-03-18 02:14:12,S41347,mobile
U0227,P0337,view,2026-04-09 12:18:14,S98559,tablet
U0299,P0184,view,2026-02-17 03:00:22,S52225,tablet
U0551,P0472,view,2026-03-28 14:05:08,S39669,mobile
U0287,P0011,view,2026-04-07 15:50:27,S61420,mobile
U0927,P0452,click,2026-03-17 05:45:00,S23003,web
U0303,P0488,view,2026-04-06 05:03:17,S27173,mobile
U0310,P0045,purchase,2026-03-20 19:43:05,S33177,mobile
U0368,P0351,view,2026-04-05 06:24:40,S63230,web
U0619,P0108,purchase,2026-01-20 14:25:32,S39005,mobile
U0840,P0182,click,2026-02-16 04:24:34,S40228,tablet
U0161,P0257,click,2026-02-27 19:21:22,S56962,mobile
U0190,P0078,click,2026-03-14 03:28:00,S98004,tablet
U0050,P0055,view,2026-04-12 08:51:58,S37740,web
U0634,P0116,purchase,2026-04-07 17:44:20,S21108,tablet
U0064,P0002,click,2026-04-12 00:47:21,S34091,tablet
U0596,P0332,add_to_cart,2026-03-16 03:37:15,S59385,mobile
U0189,P0431,add_to_cart,2026-03-09 10:13:21,S74517,mobile
U0527,P0379,add_to_cart,,S50514,mobile
U0745,P0231,view,2026-02-18 00:01:01,S47441,web
U0745,P0412,view,2026-02-06 08:31:54,S20858,web
U0667,P0322,purchase,2026-03-20 19:27:34,S19891,web
U0340,P0193,add_to_cart,2026-03-17 10:29:00,S42120,web
U0014,P0401,click,2026-04-08 10:45:59,S56234,mobile
U0694,P0315,click,2026-01-30 16:26:00,S75398,web
U0993,P0216,purchase,2026-03-04 02:07:36,S55167,mobile
U0675,P0242,purchase,2026-01-28 04:33:06,S13473,tablet
U0164,P0284,click,2026-04-19 23:35:35,S52094,web
U0561,P0029,purchase,2026-04-14 02:42:02,S91913,mobile
U0160,P0068,view,2026-01-28 04:08:46,S61221,web
U0642,P0281,purchase,2026-01-23 14:04:03,S92470,web
U0648,P0219,view,2026-03-03 08:57:33,S27758,mobile
U0204,P0351,purchase,,S56626,tablet
U0160,P0037,view,2026-03-09 23:08:50,S77740,tablet
U0292,P0332,add_to_cart,2026-03-14 08:02:03,S75271,mobile
U0086,P0147,view,2026-04-07 11:20:37,S35239,mobile
U0042,P0015,view,2026-03-19 12:15:25,S42198,tablet
U0771,P0276,view,2026-02-20 02:39:47,S37155,mobile
U0266,P0224,add_to_cart,2026-04-06 23:58:57,S92099,tablet
U0872,P0195,purchase,,S26621,web
U0774,P0494,add_to_cart,2026-02-02 17:52:21,S96390,tablet
U0207,P0411,purchase,2026-03-13 12:28:11,S84727,mobile
U0904,P0175,view,2026-03-28 05:04:39,S15405,mobile
U0101,P0399,add_to_cart,2026-04-15 01:06:15,S60834,web
U0168,P0359,purchase,2026-03-11 10:39:42,S34115,web
U0456,P0444,view,2026-03-08 02:18:57,S28939,web
U0188,P0144,add_to_cart,2026-03-05 08:01:55,S42624,web
U0973,P0428,add_to_cart,2026-04-16 14:16:53,S51158,web
U0629,P0241,purchase,2026-02-22 19:15:28,S67840,tablet
U0301,P0302,purchase,2026-02-09 05:59:45,S46527,tablet
U0295,P0363,add_to_cart,2026-02-04 00:47:21,S50216,web
U0641,P0071,add_to_cart,2026-01-20 15:02:48,S85837,mobile
U0994,P0291,purchase,2026-03-02 13:56:50,S79970,web
U0880,P0057,view,2026-04-16 01:58:28,S65273,mobile
U0769,P0230,purchase,,S88286,mobile
U0758,P0164,click,2026-04-08 16:03:03,S86586,mobile
U0264,P0351,add_to_cart,2026-02-06 02:39:21,S27169,tablet
U0113,P0155,purchase,2026-04-14 13:31:00,S10572,mobile
U0151,P0404,view,2026-02-26 17:57:54,S70485,tablet
U0878,P0354,click,2026-02-25 12:33:25,S74585,tablet
,P0238,view,2026-03-08 04:13:52,S78124,web
U0715,P0336,click,2026-03-19 00:52:55,S36687,mobile
U0666,P0313,view,2026-01-31 10:39:12,S69347,tablet
U0697,P0431,view,2026-02-20 07:01:45,S68288,tablet
,P0451,view,2026-04-18 02:02:33,S84368,tablet
U0721,P0139,add_to_cart,2026-01-28 14:22:15,S73994,web
U0785,P0374,purchase,2026-01-21 14:23:49,S35838,web
U0646,P0113,view,2026-03-27 15:31:21,S36274,mobile
U0116,P0035,view,2026-02-08 00:59:07,S16423,tablet
U0693,P0266,add_to_cart,,S26580,web
U0837,P0130,view,2026-02-15 07:44:14,S65425,web
U0692,P0296,purchase,2026-01-22 18:33:02,S31808,tablet
U0554,P0310,purchase,2026-03-24 23:14:01,S21245,tablet
U0212,P0196,click,2026-03-03 23:18:21,S98759,web
U0622,P0470,add_to_cart,2026-03-16 21:49:23,S27443,mobile
U0576,P0190,purchase,2026-02-24 20:41:22,S16815,mobile
U0888,P0097,view,2026-02-22 22:37:58,S58443,mobile
U0930,P0289,view,2026-03-08 01:49:02,S95601,mobile
U0080,P0056,add_to_cart,2026-02-26 14:15:15,S24381,web
U0354,P0403,click,2026-03-30 01:46:34,S38408,tablet
U0752,P0261,click,2026-02-25 09:17:40,S93631,mobile
U0063,P0145,click,2026-02-23 08:48:38,S18372,web
U0416,P0198,add_to_cart,2026-01-29 07:46:33,S53276,mobile
U0535,P0325,click,2026-02-24 18:45:08,S94636,mobile
U0489,P0159,purchase,2026-03-01 12:49:31,S76281,mobile
U0202,P0022,click,2026-02-02 14:41:03,S77675,web
U0391,P0145,purchase,2026-02-03 17:43:59,S69087,tablet
U0269,P0019,click,2026-04-07 01:21:16,S30285,web
U0810,P0467,click,2026-03-12 22:04:30,S79090,tablet
U0573,P0331,view,2026-03-22 03:44:38,S67138,mobile
U0110,P0188,purchase,2026-03-15 18:50:11,S65364,mobile
U0088,P0292,purchase,2026-03-10 15:58:00,S56694,tablet
U0754,P0365,view,2026-04-14 07:15:10,S30949,web
U0068,P0244,click,2026-03-02 01:01:21,S53625,tablet
U0213,P0192,view,2026-02-21 12:58:52,S94361,tablet
U0069,P0302,add_to_cart,2026-03-15 11:54:40,S67636,tablet
U0154,P0280,add_to_cart,2026-02-20 13:16:47,S41380,mobile
U0593,P0336,view,2026-02-25 05:47:49,S60842,web
U0676,P0073,click,2026-03-20 17:32:53,S53928,tablet
U0045,P0035,add_to_cart,2026-03-30 09:44:45,S65747,web
U0562,P0249,view,2026-01-20 07:22:08,S10846,mobile
U0808,P0264,add_to_cart,2026-02-15 05:44:15,S70558,mobile
U0491,P0387,purchase,2026-03-16 21:34:23,S83423,tablet
U0228,P0131,add_to_cart,2026-01-28 23:13:40,S58624,tablet
U0728,P0032,view,2026-03-01 04:34:46,S77876,web
U0967,P0154,purchase,2026-02-02 08:41:07,S10579,tablet
U0479,P0419,view,2026-01-20 19:29:05,S83964,web
U0129,P0454,click,2026-04-11 16:37:37,S39328,tablet
U0886,P0367,view,,S71491,web
U0942,P0383,click,2026-02-04 18:15:01,S48337,mobile
U0327,P0066,purchase,2026-04-13 18:20:54,S61109,mobile
U0002,P0400,click,2026-01-21 16:06:50,S20871,mobile
U0075,P0025,view,2026-02-24 05:07:36,S35357,web
U0692,P0149,purchase,2026-02-16 01:53:13,S55717,tablet
U0675,P0248,purchase,2026-03-21 03:25:12,S91139,tablet
U0925,P0219,click,2026-04-16 21:06:12,S86357,tablet
U0487,P0056,purchase,2026-03-07 22:12:22,S66951,web
U0791,P0205,purchase,2026-03-19 14:48:29,S48796,mobile
U0622,P0313,purchase,2026-03-28 08:32:20,S35529,web
U0798,P0137,click,2026-01-22 22:23:28,S58056,mobile
U0166,P0480,add_to_cart,2026-02-06 13:49:49,S99410,tablet
U0374,P0101,purchase,2026-04-09 07:17:32,S33894,mobile
U0858,P0046,click,2026-02-22 08:52:45,S91758,tablet
U0014,P0235,click,2026-03-07 10:21:31,S72683,tablet
U0250,P0216,click,2026-02-03 12:10:53,S74597,tablet
U0601,P0059,click,2026-03-03 01:21:08,S22606,mobile
U0071,P0204,view,2026-03-14 00:19:28,S14027,tablet
U0034,P0069,purchase,2026-03-05 20:24:29,S84949,tablet
U0214,P0343,add_to_cart,2026-03-20 12:14:34,S88364,web
U0885,P0285,view,2026-02-17 11:36:05,S47882,tablet
U0513,P0366,view,2026-03-06 17:54:46,S21699,tablet
U0192,P0056,add_to_cart,2026-04-03 14:40:11,S71865,tablet
U0094,P0419,add_to_cart,2026-03-10 08:49:40,S76238,web
U0649,P0199,add_to_cart,2026-04-16 08:44:25,S30416,mobile
U0898,,click,2026-03-24 05:03:00,S96166,web
U0434,P0187,view,2026-03-27 05:10:10,S50681,web
U0552,P0171,add_to_cart,2026-04-05 06:03:36,S75281,tablet
U0132,P0149,click,2026-01-25 01:15:06,S98513,tablet
U0145,P0011,purchase,2026-04-15 01:48:25,S21319,web
U0683,,purchase,2026-01-22 11:38:14,S21274,tablet
U0025,P0287,add_to_cart,2026-02-24 07:35:24,S28774,web
U0899,P0059,purchase,2026-04-13 07:23:16,S17473,tablet
U0713,P0372,view,2026-02-19 11:39:38,S65156,tablet
U0932,P0112,purchase,2026-04-06 07:18:35,S11686,mobile
U0929,P0030,click,2026-01-24 21:27:25,S16870,tablet
U0841,P0305,view,2026-01-28 20:08:08,S68113,tablet
U0117,P0373,click,2026-02-28 19:21:30,S15879,mobile
U0540,P0330,view,2026-03-03 10:08:47,S18450,web
U0557,P0451,view,2026-04-09 01:50:28,S91479,tablet
U0236,P0026,add_to_cart,2026-04-20 08:01:57,S93015,web
U0428,P0218,click,2026-02-20 15:12:00,S61630,mobile
U0547,P0470,click,2026-03-26 02:59:53,S28393,mobile
U0691,P0326,purchase,2026-03-27 02:25:52,S55716,tablet
U0311,P0400,purchase,2026-04-19 09:20:11,S70030,mobile
U0893,P0178,view,2026-01-29 03:12:50,S14762,web
U0698,P0281,view,2026-04-16 08:54:08,S11096,tablet
U0444,P0255,view,2026-04-07 16:18:22,S91098,tablet
U0298,P0072,click,2026-04-01 21:16:55,S26356,tablet
U0316,P0072,purchase,2026-04-07 08:28:31,S72176,web
U0752,P0443,add_to_cart,2026-04-12 01:02:52,S23611,web
U0832,P0249,purchase,,S76727,web
U0491,P0204,view,2026-04-14 19:19:29,S81131,mobile
U0419,P0475,view,2026-03-16 19:50:01,S78939,tablet
U0683,P0184,click,,S61971,tablet
U0166,P0236,purchase,2026-02-11 21:33:30,S30829,mobile
U0436,P0222,purchase,2026-03-17 18:44:25,S77486,mobile
U0584,P0359,view,2026-03-18 23:25:55,S62046,mobile
U0973,P0203,add_to_cart,2026-02-10 06:49:04,S82128,tablet
U0617,P0347,click,2026-03-20 10:36:38,S86124,tablet
U0248,P0414,add_to_cart,2026-04-02 19:29:43,S23916,mobile
U0332,P0175,purchase,2026-03-22 16:55:29,S29961,web
U0331,P0499,purchase,2026-03-09 10:47:27,S13268,tablet
U0859,P0097,add_to_cart,2026-03-29 00:53:49,S51561,mobile
U0947,P0038,add_to_cart,2026-02-04 16:02:58,S24334,web
U0338,P0248,view,2026-04-03 02:32:51,S28228,tablet
U0981,P0486,add_to_cart,2026-03-11 12:46:35,S22165,tablet
U0546,,click,2026-04-12 04:09:21,S50418,tablet
U0439,P0021,click,2026-04-13 13:08:44,S15713,mobile
U0736,P0309,view,2026-02-22 09:49:19,S87904,tablet
U0654,P0093,purchase,2026-04-01 17:53:12,S55820,tablet
U0475,P0026,view,2026-04-12 00:36:23,S28519,tablet
U0201,P0010,click,2026-02-02 05:27:31,S54550,tablet
U0014,P0033,purchase,2026-04-10 01:18:55,S74671,web
U0176,P0293,click,2026-03-12 23:24:56,S88738,web
U0153,P0093,view,2026-02-18 06:52:56,S63487,tablet
U0216,P0421,click,2026-04-11 20:25:04,S12054,web
U0173,P0454,click,2026-01-21 18:08:56,S93746,mobile
U0021,P0482,view,2026-02-22 06:17:24,S60448,tablet
U0728,P0217,view,2026-02-22 20:54:23,S69143,web
U0245,P0241,add_to_cart,2026-01-23 11:53:32,S74856,tablet
,P0414,add_to_cart,2026-02-28 14:14:12,S96945,tablet
U0377,P0462,purchase,2026-04-16 18:03:36,S43516,mobile
U0738,P0195,purchase,,S94664,web
U0260,P0482,add_to_cart,2026-02-17 09:15:42,S53293,tablet
U0068,P0144,purchase,2026-04-13 15:37:27,S81954,tablet
U0679,P0422,purchase,2026-03-06 18:43:05,S36034,tablet
U0766,P0447,add_to_cart,2026-03-25 07:13:11,S48885,tablet
U0760,P0439,view,2026-04-14 12:51:31,S95840,tablet
U0968,,view,2026-03-14 18:00:18,S38289,web
U0402,P0425,add_to_cart,2026-03-27 11:24:10,S41501,mobile
U0031,P0441,purchase,2026-03-21 13:17:10,S78750,web
U0005,P0474,add_to_cart,2026-02-20 05:47:29,S95255,web
U0790,P0412,view,2026-04-14 23:37:23,S43006,web
U0250,P0447,purchase,2026-04-06 12:16:39,S80198,mobile
U0365,P0013,add_to_cart,2026-03-01 02:10:08,S57340,tablet
U0033,P0306,view,2026-03-29 09:47:56,S62545,web
U0170,P0376,click,2026-01-26 16:40:15,S35830,web
U0177,P0470,view,2026-04-02 01:39:47,S71268,web
U0233,P0469,purchase,2026-02-07 21:29:30,S51252,web
U0651,P0404,add_to_cart,2026-04-15 22:53:49,S99866,mobile
U0248,P0288,click,2026-01-28 15:21:14,S28049,web
U0573,P0180,click,2026-03-06 01:23:59,S98681,mobile
U0706,P0357,click,2026-02-27 12:30:22,S13035,tablet
U0190,P0492,click,2026-02-28 07:38:08,S55012,mobile
U0906,P0034,view,2026-03-20 21:43:20,S44710,tablet
U0704,P0345,view,2026-02-17 17:53:38,S91322,web
U0193,P0041,click,2026-02-03 05:10:43,S41326,tablet
U0362,,click,2026-02-24 06:04:31,S62573,web
U0190,P0454,purchase,2026-02-22 05:25:28,S82267,web
U0861,P0346,purchase,2026-02-12 12:31:21,S24550,tablet
U0053,P0269,add_to_cart,2026-03-24 08:08:07,S79275,mobile
U0568,P0367,add_to_cart,2026-03-05 10:39:05,S54855,mobile
U0266,P0324,purchase,2026-01-25 21:58:38,S92026,mobile
U0599,P0119,add_to_cart,2026-02-01 02:51:15,S72473,tablet
U0924,P0473,add_to_cart,2026-03-05 13:00:55,S50981,tablet
U0226,P0353,purchase,2026-04-19 01:08:16,S64772,mobile
U0486,P0096,click,2026-03-14 16:35:20,S36187,mobile
U0453,P0129,purchase,2026-02-01 05:06:42,S21386,tablet
U0326,P0426,purchase,2026-03-08 15:24:26,S31860,web
U0264,P0453,click,2026-02-11 15:26:55,S13767,tablet
U0264,P0270,click,2026-03-26 23:50:52,S67943,web
U0164,P0008,click,2026-03-15 20:47:24,S40676,mobile
U0618,P0427,purchase,2026-02-19 00:44:04,S40785,tablet
U0613,P0173,click,2026-03-16 17:59:18,S17774,web
U0344,P0017,add_to_cart,2026-04-08 21:29:15,S80759,mobile
,P0421,view,2026-04-16 15:14:49,S67765,mobile
U0693,P0412,click,2026-02-11 07:50:21,S46752,mobile
U0848,P0398,click,2026-02-28 18:16:48,S55109,mobile
U0674,P0150,view,2026-01-27 05:17:18,S58404,tablet
U0836,P0125,purchase,2026-02-27 13:20:07,S16055,tablet
U0149,P0284,view,2026-02-19 03:53:53,S42285,web
U0136,P0242,add_to_cart,2026-03-08 16:04:36,S59623,web
U0190,P0311,click,2026-02-03 12:03:35,S48378,tablet
U0025,P0384,add_to_cart,2026-04-10 09:25:16,S35438,mobile
,P0436,view,2026-04-12 10:53:30,S42601,web
U0905,P0315,add_to_cart,2026-02-17 03:04:42,S14998,tablet
U0669,P0439,view,2026-04-15 21:18:30,S73413,web
U0122,P0348,click,2026-03-02 00:34:30,S63477,mobile
U0700,P0300,click,2026-04-16 17:01:42,S89292,mobile
U0400,P0463,add_to_cart,2026-01-28 16:27:13,S38000,mobile
U0522,P0058,purchase,2026-02-07 22:22:08,S20928,tablet
U0055,P0375,purchase,2026-02-18 22:31:14,S30397,mobile
U0101,P0304,view,2026-03-11 20:39:04,S19898,web
U0454,P0112,purchase,2026-03-16 17:37:24,S24930,mobile
U0368,P0071,purchase,2026-03-23 00:02:08,S67943,tablet
U0300,P0178,click,2026-03-08 07:09:15,S17402,web
U0281,P0163,click,2026-01-21 06:27:55,S10770,mobile
U0795,P0331,purchase,2026-03-27 08:53:06,S83460,web
U0569,P0314,click,2026-02-16 11:16:30,S93617,web
U0902,P0029,view,2026-04-06 11:30:46,S75929,web
U0464,P0390,purchase,2026-01-26 08:39:21,S95009,mobile
U0279,P0005,view,2026-02-23 14:51:28,S99763,tablet
U0471,P0348,add_to_cart,,S19018,tablet
U0729,P0371,view,2026-02-19 15:26:09,S81002,tablet
U0099,P0023,click,2026-02-20 20:00:18,S97166,mobile
U0458,P0089,click,2026-01-26 11:25:00,S23124,mobile
U0251,P0144,purchase,2026-01-27 03:39:39,S81498,web
U0164,P0077,click,2026-02-01 08:33:24,S80178,tablet
U0561,P0087,add_to_cart,2026-02-19 06:19:41,S14132,tablet
U0758,P0101,click,2026-04-16 14:04:50,S78546,mobile
U0742,P0400,purchase,2026-02-17 15:07:18,S11184,mobile
U0551,P0290,click,2026-04-13 17:26:08,S42182,tablet
U0390,P0308,click,2026-03-20 18:34:43,S87661,tablet
U0314,P0332,purchase,2026-03-15 17:33:15,S34141,mobile
U0044,P0012,add_to_cart,2026-02-05 02:56:29,S43682,tablet
U0738,P0495,purchase,2026-01-25 21:43:15,S32044,mobile
U0575,P0249,purchase,2026-03-24 04:05:44,S29405,mobile
U0377,P0315,view,2026-02-17 04:51:47,S72676,mobile
U0658,P0429,purchase,2026-04-14 17:50:13,S78920,tablet
U0215,,view,2026-04-13 00:19:57,S57477,tablet
U0800,P0491,click,2026-01-23 09:00:11,S36130,mobile
U0460,P0214,purchase,2026-02-21 04:57:19,S11348,web
U0995,P0388,view,2026-03-31 02:13:13,S60738,tablet
U0703,P0302,add_to_cart,2026-03-17 23:04:22,S90954,web
U0569,P0213,click,2026-02-02 22:57:00,S60849,mobile
U0939,P0108,click,2026-01-28 05:56:56,S14910,web
U0677,P0088,purchase,2026-01-28 04:18:51,S28931,mobile
U0433,P0296,add_to_cart,2026-03-31 02:18:44,S45107,desktop
,P0235,purchase,2026-02-02 06:04:24,S33644,tablet
U0133,P0121,add_to_cart,2026-03-12 05:55:37,S27937,web
U0233,P0219,purchase,2026-02-07 12:51:49,S95899,web
U0213,P0260,click,2026-03-20 00:58:21,S19593,tablet
U0093,P0070,purchase,2026-01-29 14:10:50,S81073,web
U0135,P0106,view,2026-04-04 19:42:36,S99659,mobile
U0171,P0096,add_to_cart,2026-03-19 05:09:50,S11669,tablet
U0519,P0274,view,2026-04-01 02:29:14,S56219,mobile
U0100,P0007,click,2026-03-24 17:50:50,S74994,mobile
U0456,P0196,view,2026-02-01 01:56:57,S58241,mobile
U0038,P0165,purchase,2026-01-20 09:45:46,S37423,tablet
U0998,P0096,purchase,2026-04-18 18:06:51,S58148,tablet
U0952,P0081,purchase,2026-04-13 17:19:10,S72580,tablet
U0585,P0328,click,2026-01-25 13:53:22,S37004,tablet
U0432,P0154,purchase,2026-01-29 13:08:53,S42990,mobile
U0581,P0349,add_to_cart,2026-02-18 19:07:28,S75948,mobile
U0303,P0091,click,2026-03-09 09:16:48,S43610,mobile
U0162,P0128,view,2026-04-06 14:56:20,S51864,web
U0567,P0283,add_to_cart,2026-02-04 22:45:12,S14257,tablet
U0989,P0078,view,2026-03-07 03:58:58,S31282,mobile
U0625,P0426,click,2026-04-16 12:22:35,S14920,web
U0316,P0172,click,2026-04-19 16:32:42,S95172,tablet
U0311,P0423,view,2026-03-30 23:14:16,S22659,mobile
U0631,P0374,add_to_cart,2026-02-02 21:58:38,S38702,tablet
U0801,P0331,click,2026-02-25 04:03:03,S30432,mobile
U0688,P0158,purchase,2026-04-04 21:50:06,S60685,web
U0225,P0474,add_to_cart,2026-03-13 10:00:59,S16925,web
U0471,P0475,click,2026-02-02 05:09:50,S47022,web
U0302,P0399,view,2026-03-09 13:10:23,S54549,tablet
U0787,P0088,add_to_cart,2026-04-02 05:27:52,S31249,mobile
U0372,P0072,purchase,2026-04-06 19:02:46,S54832,mobile
U0762,P0261,purchase,2026-01-29 23:51:03,S61098,web
U0589,P0260,purchase,2026-04-17 16:33:17,S11518,web
U0309,P0372,purchase,2026-02-14 19:25:34,S30142,mobile
U0150,P0434,add_to_cart,2026-04-04 12:39:51,S56163,mobile
U0882,P0322,click,2026-03-10 12:07:14,S79588,mobile
U0811,P0419,view,2026-02-08 21:35:17,S34105,mobile
U0154,P0379,purchase,2026-04-08 13:50:28,S13018,tablet
U0875,P0206,add_to_cart,2026-03-18 06:32:58,S84895,mobile
U0581,P0212,view,2026-04-14 16:40:17,S39622,console
U0178,P0243,click,2026-01-24 13:27:15,S13779,tablet
U0268,P0436,add_to_cart,2026-03-11 11:52:42,S51688,web
U0460,P0162,click,2026-03-11 07:05:07,S53870,mobile
U0446,P0486,view,2026-03-23 02:10:32,S56316,mobile
U0601,P0325,click,2026-02-28 15:55:42,S41278,mobile
U0540,P0458,add_to_cart,2026-03-01 19:42:44,S75987,mobile
U0110,P0385,purchase,2026-02-01 21:28:12,S71162,tablet
U0728,P0295,click,2026-01-26 02:18:25,S92853,web
U0412,P0302,click,2026-03-23 00:50:49,S54558,web
U0826,P0005,view,2026-03-14 18:11:23,S27625,tablet
U0137,P0331,click,2026-04-07 17:20:59,S10560,mobile
U0600,P0468,add_to_cart,2026-01-25 01:04:50,S36099,mobile
U0408,P0094,add_to_cart,2026-04-11 01:38:40,S89265,web
U0446,P0141,click,2026-01-29 23:12:40,S63242,web
U0705,P0400,purchase,2026-02-06 18:17:20,S89260,web
U0166,P0175,purchase,2026-03-20 18:21:02,S74447,mobile
U0329,P0057,purchase,2026-01-28 12:37:47,S31365,mobile
U0849,P0027,purchase,2026-02-05 23:09:57,S61172,tablet
U0776,P0092,view,2026-01-25 07:40:14,S66431,tablet
U0614,P0437,click,2026-03-07 04:07:40,S22472,web
U0353,P0482,view,2026-03-09 21:12:53,S14272,tablet
U0721,P0496,add_to_cart,2026-02-22 21:04:02,S81349,tablet
U0669,P0382,purchase,2026-04-18 23:58:33,S21745,web
U0409,P0317,click,2026-03-30 04:02:12,S86385,web
U0665,P0123,add_to_cart,2026-02-22 16:20:42,S66747,web
U0096,P0048,click,2026-03-16 00:25:12,S92430,tablet
U0814,P0129,click,2026-04-03 08:17:17,S43901,web
U0933,P0384,view,2026-04-17 17:51:38,S90295,web
U0603,P0217,add_to_cart,2026-03-01 22:20:32,S47753,mobile
U0617,P0062,click,2026-04-05 23:49:27,S34960,mobile
U0050,P0392,click,2026-03-13 05:00:21,S92667,mobile
U0175,P0348,click,2026-04-06 12:49:16,S72105,tablet
U0696,P0432,add_to_cart,2026-01-23 04:11:58,S44237,mobile
U0492,P0279,purchase,2026-02-14 00:21:03,S47387,tablet
U0459,P0055,view,2026-04-05 01:06:35,S24179,web
U0468,P0030,view,2026-03-14 07:05:09,S98148,web
U0767,P0465,view,2026-03-22 22:23:15,S76787,web
U0557,P0269,purchase,2026-02-06 18:21:28,S71344,web
U0192,P0339,view,2026-02-17 08:03:29,S50332,web
U0573,P0333,click,2026-03-05 17:21:12,S29382,
U0776,P0491,view,2026-04-10 18:05:47,S79248,mobile
U0538,P0077,click,2026-04-16 17:35:43,S53437,web
U0041,P0204,purchase,2026-02-26 20:07:46,S88882,mobile
U0352,P0044,view,2026-04-06 05:36:44,S75004,web
U0356,P0251,click,2026-02-17 22:09:20,S33351,mobile
U0396,P0146,add_to_cart,2026-04-14 21:56:37,S29709,web
U0024,P0015,add_to_cart,2026-02-19 11:03:58,S65410,tablet
