transaction_id,user_id,item_id,quantity,price,rating,timestamp,payment_method
T000001,U0186,P0384,-1,300.88,2,2026-01-24 23:05:22,debit_card
T000002,U0248,P0246,4,358.45,4,2026-04-04 15:24:59,wallet
T000003,U0178,P0397,2,289.23,2,2026-02-18 19:33:39,upi
T000004,U0096,P0292,3,55.5,1,2026-04-10 19:43:30,debit_card
T000005,U0624,P0347,1,419.53,2,2026-02-28 04:37:02,paypal
T000006,U0670,P0324,2,154.09,4,2026-03-15 06:28:08,wallet
T000007,U0763,P0097,3,210.95,2,2026-02-27 18:50:15,wallet
T000008,U0620,P0118,2,136.1,4,2026-03-08 03:43:58,wallet
T000009,U0391,P0224,5,134.66,1,2026-03-25 15:49:31,paypal
T000010,U0832,P0148,2,149.3,5,2026-02-11 13:58:14,wallet
T000011,U0968,P0069,5,171.59,1,2026-03-18 09:47:36,debit_card
T000012,U0349,P0421,1,293.03,3,2026-02-09 20:22:07,wallet
T000013,U0827,P0319,3,308.3,4,2026-04-10 00:18:02,debit_card
T000014,U0583,P0219,5,438.08,4,2026-02-25 11:53:48,debit_card
T000015,U0331,P0308,1,421.36,4,2026-03-12 11:56:49,credit_card
T000016,U0265,P0235,1,403.26,5,2026-02-14 00:09:53,credit_card
T000017,U0781,P0304,5,176.71,2,2026-03-31 18:31:10,upi
T000018,U0218,P0479,3,493.12,5,2026-04-12 14:38:06,upi
T000019,U0529,P0493,4,220.55,5,2026-03-29 22:15:23,wallet
T000020,U0265,P0234,1,210.21,1,2026-03-19 23:23:30,credit_card
T000021,U0894,P0443,4,296.28,1,2026-02-22 22:37:05,upi
T000022,U0930,P0043,1,22.9,2,2026-03-28 09:29:31,upi
T000023,U0106,P0173,4,245.41,3,2026-03-14 15:44:00,paypal
T000024,U0001,P0335,3,47.52,5,2026-03-15 00:43:41,credit_card
T000025,U0394,P0252,3,137.77,2,2026-02-15 10:20:35,debit_card
T000026,U0993,P0495,3,309.24,4,2026-04-03 18:49:40,paypal
T000027,,P0453,3,168.86,1,2026-04-12 12:12:05,upi
T000028,U0419,P0439,5,397.58,2,2026-03-23 12:29:38,paypal
T000029,U0047,P0070,3,451.61,5,2026-03-16 02:37:30,upi
T000030,U0852,P0360,5,298.04,3,2026-03-18 04:31:41,paypal
T000031,U0982,P0018,2,171.91,2,2026-03-29 11:47:11,upi
T000032,U0439,P0382,2,380.23,3,2026-03-26 02:35:51,upi
T000033,U0779,P0388,2,263.48,3,2026-04-03 08:54:06,upi
T000034,U0881,P0287,1,338.87,2,2026-03-02 18:38:48,paypal
T000035,U0227,P0010,1,20.65,1,2026-02-07 15:59:36,wallet
T000036,U0592,P0194,5,173.4,5,2026-04-13 07:35:14,credit_card
T000037,U0778,P0151,5,431.23,2,2026-04-20 17:49:49,upi
T000038,U0359,P0269,4,381.9,1,2026-02-16 14:06:03,paypal
T000039,U0425,P0076,1,473.22,4,2026-02-16 09:14:16,paypal
T000040,U0697,P0145,2,318.15,3,2026-03-12 18:31:12,wallet
T000041,U0387,P0383,2,123.99,5,2026-01-29 05:28:51,debit_card
T000042,U0228,P0190,4,343.02,1,2026-03-22 01:44:27,upi
T000043,U0904,P0113,1,444.1,3,2026-02-24 13:00:35,upi
T000044,U0473,P0454,4,94.8,4,2026-02-06 14:07:52,debit_card
T000045,U0966,P0201,4,273.71,1,2026-03-26 22:21:51,wallet
T000046,U0937,,5,249.31,4,2026-02-22 18:03:04,paypal
T000047,U0628,P0140,3,,3,2026-03-25 12:10:15,debit_card
T000048,U0602,P0182,2,228.6,4,2026-02-21 01:00:04,debit_card
T000049,U0488,P0200,4,0.0,4,2026-02-25 00:54:39,paypal
T000050,U0894,P0077,1,479.57,4,2026-03-14 17:00:42,paypal
T000051,U0083,P0158,5,228.12,2,2026-02-27 03:12:49,credit_card
T000052,U0325,P0387,4,385.6,2,2026-01-27 22:38:45,wallet
T000053,U0060,P0404,1,325.24,1,2026-04-03 10:06:46,credit_card
T000054,U0816,P0210,3,205.23,5,2026-02-08 08:49:01,paypal
T000055,U0740,P0135,3,129.64,3,2026-04-13 23:55:43,upi
T000056,U0375,P0126,3,477.38,2,2026-04-16 04:44:16,upi
T000057,U0441,P0017,1,432.23,-1,2026-02-22 16:58:53,credit_card
T000058,U0876,P0293,1,44.37,2,2026-02-28 21:17:45,paypal
T000059,U0845,P0216,1,48.55,5,2026-03-25 20:40:09,wallet
T000060,U0754,P0205,3,496.87,1,2026-03-31 03:42:23,paypal
T000061,U0515,P0111,4,395.9,3,2026-03-12 15:31:27,credit_card
T000062,U0320,P0374,3,240.49,4,2026-01-31 18:35:41,upi
T000063,U0524,P0250,1,147.53,4,2026-04-04 14:59:10,upi
T000064,U0688,P0334,4,278.3,2,2026-04-20 22:21:32,credit_card
T000065,U0759,P0191,2,190.74,3,2026-04-06 21:20:30,paypal
T000066,U0018,P0270,5,43.22,2,2026-04-19 08:28:16,debit_card
T000067,U0004,P0374,2,291.38,2,2026-03-24 15:23:38,paypal
T000068,U0876,P0009,3,146.34,4,2026-04-17 08:48:35,wallet
T000069,U0548,P0217,2,458.17,1,2026-02-21 01:59:42,paypal
T000070,U0069,P0111,1,270.65,4,2026-01-24 11:13:33,upi
T000071,U0315,P0231,2,114.47,8,2026-01-31 09:13:24,upi
T000072,U0751,P0380,5,176.4,3,2026-03-19 10:53:40,paypal
T000073,U0848,P0066,1,102.11,5,2026-02-22 10:16:05,credit_card
T000074,U0018,P0477,2,459.0,2,2026-03-25 17:30:26,debit_card
T000075,U0859,P0183,1,273.26,4,2026-03-13 11:17:24,upi
T000076,U0491,P0155,1,109.86,2,2026-03-07 02:46:47,wallet
T000077,U0691,P0097,1,79.26,5,2026-03-08 07:07:17,paypal
T000078,U0923,P0484,4,388.5,5,2026-01-30 12:42:58,debit_card
T000079,U0974,P0319,5,390.15,3,2026-04-11 06:06:32,credit_card
T000080,,P0282,5,170.66,5,2026-04-09 02:06:27,wallet
T000081,U0536,P0156,1,459.17,5,2026-03-09 12:01:32,paypal
T000082,U0828,P0266,1,194.63,3,2026-04-09 06:28:26,debit_card
T000083,U0551,P0106,1,297.92,3,2026-03-29 20:49:25,credit_card
T000084,U0561,P0457,1,368.85,2,2026-03-29 02:22:03,paypal
T000085,U0887,P0198,2,136.97,5,2026-02-11 11:21:02,debit_card
T000086,U0106,P0353,5,439.39,5,2026-03-20 08:49:00,credit_card
T000087,U0861,P0301,1,0.0,5,2026-03-01 05:38:01,upi
T000088,U0927,P0099,3,54.43,1,2026-02-26 14:37:15,credit_card
T000089,U0202,P0128,1,172.85,3,2026-03-07 07:07:40,credit_card
T000090,U0976,P0033,3,119.49,2,2026-01-27 11:11:19,paypal
T000091,U0011,P0231,4,,1,2026-01-26 22:27:04,upi
T000092,U0370,P0315,5,158.51,3,2026-03-01 16:37:29,upi
T000093,U0760,P0430,4,126.32,3,2026-03-02 11:03:10,credit_card
T000094,U0802,P0286,2,302.84,1,2026-02-07 14:48:15,wallet
T000095,U0879,P0464,5,140.78,2,2026-01-27 15:10:53,paypal
T000096,U0701,P0043,5,459.51,1,2026-01-22 15:16:05,credit_card
T000097,U0940,P0356,4,491.28,4,2026-04-18 22:25:21,credit_card
T000098,U0018,P0031,5,321.86,2,2026-04-15 09:06:15,debit_card
T000099,U0820,P0379,1,208.2,2,2026-03-14 18:19:49,debit_card
T000100,U0156,P0352,1,320.08,4,2026-03-06 23:13:48,upi
T000101,U0175,P0333,4,419.47,5,2026-03-09 05:18:57,credit_card
T000102,U0542,P0100,3,253.32,1,2026-01-20 00:24:17,paypal
T000103,U0583,P0118,2,334.4,3,2026-03-24 04:42:54,debit_card
T000104,U0565,P0322,4,34.09,2,2026-02-09 05:18:26,credit_card
T000105,U0048,P0492,4,,3,2026-04-01 12:21:52,wallet
T000106,U0506,P0377,2,134.5,2,2026-04-01 16:51:36,credit_card
T000107,U0149,P0313,3,53.3,3,2026-02-12 01:37:38,paypal
T000108,U0694,P0263,1,356.18,2,2026-04-10 18:47:14,upi
T000109,U0017,P0413,4,31.52,5,2026-01-23 06:19:01,debit_card
T000110,U0269,P0007,4,393.76,3,2026-03-22 09:35:36,upi
T000111,U0978,P0412,4,349.37,5,2026-03-04 01:31:00,wallet
T000112,U0024,P0132,1,320.94,5,2026-03-25 12:01:56,upi
T000113,U0402,P0494,3,110.08,1,2026-03-10 11:59:12,paypal
T000114,U0442,P0413,2,118.07,5,2026-03-23 19:19:38,wallet
T000115,U0949,P0262,4,366.72,4,2026-03-05 15:29:40,wallet
T000116,U0639,P0425,2,46.29,4,2026-04-14 01:54:36,upi
T000117,U0663,P0066,2,423.24,1,2026-01-31 03:33:24,debit_card
T000118,U0570,P0196,1,461.83,4,2026-04-05 10:05:19,upi
T000119,U0925,P0452,1,379.3,10,2026-01-21 07:48:11,wallet
T000120,U0018,P0107,3,69.41,3,2026-03-27 21:22:01,paypal
T000121,U0748,P0126,5,92.56,5,2026-02-26 11:12:55,credit_card
T000122,U0604,P0365,1,137.21,5,2026-01-26 13:10:07,debit_card
T000123,U0316,P0226,2,284.79,5,2026-03-06 03:23:06,upi
T000124,U0486,P0111,1,411.84,3,2026-02-17 04:35:27,upi
T000125,U0506,P0005,5,135.37,5,2026-03-27 14:42:34,wallet
T000126,U0767,P0395,4,419.01,3,2026-03-09 05:26:02,wallet
T000127,U0913,P0086,3,389.41,5,2026-04-14 06:45:23,debit_card
T000128,U0539,P0464,2,361.28,1,2026-02-03 19:11:07,debit_card
T000129,U0158,P0126,3,112.74,4,2026-03-26 18:43:22,paypal
T000130,U0438,P0275,3,343.94,4,2026-03-23 14:54:34,upi
T000131,U0515,P0010,5,475.05,3,2026-03-02 20:05:07,debit_card
T000132,,P0499,3,369.69,5,2026-03-02 20:55:45,upi
T000133,U0343,P0076,1,123.21,2,2026-01-30 17:23:16,paypal
T000134,U0919,P0177,3,303.85,2,2026-03-25 22:40:12,upi
T000135,U0282,P0276,4,483.03,1,2026-04-17 02:20:37,paypal
T000136,U0995,P0270,4,345.11,2,2026-03-15 16:09:24,paypal
T000137,U0779,P0062,1,397.06,5,2026-03-24 15:27:07,paypal
T000138,U0343,P0115,3,310.43,3,2026-03-01 02:37:09,paypal
T000139,U0798,P0329,4,162.23,1,2026-04-08 14:41:01,upi
T000140,U0543,P0307,4,126.42,1,2026-01-26 20:35:50,debit_card
T000141,U0360,P0378,5,410.91,1,2026-02-03 14:25:04,debit_card
T000142,U0858,P0020,1,381.71,3,2026-04-03 17:18:31,debit_card
T000143,U0177,P0473,3,80.85,5,2026-02-24 19:42:48,debit_card
T000144,U0313,P0396,5,92.02,4,2026-03-13 20:08:41,credit_card
T000145,U0582,P0322,5,385.48,4,2026-04-13 01:47:43,credit_card
T000146,U0824,P0325,0,485.71,3,2026-01-21 07:25:36,debit_card
T000147,U0932,P0154,5,12.45,3,2026-02-17 15:58:12,debit_card
T000148,,P0407,5,205.57,4,2026-02-02 12:35:40,paypal
T000149,U0268,P0140,4,441.57,3,2026-02-20 21:19:38,debit_card
T000150,U0914,,1,311.38,4,2026-03-23 09:43:58,upi
T000151,U0649,P0359,2,252.93,1,2026-04-10 12:06:55,debit_card
T000152,U0405,P0474,3,315.78,1,2026-02-02 21:49:11,debit_card
T000153,U0728,P0272,3,210.3,2,2026-03-25 13:16:06,credit_card
T000154,U0175,P0044,3,485.23,2,2026-04-01 08:57:10,credit_card
T000155,U0690,P0255,4,176.69,3,2026-03-31 05:03:07,credit_card
T000156,U0937,P0082,4,99.37,3,2026-02-16 22:06:45,paypal
T000157,U0408,P0245,5,140.83,4,2026-01-20 16:13:53,wallet
T000158,U0625,P0398,1,417.28,3,2026-01-30 20:28:58,wallet
T000159,U0961,P0052,5,257.39,4,2026-03-22 13:38:25,paypal
T000160,U0071,P0079,5,342.02,3,2026-02-27 03:29:39,paypal
T000161,U0619,P0400,2,176.14,1,2026-03-15 10:02:02,wallet
T000162,U0555,P0092,5,382.07,2,2026-03-27 23:27:02,paypal
T000163,U0679,P0293,4,-143.34,4,2026-03-16 12:45:41,upi
T000164,U0799,P0164,5,449.97,4,2026-01-22 13:10:01,paypal
T000165,U0311,P0372,5,139.03,2,2026-04-11 11:08:17,debit_card
T000166,U0785,P0222,5,240.67,4,2026-02-02 12:14:37,upi
T000167,U0820,P0289,2,475.87,1,2026-04-04 09:40:16,wallet
T000168,U0880,P0460,1,248.57,2,2026-02-27 04:05:52,paypal
T000169,U0216,P0185,5,237.27,1,2026-01-26 01:44:17,credit_card
T000170,U0127,P0487,-1,325.29,4,2026-03-19 08:19:38,paypal
T000171,U0630,P0493,3,127.79,1,2026-04-14 09:33:15,wallet
T000172,U0496,P0069,2,182.67,3,2026-03-20 18:13:19,paypal
T000173,U0411,P0131,1,119.39,3,2026-04-12 23:04:43,unknown
T000174,U0317,P0049,4,271.64,3,2026-03-20 07:47:28,wallet
T000175,U0682,P0161,2,126.52,0,2026-03-29 13:21:06,paypal
T000176,U0358,P0283,1,418.66,5,2026-03-05 17:41:38,wallet
T000177,U0309,P0427,4,187.44,-1,2026-02-01 23:47:51,upi
T000178,U0413,P0023,2,395.83,5,2026-02-22 22:52:02,credit_card
T000179,U0796,P0100,4,92.15,2,2026-04-13 23:13:54,paypal
T000180,U0455,P0001,3,18.94,1,2026-02-21 14:34:47,wallet
T000181,U1000,P0228,1,134.7,4,2026-04-15 21:28:35,upi
T000182,U0738,P0415,2,487.35,1,2026-04-01 12:43:03,paypal
T000183,U0586,P0175,1,263.92,2,2026-03-24 10:19:05,paypal
T000184,U0732,P0393,4,28.17,4,2026-01-23 06:57:09,wallet
T000185,U0845,P0199,1,19.45,4,2026-03-05 22:25:10,credit_card
T000186,U0675,P0434,1,381.41,4,2026-01-24 13:57:09,upi
T000187,U0587,P0405,3,291.57,4,2026-03-30 15:44:45,wallet
T000188,U0183,P0484,5,163.17,1,2026-03-11 05:40:59,credit_card
T000189,U0768,,3,293.37,2,2026-04-15 20:00:47,wallet
T000190,U0435,P0228,4,341.66,3,2026-02-14 15:35:56,upi
T000191,U0246,P0189,3,354.58,5,2026-03-13 01:39:20,upi
T000192,U0060,P0233,2,75.09,5,2026-02-16 09:50:01,credit_card
T000193,U0991,P0110,2,402.41,1,2026-02-13 22:17:08,credit_card
T000194,U0077,P0140,2,33.09,4,2026-02-28 06:00:22,upi
T000195,U0651,P0159,5,121.09,4,2026-04-16 08:11:33,paypal
T000196,U0492,P0365,5,212.88,1,2026-04-18 09:45:31,wallet
T000197,U0987,P0012,2,354.76,1,2026-04-15 01:52:36,upi
T000198,U0690,P0370,2,404.25,6,2026-03-07 20:24:54,debit_card
T000199,U0400,P0423,1,261.7,3,2026-02-12 15:06:45,debit_card
T000200,U0919,P0374,4,406.79,3,2026-04-20 02:29:13,debit_card
T000201,U0908,P0260,5,201.27,5,2026-02-02 03:13:14,debit_card
T000202,U0689,P0066,2,400.41,2,2026-01-29 09:36:23,debit_card
T000203,U0331,P0444,2,404.5,1,2026-02-02 21:19:13,upi
T000204,U0809,P0329,5,288.13,2,2026-03-03 22:31:33,paypal
T000205,U0404,P0389,3,231.24,3,2026-04-10 22:54:19,paypal
T000206,U0387,P0469,3,353.03,2,2026-03-08 11:32:33,paypal
T000207,U0294,P0474,1,63.59,1,2026-04-18 19:22:52,paypal
T000208,U0088,P0110,4,461.47,2,2026-03-26 00:39:57,paypal
T000209,U0148,P0030,2,280.78,5,2026-02-01 21:35:40,debit_card
T000210,U0456,P0429,4,261.37,1,2026-03-29 10:10:29,upi
T000211,U0962,P0042,3,197.18,2,2026-02-10 01:00:57,credit_card
T000212,U0268,P0339,5,129.48,2,2026-03-02 09:43:11,credit_card
T000213,U0921,P0050,1,100.45,2,2026-03-30 07:32:19,upi
T000214,U0012,P0101,1,259.0,4,2026-02-26 17:03:55,upi
T000215,U0048,P0375,5,15.18,4,2026-04-14 17:35:29,upi
T000216,U0112,P0498,5,126.25,4,2026-03-09 05:15:24,wallet
T000217,U0383,P0002,4,216.32,4,2026-04-18 02:23:28,upi
T000218,U0190,P0491,1,254.5,1,2026-02-25 19:51:52,wallet
T000219,U0866,P0265,4,284.85,3,2026-02-02 18:14:27,upi
T000220,U0834,P0295,2,31.91,2,2026-03-10 10:49:37,paypal
T000221,U0815,P0206,3,311.23,4,2026-02-27 03:58:31,wallet
T000222,U0628,P0043,4,28.13,2,2026-04-07 00:44:38,upi
T000223,U0804,P0467,3,400.08,5,2026-01-24 20:33:17,upi
T000224,U0661,P0008,2,156.2,3,2026-04-14 04:10:06,wallet
T000225,U0462,P0350,1,70.46,1,2026-03-08 20:20:23,wallet
T000226,U0103,P0097,4,496.8,2,2026-04-04 14:14:43,upi
T000227,U0978,P0006,4,145.86,1,2026-03-03 08:58:42,credit_card
T000228,U0613,P0128,4,367.03,3,2026-02-10 14:37:09,credit_card
T000229,U0144,P0090,1,217.49,1,2026-03-31 18:34:12,upi
T000230,U0376,P0406,3,262.06,2,2026-04-07 08:26:36,debit_card
T000231,U0792,P0189,5,0.0,5,2026-02-27 06:59:42,wallet
T000232,U0655,P0043,1,210.04,4,2026-02-19 11:52:45,credit_card
T000233,U0492,P0160,3,459.96,4,2026-04-03 07:55:30,cheque
T000234,U0126,P0014,2,369.86,3,2026-01-26 03:13:10,debit_card
T000235,U0933,P0279,2,102.81,5,2026-03-03 13:23:07,wallet
T000236,U0975,P0326,5,356.2,5,2026-04-04 00:26:04,debit_card
T000237,U0348,P0414,5,232.36,4,2026-03-24 02:57:55,bitcoin
T000238,U0717,P0014,2,26.0,4,2026-03-25 16:27:11,credit_card
T000239,U0915,P0294,3,-10.5,3,2026-04-19 13:54:27,credit_card
T000240,U0338,P0048,4,134.15,2,2026-04-11 22:58:52,wallet
T000241,U0605,P0165,2,127.14,4,2026-04-01 09:25:30,credit_card
T000242,U0775,P0286,4,384.34,4,2026-03-19 16:55:20,upi
T000243,U0879,P0032,1,200.01,2,2026-02-28 11:49:05,wallet
T000244,U0819,P0367,4,341.4,2,2026-01-30 23:16:01,upi
T000245,U0779,P0122,1,121.55,2,2026-02-22 21:07:20,upi
T000246,U0767,P0425,4,173.33,4,2026-02-22 12:23:21,credit_card
T000247,U0799,P0001,3,275.99,5,2026-01-25 21:21:33,paypal
T000248,U0718,P0448,4,365.43,2,2026-02-03 19:42:42,credit_card
T000249,U0353,P0199,1,429.66,3,2026-02-09 17:36:32,credit_card
T000250,U0466,P0305,5,446.59,3,2026-04-04 10:52:56,upi
T000251,U0424,P0426,1,61.54,1,2026-03-22 20:58:34,upi
T000252,U0402,P0158,4,187.41,0,2026-03-14 12:25:50,upi
T000253,U0154,P0263,5,397.22,2,2026-02-10 14:06:17,wallet
T000254,U0216,P0152,5,175.55,1,2026-02-15 21:06:57,credit_card
T000255,U0624,P0260,3,478.75,4,2026-03-28 12:42:07,upi
T000256,U0012,,4,195.69,5,2026-04-06 06:37:34,upi
T000257,U0070,P0112,5,74.79,4,2026-03-31 17:20:37,credit_card
T000258,U0640,P0393,4,442.74,4,2026-03-17 21:42:17,paypal
T000259,U0480,P0021,2,289.06,4,2026-02-07 13:41:55,debit_card
T000260,U0509,P0240,5,100.03,4,2026-01-28 03:06:33,credit_card
T000261,U0970,P0225,2,494.29,1,2026-02-05 20:10:00,wallet
T000262,U0430,P0089,2,333.74,1,2026-03-13 19:38:51,debit_card
T000263,U0295,P0104,2,123.6,2,2026-01-26 05:12:36,debit_card
T000264,U0632,P0302,2,133.59,4,2026-01-22 14:36:17,credit_card
T000265,U0855,P0435,4,287.34,3,2026-04-20 08:14:56,credit_card
T000266,U0409,P0314,3,330.64,2,2026-03-04 15:56:03,wallet
T000267,U0902,P0201,3,391.48,5,2026-02-28 03:17:21,debit_card
T000268,U0518,P0176,2,246.37,1,2026-01-24 13:55:40,paypal
T000269,U0260,P0272,5,174.8,5,2026-03-22 12:24:08,debit_card
T000270,U0110,,5,319.56,5,2026-01-21 09:19:04,debit_card
T000271,U0371,P0180,3,453.21,5,2026-01-20 11:47:45,debit_card
T000272,U0998,P0228,4,382.46,3,2026-02-05 13:17:42,paypal
T000273,U0820,P0016,4,282.99,4,2026-03-31 19:17:52,upi
T000274,,P0204,1,342.58,1,2026-02-18 21:29:04,debit_card
T000275,U0173,P0063,2,444.98,4,2026-01-24 03:23:13,wallet
T000276,U0993,P0368,3,284.49,4,2026-02-15 21:32:57,wallet
T000277,U0678,P0068,5,407.44,5,2026-03-28 17:37:23,debit_card
T000278,U0942,P0454,5,253.56,1,2026-02-21 05:44:04,paypal
T000279,U0582,P0186,4,95.1,1,2026-03-21 21:01:25,upi
T000280,U0318,P0154,1,219.28,2,2026-02-13 06:39:13,wallet
T000281,U0571,P0260,1,240.79,1,2026-03-02 02:51:39,credit_card
T000282,U0184,P0270,4,162.99,1,2026-02-08 00:46:19,debit_card
T000283,U0698,P0082,1,50.31,4,2026-03-07 10:50:01,paypal
T000284,U0970,P0140,1,205.19,5,2026-03-24 22:33:20,debit_card
T000285,U0675,P0443,1,37.22,3,2026-03-12 15:06:41,debit_card
T000286,U0896,P0239,3,328.61,1,2026-02-01 12:56:37,debit_card
T000287,U0416,P0349,5,229.19,3,2026-02-10 01:50:58,debit_card
T000288,U0889,P0370,4,37.15,5,2026-03-04 10:38:39,wallet
T000289,U0955,P0481,2,108.81,5,2026-03-08 18:29:03,upi
T000290,U0146,P0462,2,347.51,2,2026-03-11 19:28:31,credit_card
T000291,U0437,P0026,1,433.57,3,2026-03-18 21:38:31,debit_card
T000292,U0235,P0069,4,247.86,3,2026-04-14 19:21:08,paypal
T000293,U0513,P0361,1,314.27,4,2026-01-20 03:28:57,paypal
T000294,U0046,P0370,1,287.09,4,2026-04-07 17:35:58,debit_card
T000295,U0029,P0317,2,181.69,5,2026-02-05 01:40:58,credit_card
T000296,U0869,P0288,2,279.36,3,2026-02-05 08:40:31,debit_card
T000297,U0722,P0077,5,230.48,1,2026-02-23 20:56:52,debit_card
T000298,U0773,P0245,5,176.83,2,2026-04-05 03:45:18,paypal
T000299,U0549,P0494,3,458.1,1,2026-01-29 15:37:56,debit_card
T000300,U0822,P0310,4,50.81,5,2026-02-10 00:42:22,upi
T000301,U0343,P0426,4,158.32,1,2026-02-28 06:40:54,paypal
T000302,U0575,P0416,4,415.1,5,2026-03-13 05:46:08,upi
T000303,U0134,P0178,5,49.07,5,2026-02-19 02:33:06,debit_card
T000304,U0308,P0335,5,476.71,4,2026-03-18 08:34:45,upi
T000305,U0726,P0405,4,245.21,3,2026-02-27 06:57:50,paypal
T000306,U0203,P0323,3,431.36,5,2026-03-20 18:53:32,upi
T000307,U0169,P0310,4,187.33,1,2026-03-04 14:47:08,paypal
T000308,U0229,P0458,5,434.61,1,2026-02-09 22:19:57,wallet
T000309,U0049,P0391,2,142.4,5,2026-04-12 00:40:59,paypal
T000310,U0129,P0151,4,294.78,4,2026-01-26 22:48:34,credit_card
T000311,U0739,P0026,5,150.67,5,2026-01-28 15:15:12,paypal
T000312,U0495,P0117,4,,3,2026-02-10 14:45:51,upi
T000313,U0712,P0399,2,71.69,3,2026-04-06 05:35:57,credit_card
T000314,U0227,P0212,5,,5,2026-01-30 09:46:23,credit_card
T000315,U0935,P0052,3,82.67,2,2026-02-02 04:08:16,upi
T000316,U0189,P0420,2,204.04,1,2026-02-22 17:53:21,paypal
T000317,U0432,P0293,1,440.61,1,2026-03-27 09:40:51,debit_card
T000318,U0941,P0313,2,116.54,3,2026-04-08 19:12:18,paypal
T000319,U0460,P0411,3,90.16,5,2026-03-29 23:12:21,debit_card
T000320,U0855,P0407,3,312.06,4,2026-04-18 17:31:24,upi
T000321,U0817,P0479,1,491.64,2,2026-04-06 00:43:25,debit_card
T000322,U0171,P0221,2,373.46,4,2026-02-19 14:39:40,paypal
T000323,U0011,P0022,2,80.19,8,2026-01-22 20:55:20,credit_card
T000324,U0721,P0498,1,221.84,4,2026-03-13 02:27:34,paypal
T000325,U0309,P0075,4,256.59,2,2026-04-20 11:49:43,paypal
T000326,U0267,P0338,1,360.06,3,2026-02-11 23:20:56,debit_card
T000327,U0128,P0206,5,251.43,2,2026-04-20 02:13:37,upi
T000328,U0454,P0487,3,407.6,3,2026-04-03 08:10:43,wallet
T000329,U0202,P0157,2,345.12,4,2026-04-05 00:41:59,paypal
T000330,U0328,P0438,2,372.28,5,2026-02-12 12:37:30,debit_card
T000331,U0526,P0241,5,350.02,3,2026-03-19 07:12:49,debit_card
T000332,U0848,P0409,5,58.32,2,2026-02-20 00:43:01,upi
T000333,U0239,,3,131.79,2,2026-01-26 06:34:56,debit_card
T000334,U0434,P0159,1,424.12,2,2026-02-26 17:19:04,paypal
T000335,U0023,P0325,5,273.98,2,2026-03-19 05:43:35,credit_card
T000336,U0248,P0118,3,31.96,1,2026-03-12 01:45:17,debit_card
T000337,U0255,P0421,2,170.06,1,2026-03-23 03:16:06,paypal
T000338,U0970,P0183,3,271.82,-1,2026-01-26 21:23:58,paypal
T000339,U0650,P0358,1,143.96,2,2026-04-12 10:53:30,paypal
T000340,U0403,P0157,1,48.56,5,2026-02-09 13:31:11,paypal
T000341,U0877,P0045,2,167.16,5,2026-01-24 17:42:22,wallet
T000342,U0078,P0301,1,423.8,3,2026-01-22 12:43:02,debit_card
T000343,U0747,P0353,3,309.51,3,2026-01-28 22:26:42,upi
T000344,U0113,P0171,4,430.58,3,2026-03-06 18:03:54,credit_card
T000345,U0916,P0478,4,221.8,2,2026-02-11 18:44:53,debit_card
T000346,U0285,P0210,2,18.55,4,2026-02-04 14:56:47,debit_card
T000347,U0866,P0437,1,338.96,5,2026-04-14 13:16:39,upi
T000348,U0244,P0162,2,14.54,1,2026-03-19 15:52:03,credit_card
T000349,U0321,P0022,3,85.38,3,2026-04-07 20:28:31,upi
T000350,U0513,P0415,3,337.15,4,2026-04-06 16:12:58,upi
T000351,U0899,P0040,3,103.03,2,2026-04-18 15:22:52,credit_card
T000352,U0935,P0478,5,30.6,5,2026-01-24 03:58:46,credit_card
T000353,U0081,P0470,3,384.99,4,2026-02-01 01:49:20,debit_card
T000354,U0615,P0077,4,417.22,5,2026-03-25 20:17:22,credit_card
T000355,U0551,P0305,2,-28.75,4,2026-04-14 04:10:18,upi
T000356,U0961,P0125,5,266.27,4,2026-03-26 17:13:34,wallet
T000357,U0752,P0181,1,268.45,3,2026-03-14 21:41:43,credit_card
T000358,U0359,P0322,1,333.81,4,2026-03-03 14:34:22,wallet
T000359,U0550,P0389,2,196.29,2,2026-03-28 01:14:52,credit_card
T000360,U0491,P0487,2,360.12,2,2026-01-20 23:14:25,wallet
T000361,U0115,P0345,3,229.24,2,2026-03-19 07:40:27,paypal
T000362,,P0145,1,238.39,8,2026-01-23 19:25:22,debit_card
T000363,U0051,P0394,4,305.79,5,2026-04-06 21:15:44,wallet
T000364,U0381,P0053,3,179.87,3,2026-04-07 19:58:29,debit_card
T000365,U0422,P0237,1,137.5,4,2026-02-22 20:32:43,credit_card
T000366,U0967,,4,268.16,4,2026-03-18 13:33:54,credit_card
T000367,U0890,P0288,3,383.8,7,2026-01-30 15:28:23,paypal
T000368,U0363,P0221,1,182.04,5,2026-03-07 14:38:33,debit_card
T000369,U0311,P0128,1,256.85,4,2026-02-15 21:25:45,debit_card
T000370,U0017,P0369,1,,5,2026-03-05 15:36:07,paypal
T000371,U0777,P0405,2,127.71,4,2026-04-20 17:21:37,upi
T000372,U0814,P0124,1,341.73,1,2026-03-09 18:01:37,wallet
T000373,U0493,P0056,5,393.55,4,2026-02-02 13:30:50,paypal
T000374,U0561,P0247,2,16.18,1,2026-02-07 09:33:42,credit_card
T000375,U0142,P0489,3,478.1,3,2026-03-04 11:41:46,credit_card
T000376,U0674,P0030,3,154.94,1,2026-03-25 01:19:41,wallet
T000377,U0601,P0471,5,423.04,10,2026-03-24 14:37:00,upi
T000378,U0243,P0267,5,-244.37,3,2026-03-09 03:32:45,upi
T000379,U0220,P0007,2,401.18,3,2026-02-20 19:09:23,debit_card
T000380,U0791,P0344,1,23.47,5,2026-01-30 10:35:48,debit_card
T000381,U0321,P0081,5,160.53,2,2026-01-22 17:54:10,paypal
T000382,U0109,P0225,5,287.53,4,2026-03-01 09:53:02,upi
T000383,U0773,P0199,2,260.87,4,2026-04-18 07:05:13,paypal
T000384,U0103,P0268,5,401.24,2,2026-02-07 12:15:48,debit_card
T000385,U0464,P0399,3,-100.0,1,2026-01-20 06:02:29,debit_card
T000386,U0256,,2,119.98,3,2026-01-24 13:33:15,upi
T000387,U0762,P0240,4,428.03,1,2026-02-12 13:05:10,credit_card
T000388,U0676,P0189,5,286.29,1,2026-02-22 03:43:27,wallet
T000389,U0872,P0323,2,388.38,5,2026-01-21 12:15:46,credit_card
T000390,U0423,P0207,4,31.29,5,2026-02-03 06:32:32,debit_card
T000391,U0594,P0066,4,268.33,3,2026-02-24 17:41:29,wallet
T000392,U0035,P0299,5,196.99,2,2026-03-14 03:01:05,paypal
T000393,U0144,P0243,4,309.63,5,2026-02-25 11:01:21,paypal
T000394,U0160,P0008,2,88.43,3,2026-04-18 20:13:07,debit_card
T000395,U0258,P0275,5,419.83,2,2026-01-29 08:53:43,upi
T000396,U0241,P0237,1,157.1,1,2026-02-17 02:40:56,credit_card
T000397,U0936,P0273,1,350.77,4,2026-04-16 13:51:32,wallet
T000398,U0832,P0063,3,396.11,5,2026-02-20 20:53:22,upi
T000399,U0007,P0197,1,22.01,4,2026-01-31 18:15:14,wallet
T000400,U0854,P0382,1,417.1,5,2026-04-08 04:33:29,paypal
T000401,U0868,P0486,4,478.64,5,2026-02-07 11:03:36,upi
T000402,U0420,P0287,5,337.85,2,2026-02-26 02:18:28,credit_card
T000403,U0226,P0135,1,147.64,2,2026-01-28 18:46:29,credit_card
T000404,U0114,P0484,5,320.41,3,2026-01-21 12:26:41,credit_card
T000405,U0715,P0361,2,86.72,1,2026-03-17 21:22:51,credit_card
T000406,U0318,P0160,4,28.89,3,2026-03-14 00:02:58,wallet
T000407,U0763,P0141,1,405.27,4,2026-03-19 03:38:38,paypal
T000408,U0677,P0419,5,234.8,2,2026-01-28 00:47:34,debit_card
T000409,U0108,P0135,3,383.83,4,2026-02-23 11:27:28,upi
T000410,U0129,P0485,2,234.29,4,2026-04-06 09:47:11,credit_card
T000411,U0466,P0372,3,23.39,2,2026-03-18 09:40:02,paypal
T000412,U0634,P0322,5,310.58,5,2026-03-18 00:08:06,wallet
T000413,U0966,P0118,2,308.14,2,2026-03-11 22:23:12,paypal
T000414,U0092,P0096,4,482.1,1,2026-01-20 14:01:43,credit_card
T000415,U0230,P0086,4,381.95,4,2026-03-05 08:30:37,credit_card
T000416,U0720,P0331,5,32.28,4,2026-03-11 08:47:25,credit_card
T000417,U0702,P0429,1,49.79,5,2026-04-07 14:47:01,paypal
T000418,U0303,P0209,1,91.21,2,2026-03-11 01:21:48,upi
T000419,U0954,P0148,1,40.1,4,2026-02-26 18:58:15,upi
T000420,U0476,P0307,3,439.64,4,2026-04-11 23:09:41,wallet
T000421,U0836,P0266,5,143.1,3,2026-03-27 02:31:28,upi
T000422,U0013,P0460,2,208.59,1,2026-01-23 01:56:59,upi
T000423,U0818,P0240,1,379.21,4,2026-03-23 08:04:47,upi
T000424,U0321,P0294,3,301.8,2,2026-01-24 16:10:15,wallet
T000425,U0106,P0057,1,226.75,5,2026-04-20 15:24:19,credit_card
T000426,U0038,P0143,5,21.58,1,2026-02-23 10:26:07,paypal
T000427,U0089,P0484,3,173.75,5,2026-03-15 16:18:06,paypal
T000428,U0233,P0119,2,336.14,5,2026-02-27 20:33:29,upi
T000429,U0719,P0474,3,193.27,2,2026-02-18 20:39:49,credit_card
T000430,U0492,P0398,1,411.09,2,2026-03-07 08:52:35,credit_card
T000431,U0898,P0480,1,162.45,5,2026-04-04 06:33:27,cheque
T000432,U0642,P0207,3,115.08,0,2026-02-03 22:20:02,upi
T000433,U0664,P0426,4,125.33,4,2026-02-16 20:40:39,paypal
T000434,U0782,P0219,2,143.79,4,2026-02-08 07:08:20,wallet
T000435,U0843,P0179,-1,194.3,3,2026-04-14 08:52:09,wallet
T000436,U0158,P0444,4,332.84,4,2026-03-31 16:30:06,credit_card
T000437,U0268,P0360,1,495.61,2,2026-02-24 20:59:23,debit_card
T000438,U0811,P0064,4,459.53,4,2026-03-17 01:12:54,upi
T000439,U0007,P0188,3,284.02,1,2026-03-22 08:20:14,paypal
T000440,U0474,P0312,2,68.04,1,2026-03-10 04:57:38,paypal
T000441,U0026,P0202,5,283.07,2,2026-03-08 09:34:28,upi
T000442,U0310,P0206,2,411.61,5,2026-04-18 21:41:54,upi
T000443,U0016,P0053,3,334.68,3,2026-03-07 17:41:40,credit_card
T000444,U0868,P0448,2,303.66,2,2026-02-21 04:49:03,upi
T000445,U0713,P0431,1,364.91,4,2026-03-11 21:14:00,debit_card
T000446,U0371,P0165,2,306.13,1,2026-03-03 00:52:06,wallet
T000447,U0947,P0089,4,492.61,1,2026-01-26 02:55:12,credit_card
T000448,U0684,P0395,1,50.75,3,2026-03-15 02:41:13,upi
T000449,U0073,P0434,5,235.24,5,2026-02-22 09:11:19,wallet
T000450,U0642,P0264,1,78.26,1,2026-02-18 00:02:38,credit_card
T000451,U0689,P0379,5,260.88,2,2026-03-28 11:01:48,upi
T000452,U0853,P0294,5,35.1,5,2026-03-12 17:24:21,debit_card
T000453,U0202,P0346,2,-46.05,3,2026-04-15 09:33:13,wallet
T000454,U0128,P0253,4,474.86,2,2026-04-10 15:01:32,paypal
T000455,U0993,P0163,4,44.4,2,2026-02-05 02:36:53,wallet
T000456,U0561,P0070,2,20.29,2,2026-01-30 19:09:39,upi
T000457,U0842,P0148,1,245.54,1,2026-04-11 22:55:35,debit_card
T000458,U0849,P0015,2,102.9,3,2026-02-03 22:51:25,upi
T000459,U0623,P0123,4,0.0,3,2026-04-10 22:11:26,wallet
T000460,U0068,P0212,4,222.93,1,2026-02-20 05:21:52,debit_card
T000461,U0801,P0296,1,359.38,2,2026-04-14 06:32:31,paypal
T000462,U0144,P0404,5,83.1,4,2026-03-19 03:42:09,debit_card
T000463,,P0455,5,127.8,5,2026-02-22 22:01:40,wallet
T000464,U0582,P0165,2,468.78,3,2026-02-12 22:23:16,upi
T000465,U0780,P0132,3,157.63,10,2026-02-24 09:02:26,upi
T000466,U0786,P0361,5,223.15,1,2026-02-03 02:42:29,paypal
T000467,U0802,P0498,2,118.19,4,2026-02-21 00:53:06,wallet
T000468,U0725,P0267,1,167.03,4,2026-03-22 03:06:03,paypal
T000469,U0325,P0360,3,300.98,1,2026-04-11 14:09:01,debit_card
T000470,U0799,P0247,5,244.67,5,2026-01-26 06:15:09,paypal
T000471,U0591,P0051,2,17.75,3,2026-03-10 08:34:11,upi
T000472,U0173,P0060,4,97.5,4,2026-03-11 00:49:07,debit_card
T000473,U0150,P0098,3,259.27,1,2026-03-29 00:14:39,debit_card
T000474,U0638,P0164,3,332.37,5,2026-04-02 17:49:46,upi
T000475,U0789,P0117,4,485.38,5,2026-02-14 21:54:18,paypal
T000476,U0501,P0437,0,0.0,3,2026-01-28 20:32:47,debit_card
T000477,U0261,P0369,4,142.02,-2,2026-01-29 02:20:39,upi
T000478,U0692,P0111,4,481.96,4,2026-01-21 07:57:08,wallet
T000479,U0436,P0076,3,202.54,4,2026-03-16 03:47:21,credit_card
T000480,U0165,P0187,5,152.92,2,2026-02-15 07:34:22,credit_card
T000481,U0816,P0008,5,31.05,4,2026-02-20 01:10:03,wallet
T000482,U0717,P0075,5,482.36,3,2026-04-11 20:20:19,debit_card
T000483,U0524,P0239,2,481.16,2,2026-02-03 01:25:53,upi
T000484,U0700,P0367,5,267.13,1,2026-02-10 23:10:50,upi
T000485,U0236,P0367,4,490.98,3,2026-03-30 12:42:15,debit_card
T000486,,P0002,4,75.53,1,2026-04-08 16:21:16,credit_card
T000487,U0564,P0152,2,276.94,3,2026-04-16 02:31:30,upi
T000488,U0699,P0367,2,250.13,4,2026-02-15 22:54:34,upi
T000489,U0335,P0034,2,316.11,3,2026-03-06 12:05:18,credit_card
T000490,U0701,P0364,1,18.98,3,2026-01-30 01:10:41,wallet
T000491,U0118,,3,347.43,3,2026-04-20 04:41:34,debit_card
T000492,U0440,P0450,-5,111.92,1,2026-01-21 07:38:19,upi
T000493,U0011,P0232,2,73.21,3,2026-01-24 05:35:24,wallet
T000494,U0237,P0002,2,338.14,2,2026-04-11 09:59:59,debit_card
T000495,U0468,P0170,2,291.41,4,2026-04-03 05:09:12,wallet
T000496,U0031,P0443,5,64.81,4,2026-04-20 14:25:56,debit_card
T000497,U0127,P0217,4,309.99,5,2026-03-21 11:07:28,cheque
T000498,U0255,P0106,1,134.58,3,2026-02-21 02:20:24,credit_card
T000499,U0399,P0051,4,201.57,5,2026-03-20 00:09:21,credit_card
T000500,U0703,P0280,3,152.17,3,2026-03-31 01:00:00,credit_card
T000501,U0338,P0374,1,250.0,3,2026-02-07 21:07:15,upi
T000502,U0851,P0355,2,262.7,5,2026-02-05 10:46:00,credit_card
T000503,U0122,P0184,1,165.75,1,2026-04-13 22:12:12,upi
T000504,U0631,P0294,4,58.37,2,2026-02-04 12:00:40,debit_card
T000505,U0726,P0170,3,88.3,2,2026-04-19 05:55:18,debit_card
T000506,U0677,P0407,5,468.37,3,2026-03-25 19:57:39,debit_card
T000507,U0467,P0332,4,321.62,2,2026-03-05 09:52:02,credit_card
T000508,U0978,P0359,3,253.5,4,2026-02-11 12:22:26,debit_card
T000509,U0611,P0187,1,388.08,1,2026-02-03 12:00:02,debit_card
T000510,U0837,P0167,3,258.21,4,2026-02-12 16:51:27,upi
T000511,U0722,P0279,5,273.77,4,2026-01-25 08:02:53,credit_card
T000512,U0456,P0142,5,297.9,2,2026-01-22 09:16:27,paypal
T000513,U0822,P0463,5,446.54,5,2026-01-20 21:35:26,upi
T000514,U0121,P0429,5,221.57,3,2026-02-05 06:29:02,wallet
T000515,U0915,P0113,3,479.07,3,2026-04-18 10:44:28,paypal
T000516,U0611,P0451,2,32.15,3,2026-04-02 14:48:35,upi
T000517,,P0228,4,303.8,1,2026-02-02 06:51:29,upi
T000518,U0607,P0409,5,119.51,3,2026-03-03 17:01:47,upi
T000519,U0995,P0074,4,438.28,3,2026-04-17 03:47:21,credit_card
T000520,U0399,P0001,5,-10.5,3,2026-03-28 20:46:08,upi
T000521,U0934,P0486,1,401.02,1,2026-03-05 06:06:45,debit_card
T000522,U0120,P0398,2,108.69,5,2026-04-06 13:41:17,credit_card
T000523,U0008,P0469,5,105.92,4,2026-03-16 02:33:40,debit_card
T000524,U0688,P0260,5,445.18,5,2026-04-09 08:16:30,credit_card
T000525,U0704,P0472,4,147.57,1,2026-02-03 08:58:18,wallet
T000526,U0619,P0387,4,292.88,5,2026-02-05 16:59:10,credit_card
T000527,U0649,P0465,3,351.01,1,2026-02-17 07:41:28,wallet
T000528,U0694,P0249,5,442.14,3,2026-02-07 18:41:27,paypal
T000529,U0752,P0330,5,431.78,5,2026-03-11 18:39:38,credit_card
T000530,U0560,P0396,3,390.21,5,2026-03-20 14:24:54,debit_card
T000531,U0053,P0365,5,14.19,1,2026-03-21 08:38:11,upi
T000532,U0602,P0146,5,295.37,5,2026-04-13 10:49:13,paypal
T000533,U0321,P0237,3,436.08,3,2026-02-24 04:00:59,credit_card
T000534,U0463,P0207,5,453.76,2,2026-03-15 04:55:52,upi
T000535,U0656,P0395,3,149.56,2,2026-02-27 16:27:14,paypal
T000536,,P0056,4,25.19,3,2026-02-20 12:24:40,wallet
T000537,U0668,P0471,5,112.56,5,2026-03-27 11:59:33,wallet
T000538,U0759,P0028,4,408.06,5,2026-03-15 13:14:53,wallet
T000539,U0876,P0161,4,-100.0,2,2026-04-16 18:05:26,paypal
T000540,U0427,P0341,5,45.3,4,2026-03-28 11:15:57,debit_card
T000541,U0314,P0347,1,249.51,2,2026-01-27 16:07:26,credit_card
T000542,U0826,P0352,4,238.19,4,2026-02-01 23:11:09,debit_card
T000543,U0324,P0337,1,-324.54,1,2026-03-23 18:29:26,wallet
T000544,U0224,P0199,5,86.79,2,2026-02-14 18:14:33,paypal
T000545,U0290,P0007,2,453.05,4,2026-04-04 21:24:13,wallet
T000546,U0349,P0067,5,173.19,1,2026-02-12 08:09:47,credit_card
T000547,U0784,P0493,2,465.55,4,2026-03-01 07:07:13,debit_card
T000548,U0470,P0122,3,350.23,3,2026-02-04 10:22:01,wallet
T000549,U0462,P0080,3,301.18,1,2026-02-13 05:05:04,debit_card
T000550,U0252,P0138,4,248.78,3,2026-03-15 22:17:45,paypal
T000551,,P0018,5,129.08,3,2026-03-01 13:24:13,paypal
T000552,U0712,P0232,1,457.49,2,2026-01-24 01:29:27,upi
T000553,U0117,P0241,3,46.09,4,2026-02-28 09:39:55,paypal
T000554,U0578,P0141,4,401.61,1,2026-02-09 03:55:26,wallet
T000555,U0578,P0128,5,55.69,2,2026-03-22 00:31:10,upi
T000556,U0333,P0016,4,370.12,1,2026-02-08 06:08:52,debit_card
T000557,U0929,P0278,2,331.55,-2,2026-03-07 14:03:40,paypal
T000558,U0291,P0215,5,350.54,2,2026-04-15 00:09:32,paypal
T000559,U0380,P0190,3,407.53,3,2026-04-04 12:07:22,credit_card
T000560,U0130,P0497,4,114.0,3,2026-03-15 00:14:27,upi
T000561,U0511,P0250,5,306.8,3,2026-02-16 08:27:00,debit_card
T000562,U0500,P0210,2,-100.0,5,2026-01-27 09:34:12,upi
T000563,U0037,P0015,5,97.19,2,2026-03-12 20:35:29,upi
T000564,U0739,P0339,2,474.54,4,2026-04-02 00:37:56,debit_card
T000565,U0970,P0352,2,83.34,5,2026-03-17 13:38:09,paypal
T000566,U0693,P0012,4,61.05,5,2026-01-24 15:42:59,upi
T000567,U0025,P0470,1,478.53,1,2026-02-11 01:24:28,credit_card
T000568,U0213,P0300,2,133.9,5,2026-01-24 16:38:32,upi
T000569,U0614,P0244,2,457.06,4,2026-02-12 02:41:24,wallet
T000570,U0665,P0100,2,379.91,2,2026-04-05 23:07:36,credit_card
T000571,U0759,P0306,2,293.22,4,2026-04-13 22:11:15,debit_card
T000572,U0116,P0002,3,119.92,4,2026-01-30 05:48:41,debit_card
T000573,U0942,P0214,1,434.29,5,2026-02-05 05:17:27,wallet
T000574,U0239,P0335,4,227.79,3,2026-02-12 16:31:50,credit_card
T000575,U0324,P0147,5,284.23,4,2026-03-30 19:29:42,upi
T000576,U0809,P0086,5,467.43,1,2026-03-12 07:02:44,debit_card
T000577,U0163,P0355,5,416.99,1,2026-01-30 06:05:42,upi
T000578,U1000,P0296,5,35.98,3,2026-02-22 15:08:40,upi
T000579,U0375,P0258,5,168.78,3,2026-03-23 14:52:03,credit_card
T000580,U0865,P0291,4,411.05,1,2026-04-12 15:31:53,paypal
T000581,U0451,P0080,3,459.24,3,2026-02-11 13:10:20,upi
T000582,U0223,P0232,5,238.23,3,2026-03-21 18:00:56,wallet
T000583,U0928,P0275,3,16.91,1,2026-04-19 22:03:49,paypal
T000584,U0427,P0163,4,239.37,1,2026-03-16 03:08:46,debit_card
T000585,U0927,P0315,5,255.06,4,2026-02-08 19:52:13,paypal
T000586,U0159,P0205,5,40.04,5,2026-02-06 18:39:53,debit_card
T000587,U0916,P0206,1,356.65,4,2026-02-21 04:21:06,upi
T000588,U0028,P0001,3,105.98,4,2026-01-29 23:30:03,wallet
T000589,U0965,P0218,1,174.0,4,2026-03-30 18:45:42,credit_card
T000590,U0814,P0104,1,348.09,4,2026-03-09 11:07:37,upi
T000591,U0993,P0446,5,420.68,1,2026-02-07 16:58:27,wallet
T000592,U0537,P0098,1,441.26,3,2026-02-06 20:16:00,paypal
T000593,U0244,P0192,3,50.77,4,2026-01-22 03:05:07,wallet
T000594,U0619,P0044,5,282.62,3,2026-04-01 00:43:04,wallet
T000595,U0451,P0002,1,240.93,5,2026-04-17 14:34:39,upi
T000596,U0894,P0460,1,,1,2026-03-22 17:00:55,credit_card
T000597,U0742,P0486,1,240.93,8,2026-01-27 10:22:33,debit_card
T000598,U0231,P0218,5,293.7,4,2026-04-06 13:48:36,upi
T000599,U0717,P0078,3,212.02,1,2026-03-02 02:27:10,credit_card
T000600,U0036,P0475,5,463.33,1,2026-04-16 17:04:30,credit_card
T000601,U0835,P0055,4,282.08,3,2026-01-23 06:25:48,credit_card
T000602,U0382,P0025,2,180.53,3,2026-04-02 17:14:29,debit_card
T000603,U0703,P0391,2,354.63,5,2026-02-11 01:11:35,credit_card
T000604,U0013,P0346,2,313.85,4,2026-03-07 22:43:57,wallet
T000605,U0485,P0138,4,340.48,3,2026-04-11 08:22:35,wallet
T000606,U0433,P0165,5,434.86,4,2026-02-28 09:15:45,debit_card
T000607,U0355,P0078,4,334.92,5,2026-02-22 23:36:33,debit_card
T000608,U0058,P0145,1,208.19,1,2026-03-05 07:41:20,upi
T000609,U0299,P0021,3,55.53,2,2026-02-19 16:41:47,wallet
T000610,U0786,P0118,4,396.81,4,2026-04-03 22:08:01,upi
T000611,U0389,P0274,1,374.34,4,2026-01-20 19:18:13,paypal
T000612,U0352,P0255,1,406.08,4,2026-02-27 21:47:54,credit_card
T000613,U0820,P0186,5,156.15,4,2026-03-27 18:32:13,credit_card
T000614,U0282,P0140,5,310.01,5,2026-01-27 07:41:53,paypal
T000615,U0516,P0206,2,148.79,1,2026-04-16 12:56:34,upi
T000616,U0262,P0136,3,23.14,5,2026-04-03 20:18:37,upi
T000617,U0215,P0094,3,193.2,2,2026-03-01 05:17:32,upi
T000618,U0755,P0303,1,57.61,1,2026-01-31 02:03:58,wallet
T000619,U0381,,1,481.46,3,2026-03-13 15:26:52,wallet
T000620,U0625,P0284,3,302.26,2,2026-01-29 08:50:19,paypal
T000621,U0847,P0296,4,67.71,2,2026-01-26 23:59:46,upi
T000622,U0741,P0356,2,328.91,6,2026-01-21 01:27:07,debit_card
T000623,U0152,,4,139.7,3,2026-04-08 18:02:05,debit_card
T000624,U0009,P0172,3,155.29,2,2026-04-03 18:49:29,upi
T000625,U0944,P0406,5,433.59,5,2026-02-07 02:20:19,paypal
T000626,U0482,P0498,3,308.34,5,2026-02-24 16:16:10,paypal
T000627,U0396,P0003,3,95.51,2,2026-03-19 03:46:31,upi
T000628,U0739,P0281,3,344.27,2,2026-01-30 09:32:53,upi
T000629,U0081,P0235,2,254.53,5,2026-01-26 09:52:56,paypal
T000630,U0820,P0074,5,417.77,2,2026-03-15 16:14:19,upi
T000631,U0635,P0471,5,264.05,5,2026-03-19 21:28:10,wallet
T000632,U0538,P0237,4,172.02,3,2026-03-03 18:40:03,paypal
T000633,U0905,P0232,3,483.57,2,2026-02-24 00:09:19,credit_card
T000634,U0941,P0313,2,363.8,5,2026-04-18 07:45:22,upi
T000635,U0912,P0470,1,348.72,5,2026-03-16 06:37:34,upi
T000636,U0341,P0340,1,494.06,5,2026-02-15 09:08:41,upi
T000637,U0918,P0128,5,305.38,1,2026-02-08 10:09:02,wallet
T000638,U0294,P0404,3,244.47,2,2026-03-15 12:43:26,upi
T000639,U0122,P0472,1,490.78,4,2026-03-31 14:38:19,debit_card
T000640,U0723,P0068,2,435.23,1,2026-03-20 01:01:39,upi
T000641,U0344,P0315,3,264.05,3,2026-02-18 03:43:07,upi
T000642,U0036,P0068,2,230.26,3,2026-02-19 09:01:55,credit_card
T000643,U0219,P0429,4,480.51,2,2026-04-13 17:54:55,credit_card
T000644,U0550,P0212,2,149.29,4,2026-03-06 15:13:56,debit_card
T000645,U0883,P0033,1,73.73,1,2026-02-15 19:47:31,credit_card
T000646,U0504,P0279,2,283.22,4,2026-03-30 01:43:44,upi
T000647,U0427,P0040,3,351.51,3,2026-03-05 22:40:03,wallet
T000648,U0340,P0263,4,194.59,3,2026-03-16 11:52:23,paypal
T000649,U0082,P0268,1,90.97,5,2026-04-17 19:00:52,debit_card
T000650,U0347,P0072,1,469.69,5,2026-04-20 19:40:17,upi
T000651,U0444,P0300,1,456.55,3,2026-04-08 09:55:18,upi
T000652,U0604,P0473,5,267.73,7,2026-02-11 19:32:46,wallet
T000653,U0912,P0081,5,495.17,4,2026-01-24 11:57:15,debit_card
T000654,U0046,P0125,1,338.23,2,2026-04-08 19:40:30,wallet
T000655,U0888,P0464,4,54.67,2,2026-02-15 05:48:05,credit_card
T000656,U0213,P0445,4,472.88,5,2026-03-16 10:40:01,debit_card
T000657,U0807,P0227,4,277.12,2,2026-03-15 19:43:05,unknown
T000658,U0191,P0242,2,269.3,4,2026-01-23 08:51:16,debit_card
T000659,U0007,P0259,4,229.93,2,2026-02-23 15:56:01,credit_card
T000660,U0980,P0381,1,,5,2026-02-18 08:04:40,paypal
T000661,U0654,P0325,3,408.5,3,2026-03-22 08:50:13,paypal
T000662,U0913,P0218,2,104.51,-2,2026-03-18 18:11:37,credit_card
T000663,U0058,P0131,3,114.35,5,2026-03-06 21:15:47,upi
T000664,U0224,P0032,2,390.22,2,2026-04-11 04:36:28,debit_card
T000665,U0564,P0177,4,,1,2026-02-28 05:56:33,paypal
T000666,U0043,P0391,2,172.22,3,2026-02-26 14:56:50,wallet
T000667,,P0372,2,490.74,4,2026-03-19 23:38:17,credit_card
T000668,U0301,P0054,1,213.63,5,2026-03-29 02:31:03,paypal
T000669,U0808,P0299,4,0.0,3,2026-03-12 23:28:51,upi
T000670,U0239,P0271,4,422.29,3,2026-03-09 22:09:46,credit_card
T000671,U0305,P0494,3,262.3,3,2026-04-15 15:42:02,upi
T000672,U0765,P0117,2,101.83,2,2026-04-09 02:34:07,debit_card
T000673,U0291,P0279,5,171.84,5,2026-03-20 15:56:10,credit_card
T000674,U0011,P0338,4,446.67,2,2026-04-16 22:23:24,paypal
T000675,U0963,P0161,5,421.75,3,2026-02-09 15:21:19,paypal
T000676,U0033,P0250,4,21.77,5,2026-04-06 11:45:40,debit_card
T000677,U0061,P0044,2,472.59,1,2026-02-17 08:55:04,wallet
T000678,U0524,P0015,1,128.25,5,2026-03-24 03:19:02,upi
T000679,U0148,P0279,2,131.4,4,2026-03-31 22:44:21,credit_card
T000680,U0329,P0457,5,389.78,1,2026-01-24 19:41:28,credit_card
T000681,U0970,P0060,3,411.12,2,2026-03-19 10:12:06,debit_card
T000682,U0334,P0207,4,20.38,4,2026-03-23 06:01:58,wallet
T000683,U0786,P0236,1,499.01,4,2026-03-07 22:08:31,upi
T000684,U0676,P0318,3,236.71,5,2026-04-15 10:46:13,paypal
T000685,U0984,P0254,3,288.49,5,2026-04-02 13:30:08,paypal
T000686,U0027,,3,168.86,2,2026-04-18 22:54:29,upi
T000687,U0138,P0289,1,227.12,3,2026-03-26 13:16:22,paypal
T000688,U0920,P0039,5,119.89,3,2026-02-09 11:23:38,debit_card
T000689,U0757,P0437,3,80.27,1,2026-03-19 19:16:54,wallet
T000690,U0168,P0397,1,203.24,3,2026-02-01 02:26:35,wallet
T000691,U0645,P0364,2,55.34,3,2026-03-23 10:45:18,paypal
T000692,U0328,P0077,1,403.88,1,2026-04-15 04:56:01,upi
T000693,U0646,P0198,5,442.04,4,2026-02-14 00:56:11,wallet
T000694,U0749,P0397,5,79.33,1,2026-02-13 13:11:37,debit_card
T000695,U0177,P0371,1,395.03,3,2026-02-25 00:20:59,debit_card
T000696,U0597,P0103,4,124.44,1,2026-04-03 09:07:15,credit_card
T000697,U0181,P0409,1,413.14,1,2026-03-07 05:59:56,paypal
T000698,U0490,P0293,3,295.67,1,2026-04-20 00:58:47,paypal
T000699,U0948,P0419,4,307.81,3,2026-01-31 04:57:44,
T000700,U0926,P0079,3,158.22,1,2026-01-31 20:09:33,wallet
T000701,U0090,P0489,1,109.93,3,2026-02-18 09:32:19,wallet
T000702,U0728,P0188,4,43.64,2,2026-04-06 22:41:51,upi
T000703,U0709,P0091,4,219.48,4,2026-01-31 06:45:32,upi
T000704,U0245,P0149,2,66.83,1,2026-02-08 00:56:37,debit_card
T000705,U0635,P0045,2,256.23,2,2026-01-25 03:21:33,paypal
T000706,U0607,P0440,3,284.64,2,2026-04-09 19:08:17,wallet
T000707,U0052,P0285,5,325.92,1,2026-04-04 13:49:47,upi
T000708,U0310,P0415,3,87.31,1,2026-04-03 03:55:15,wallet
T000709,U0890,P0303,1,261.44,1,2026-04-15 07:53:57,debit_card
T000710,U0329,P0201,5,366.26,2,2026-02-01 16:06:09,debit_card
T000711,U0240,P0390,4,441.69,4,2026-03-23 01:57:36,paypal
T000712,U0998,P0474,1,456.53,1,2026-01-21 23:51:17,debit_card
T000713,U0708,P0281,5,55.2,1,2026-03-25 17:26:41,paypal
T000714,U0037,P0165,1,64.89,2,2026-02-09 00:50:04,debit_card
T000715,U0279,P0488,3,300.29,4,2026-01-23 17:57:10,credit_card
T000716,U0263,P0458,5,242.63,4,2026-03-05 02:06:46,upi
T000717,U0465,P0178,2,-100.0,4,2026-02-08 08:13:54,credit_card
T000718,U0846,P0194,2,67.66,1,2026-02-14 18:06:43,wallet
T000719,U0746,P0040,1,329.64,1,2026-03-01 16:00:05,credit_card
T000720,U0978,P0097,5,309.91,2,2026-01-27 15:27:23,upi
T000721,U0891,P0237,1,16.7,5,2026-04-07 10:13:42,upi
T000722,U0936,P0306,4,-204.63,5,2026-02-20 04:59:07,debit_card
T000723,U0224,P0354,4,39.04,4,2026-02-02 11:35:17,wallet
T000724,U0839,P0005,1,294.2,1,2026-02-24 23:52:58,credit_card
T000725,U0573,P0216,2,132.33,2,2026-02-27 07:50:45,credit_card
T000726,U0819,P0386,4,175.45,5,2026-03-23 10:40:24,paypal
T000727,U0903,P0357,5,349.81,5,2026-02-13 22:41:04,debit_card
T000728,U0250,P0240,3,303.89,1,2026-04-03 17:56:43,debit_card
T000729,U0146,P0269,3,457.53,2,2026-04-17 13:36:39,wallet
T000730,U0969,P0173,3,184.47,1,2026-02-16 22:34:51,credit_card
T000731,U0916,P0295,4,393.04,2,2026-02-28 18:54:36,debit_card
T000732,U0797,P0385,2,219.9,5,2026-04-01 07:30:25,wallet
T000733,U0728,P0251,2,204.23,5,2026-04-11 07:00:32,debit_card
T000734,U0976,P0124,5,18.33,3,2026-04-18 08:34:12,upi
T000735,U0262,P0225,3,264.25,4,2026-03-14 09:57:24,wallet
T000736,U0442,P0378,4,472.43,3,2026-02-01 14:18:17,debit_card
T000737,U0503,P0393,1,73.83,4,2026-02-18 03:50:47,upi
T000738,U0341,P0177,2,291.79,4,2026-03-12 01:21:31,credit_card
T000739,U0267,P0184,5,157.94,5,2026-02-02 04:02:16,paypal
T000740,U0260,P0410,1,191.24,2,2026-03-30 04:06:17,paypal
T000741,U0729,P0110,4,446.9,1,2026-03-14 19:37:29,upi
T000742,U0122,P0053,3,199.49,1,2026-02-14 13:39:18,credit_card
T000743,U0092,P0265,5,91.53,1,2026-03-03 12:26:26,paypal
T000744,U0727,P0323,3,0.0,3,2026-02-22 06:23:16,upi
T000745,U0513,P0497,2,196.09,3,2026-02-18 18:11:53,upi
T000746,U0092,P0137,1,107.22,3,2026-04-10 11:27:36,paypal
T000747,U0347,P0434,5,183.54,4,2026-03-15 01:02:36,credit_card
T000748,U0237,P0004,1,55.43,4,2026-04-12 05:00:44,debit_card
T000749,U0509,P0398,2,478.67,5,2026-03-09 21:22:25,upi
T000750,U0929,P0137,2,348.33,4,2026-02-15 14:13:13,wallet
T000751,U0238,P0274,3,332.48,1,2026-04-04 11:49:37,upi
T000752,U0022,P0405,5,104.9,1,2026-04-07 20:53:01,credit_card
T000753,U0417,P0350,3,26.24,1,2026-01-28 06:52:49,upi
T000754,U0823,P0355,3,429.5,1,2026-02-19 10:00:57,wallet
T000755,U0644,P0129,5,-10.5,4,2026-03-20 01:14:06,credit_card
T000756,U0708,P0216,2,407.13,5,2026-03-03 20:59:10,paypal
T000757,U0898,P0364,1,159.39,2,2026-04-06 12:56:22,paypal
T000758,U0292,P0314,4,219.6,-1,2026-02-26 05:01:52,credit_card
T000759,U0760,P0385,4,422.86,3,2026-03-16 04:44:55,upi
T000760,U0352,P0087,5,13.8,1,2026-02-03 15:06:22,credit_card
T000761,U0664,P0229,2,142.74,4,2026-04-04 10:21:38,paypal
T000762,U0600,P0095,2,163.39,1,2026-03-13 07:44:59,wallet
T000763,U0234,P0422,2,217.06,5,2026-04-07 17:42:35,credit_card
T000764,U0704,P0490,1,35.98,4,2026-01-21 16:56:04,wallet
T000765,U0990,P0485,1,71.47,5,2026-02-25 23:09:55,paypal
T000766,U0460,P0208,1,-10.5,2,2026-01-25 09:51:05,wallet
T000767,U0309,P0287,3,54.03,3,2026-02-11 22:46:27,debit_card
T000768,U0321,P0366,3,-10.5,5,2026-02-14 23:17:53,debit_card
T000769,U0495,P0087,5,406.74,3,2026-03-12 23:58:22,upi
T000770,U0588,P0285,1,333.18,1,2026-02-06 15:05:36,paypal
T000771,U0388,P0141,4,475.79,4,2026-02-01 03:00:51,paypal
T000772,U0531,P0287,2,442.93,1,2026-03-28 17:03:59,credit_card
T000773,U0692,P0456,5,397.29,3,2026-01-29 00:04:25,upi
T000774,U0746,P0296,1,66.84,4,2026-02-04 02:46:10,paypal
T000775,U0956,P0206,3,134.74,1,2026-02-02 21:12:32,wallet
T000776,U0247,P0031,5,234.16,3,2026-02-11 10:59:40,upi
T000777,U0218,P0492,5,459.45,3,2026-04-20 06:43:32,debit_card
T000778,U0509,P0370,4,485.54,5,2026-04-16 18:02:36,upi
T000779,U0005,P0029,4,284.56,1,2026-04-10 05:21:11,paypal
T000780,U0249,P0089,3,466.4,2,2026-01-31 23:39:30,wallet
T000781,U0849,,5,484.77,2,2026-03-12 17:35:17,wallet
T000782,U0995,P0300,1,311.11,4,2026-03-13 00:42:39,debit_card
T000783,U0555,P0221,3,456.18,2,2026-03-31 07:49:41,wallet
T000784,U0663,P0185,4,40.96,3,2026-03-12 19:16:56,debit_card
T000785,U0999,P0056,1,416.26,2,2026-04-17 17:11:56,credit_card
T000786,U0852,P0388,5,422.96,1,2026-03-18 01:41:53,debit_card
T000787,U0500,P0267,1,268.59,5,2026-03-14 15:49:29,wallet
T000788,U0231,P0085,1,254.37,1,2026-04-03 18:44:42,debit_card
T000789,U0280,P0259,3,301.0,4,2026-03-23 11:05:07,wallet
T000790,U0451,P0443,4,467.6,2,2026-04-08 14:55:19,paypal
T000791,U0061,P0437,4,401.24,3,2026-03-04 14:22:49,paypal
T000792,U0453,P0069,4,240.74,3,2026-04-16 10:03:19,credit_card
T000793,U0792,P0307,5,88.48,1,2026-03-18 21:20:05,paypal
T000794,U0511,P0245,5,181.51,-1,2026-02-13 11:11:22,paypal
T000795,U0784,P0068,2,39.89,4,2026-02-11 14:27:42,wallet
T000796,U0232,P0030,2,71.25,4,2026-04-14 09:18:33,paypal
T000797,U0176,P0488,3,476.7,2,2026-02-19 00:22:05,wallet
T000798,U0933,P0367,1,499.56,4,2026-02-22 01:25:40,upi
T000799,U0233,P0172,1,222.01,3,2026-02-07 23:34:02,cheque
T000800,U0279,P0239,4,374.87,3,2026-02-04 04:33:22,paypal
T000801,U0726,P0286,2,246.27,5,2026-04-05 00:54:00,credit_card
T000802,U0738,P0409,3,421.88,2,2026-03-12 14:51:42,wallet
T000803,U0954,P0107,2,76.64,4,2026-02-18 07:54:15,paypal
T000804,U0133,P0077,-5,472.4,4,2026-02-09 18:55:09,debit_card
T000805,U0477,P0072,2,253.67,2,2026-02-12 12:16:13,wallet
T000806,U0213,P0053,1,124.21,2,2026-03-21 01:56:13,credit_card
T000807,U0557,P0355,5,162.98,2,2026-02-21 01:14:20,debit_card
T000808,U0761,P0229,1,140.88,2,2026-02-18 07:09:35,credit_card
T000809,U0648,P0321,5,444.75,5,2026-02-15 19:25:10,paypal
T000810,U0376,P0205,1,72.66,4,2026-03-31 22:47:22,credit_card
T000811,U0276,P0238,2,225.55,5,2026-03-28 23:21:51,paypal
T000812,U0771,P0479,1,243.98,4,2026-04-03 23:59:00,upi
T000813,U0554,P0009,4,154.94,3,2026-02-28 11:00:42,debit_card
T000814,U0099,P0189,4,336.19,5,2026-02-17 16:52:40,wallet
T000815,U0685,,4,151.79,3,2026-02-15 05:17:46,upi
T000816,U0203,P0332,5,220.05,5,2026-03-07 22:27:17,debit_card
T000817,U0270,P0372,2,267.82,5,2026-02-16 23:08:37,wallet
T000818,U0039,P0114,5,233.84,5,2026-03-20 18:51:19,debit_card
T000819,U0694,P0109,1,349.76,1,2026-02-19 06:00:24,credit_card
T000820,U0609,,3,381.2,4,2026-03-05 13:12:33,credit_card
T000821,U0698,P0351,1,72.61,1,2026-03-11 15:52:15,upi
T000822,U0898,P0467,5,208.35,1,2026-03-12 23:31:42,upi
T000823,U0229,P0153,4,214.6,1,2026-02-27 20:41:20,wallet
T000824,U0695,P0273,4,130.84,5,2026-04-04 13:02:52,wallet
T000825,U0092,P0456,1,123.24,3,2026-02-12 11:18:07,debit_card
T000826,U0878,P0241,4,92.76,1,2026-03-02 12:49:58,wallet
T000827,U0778,P0206,2,454.7,4,2026-02-26 07:29:47,wallet
T000828,U0693,P0213,2,302.32,3,2026-04-08 12:15:47,wallet
T000829,U0296,P0004,2,282.6,3,2026-03-02 10:24:46,upi
T000830,U0371,P0223,3,107.21,4,2026-01-27 18:41:51,upi
T000831,U0223,P0017,1,83.31,1,2026-01-22 05:19:58,upi
T000832,U0963,P0105,4,339.03,2,2026-04-17 06:06:26,paypal
T000833,U0754,P0200,4,110.4,2,2026-02-10 07:26:44,paypal
T000834,U0941,,4,141.27,2,2026-04-06 02:22:40,upi
T000835,U0684,P0201,1,400.5,5,2026-02-04 01:12:55,wallet
T000836,U0011,P0155,5,264.5,4,2026-01-22 16:06:21,debit_card
T000837,U1000,P0440,2,212.54,3,2026-03-18 20:18:08,wallet
T000838,U0644,P0354,2,335.59,5,2026-03-06 22:21:23,paypal
T000839,U0646,P0481,3,54.77,4,2026-01-27 22:26:27,credit_card
T000840,U0614,P0102,4,57.4,4,2026-02-26 23:55:05,paypal
T000841,U0654,P0487,5,62.65,3,2026-03-05 17:52:15,debit_card
T000842,U0733,P0140,4,223.31,5,2026-02-27 09:16:55,upi
T000843,U0812,P0110,2,274.39,5,2026-01-27 11:51:14,debit_card
T000844,U0514,P0484,5,24.7,3,2026-03-10 15:54:04,paypal
T000845,U0941,P0045,5,103.78,5,2026-02-27 16:21:38,upi
T000846,U0093,P0304,5,461.96,5,2026-03-25 08:36:24,upi
T000847,U0281,P0126,3,183.83,5,2026-03-12 18:29:59,paypal
T000848,U0634,P0110,5,29.88,2,2026-03-02 02:06:10,debit_card
T000849,U0246,P0024,5,431.68,5,2026-04-16 14:11:49,paypal
T000850,U0403,P0411,5,476.63,2,2026-02-22 08:05:36,paypal
T000851,U0794,P0448,2,185.58,5,2026-03-12 21:39:30,paypal
T000852,U0182,P0058,2,411.92,3,2026-03-10 01:10:19,debit_card
T000853,U0517,P0232,1,12.5,5,2026-01-25 07:37:49,paypal
T000854,U0889,P0159,4,314.73,4,2026-03-15 00:01:30,paypal
T000855,U0602,P0411,1,113.85,4,2026-02-22 16:04:01,paypal
T000856,U0471,P0221,5,70.04,1,2026-03-15 02:57:05,debit_card
T000857,U0182,P0060,3,31.7,2,2026-04-03 14:44:52,paypal
T000858,U0360,P0283,4,357.98,1,2026-04-11 20:29:57,credit_card
T000859,U0044,P0404,3,70.09,5,2026-04-07 08:04:06,debit_card
T000860,U0222,P0191,2,424.1,4,2026-04-14 14:36:12,credit_card
T000861,U0103,P0418,-1,262.66,3,2026-01-20 00:56:36,debit_card
T000862,U0601,P0174,4,104.58,5,2026-01-21 03:51:24,credit_card
T000863,U0071,P0095,3,407.22,4,2026-02-01 19:43:58,credit_card
T000864,U0934,P0192,5,36.85,1,2026-04-06 10:44:52,wallet
T000865,U0582,P0395,5,66.81,4,2026-04-10 13:36:18,credit_card
T000866,U0899,P0183,3,69.2,1,2026-04-15 21:35:40,debit_card
T000867,U0854,P0476,5,211.77,4,2026-01-30 18:15:54,upi
T000868,U0815,P0339,4,47.63,1,2026-03-29 00:25:03,paypal
T000869,U0625,P0486,2,302.75,2,2026-04-20 05:55:56,wallet
T000870,U0929,P0367,3,18.46,1,2026-04-06 15:23:06,credit_card
T000871,U0158,P0493,5,117.8,2,2026-01-29 07:05:21,paypal
T000872,U0591,P0181,-1,-481.24,1,2026-04-02 09:39:18,credit_card
T000873,U0682,P0027,2,244.22,1,2026-03-21 18:03:35,paypal
T000874,U0535,P0285,3,198.82,4,2026-02-21 19:41:37,credit_card
T000875,U0398,P0205,1,43.46,2,2026-03-14 04:46:50,credit_card
T000876,U0666,P0118,1,497.39,5,2026-03-08 02:40:24,upi
T000877,U0326,P0252,1,92.33,1,2026-03-31 15:42:53,credit_card
T000878,U0852,P0330,1,275.6,1,2026-04-15 04:47:50,debit_card
T000879,U0896,P0348,5,423.44,2,2026-02-14 02:09:30,debit_card
T000880,U0333,P0183,5,438.66,5,2026-03-24 21:08:47,debit_card
T000881,U0061,P0220,2,118.37,3,2026-04-14 12:24:35,wallet
T000882,U0441,P0285,5,353.55,1,2026-01-22 21:12:52,upi
T000883,U0649,P0056,5,383.78,5,2026-01-26 10:29:35,paypal
T000884,U0032,P0177,2,53.64,2,2026-01-26 07:54:22,upi
T000885,U0007,P0266,1,208.42,3,2026-02-02 20:16:20,credit_card
T000886,U0260,P0131,4,421.52,5,2026-04-19 02:44:39,wallet
T000887,U0512,P0465,1,135.76,5,2026-02-19 09:56:45,upi
T000888,U0578,P0167,3,147.44,3,2026-01-23 14:42:25,credit_card
T000889,U0605,P0349,3,416.03,5,2026-01-24 15:04:19,debit_card
T000890,U0709,P0484,4,138.52,4,2026-03-16 21:37:52,wallet
T000891,U0226,P0351,5,322.46,3,2026-04-03 23:48:22,credit_card
T000892,U0499,P0133,2,308.11,3,2026-01-30 11:06:23,debit_card
T000893,U0682,P0317,1,152.27,3,2026-03-19 23:41:07,upi
T000894,U0930,P0221,2,164.94,2,2026-04-16 22:49:55,wallet
T000895,U0295,P0233,4,378.85,5,2026-01-30 21:51:57,paypal
T000896,U0200,P0023,1,201.47,3,2026-03-24 05:03:36,wallet
T000897,U0646,P0206,1,240.01,3,2026-04-16 13:39:54,wallet
T000898,U0328,P0299,1,76.03,4,2026-02-05 22:09:50,upi
T000899,U0981,P0199,1,69.27,4,2026-03-10 04:59:30,wallet
T000900,U0409,,1,386.32,3,2026-04-06 19:00:31,debit_card
T000901,U0277,P0414,4,439.3,5,2026-04-10 15:02:21,upi
T000902,U0667,P0024,1,203.96,4,2026-02-09 18:07:06,upi
T000903,U0842,P0351,3,31.95,1,2026-03-07 18:06:14,debit_card
T000904,U0212,P0045,2,167.92,3,2026-02-11 07:23:37,paypal
T000905,U0156,P0175,4,417.26,1,2026-03-27 11:41:17,wallet
T000906,U0858,P0318,3,,1,2026-03-18 06:32:40,credit_card
T000907,U0371,P0490,1,176.34,2,2026-01-21 22:47:22,paypal
T000908,U0930,P0375,2,171.92,1,2026-02-13 04:20:01,wallet
T000909,U0279,P0191,4,18.16,5,2026-04-09 08:22:18,paypal
T000910,U0680,P0077,2,83.22,1,2026-01-20 22:00:37,credit_card
T000911,U0905,P0076,5,142.73,3,2026-02-17 03:58:07,paypal
T000912,U0931,P0358,1,147.71,1,2026-03-29 17:40:32,wallet
T000913,U0228,P0136,2,343.65,4,2026-03-22 21:32:40,wallet
T000914,U0155,P0353,3,32.11,2,2026-02-01 04:10:41,upi
T000915,U0953,P0272,2,121.76,-2,2026-03-23 22:40:19,wallet
T000916,U0887,P0349,5,49.6,1,2026-04-13 00:33:50,credit_card
T000917,U0824,P0349,5,197.6,3,2026-02-09 14:52:09,paypal
T000918,U0475,P0266,5,379.86,4,2026-02-16 12:06:20,paypal
T000919,U0517,P0243,4,486.48,3,2026-02-05 15:10:58,debit_card
T000920,U0786,P0360,0,256.11,5,2026-02-07 07:06:54,upi
T000921,U0844,P0321,2,164.14,3,2026-02-12 04:40:11,paypal
T000922,U0208,P0168,1,43.13,4,2026-03-28 20:17:00,debit_card
T000923,U0567,P0013,3,32.57,2,2026-02-21 12:14:53,paypal
T000924,U0236,P0284,5,101.48,4,2026-02-09 00:15:32,paypal
T000925,U0452,P0204,4,223.22,4,2026-04-20 01:36:41,wallet
T000926,U0132,P0277,5,485.24,3,2026-03-02 18:13:28,upi
T000927,U0081,P0371,2,37.25,4,2026-03-01 07:33:31,credit_card
T000928,U0701,P0432,2,361.22,4,2026-04-01 13:06:13,wallet
T000929,U0195,,3,390.8,10,2026-03-11 04:40:28,credit_card
T000930,U0673,P0336,1,245.57,3,2026-01-30 09:21:15,paypal
T000931,U0226,P0002,1,17.46,4,2026-01-30 10:05:54,paypal
T000932,U0365,P0073,5,396.34,5,2026-03-09 11:08:13,paypal
T000933,U0725,P0237,3,142.9,2,2026-02-16 02:31:00,wallet
T000934,U0815,P0314,4,57.38,1,2026-04-17 13:11:43,debit_card
T000935,U0233,P0420,2,444.71,5,2026-03-18 05:59:38,wallet
T000936,U0443,P0432,5,239.03,1,2026-01-23 01:39:51,debit_card
T000937,U0811,,3,120.88,3,2026-04-06 21:49:57,upi
T000938,U0374,P0379,5,353.5,5,2026-03-13 22:49:28,credit_card
T000939,U0752,P0272,5,258.23,4,2026-03-26 14:41:23,credit_card
T000940,U0971,P0364,2,66.65,5,2026-04-05 05:35:12,upi
T000941,U0622,P0131,2,233.61,2,2026-03-26 04:38:40,upi
T000942,U0925,P0148,5,435.07,2,2026-02-16 04:16:44,debit_card
T000943,U0172,P0096,2,436.76,3,2026-02-22 20:16:14,credit_card
T000944,U0952,P0451,4,16.75,4,2026-02-15 04:17:01,paypal
T000945,U0750,P0483,5,116.99,4,2026-04-01 16:52:08,paypal
T000946,U0471,P0242,4,135.36,4,2026-01-22 08:03:10,upi
T000947,U0395,P0211,3,207.09,1,2026-04-16 16:21:28,upi
T000948,U0986,P0368,2,89.41,5,2026-02-08 04:22:27,debit_card
T000949,U0807,P0352,5,72.26,5,2026-02-16 18:19:47,upi
T000950,U0886,P0491,5,90.87,5,2026-02-22 16:01:59,debit_card
T000951,U0437,P0134,2,303.36,2,2026-01-21 10:53:58,paypal
T000952,U0660,P0301,4,289.26,1,2026-03-12 14:35:45,upi
T000953,U0034,P0455,3,276.11,0,2026-02-01 06:36:56,debit_card
T000954,U0259,P0335,3,110.74,3,2026-03-27 10:05:22,wallet
T000955,U0900,P0288,1,65.11,5,2026-04-14 11:15:38,upi
T000956,U0360,P0051,2,483.77,2,2026-02-04 01:03:32,upi
T000957,U0768,P0121,4,283.09,1,2026-03-21 00:41:27,paypal
T000958,U0573,P0364,2,396.75,3,2026-04-10 19:15:40,credit_card
T000959,U0086,P0353,4,366.04,5,2026-03-05 13:09:33,wallet
T000960,U0826,P0321,3,290.63,3,2026-02-10 02:40:01,wallet
T000961,U0253,P0256,5,379.81,1,2026-02-15 14:55:54,debit_card
T000962,U0932,P0353,4,174.86,4,2026-02-11 17:47:56,upi
T000963,U0473,P0219,5,251.26,4,2026-03-07 20:40:43,debit_card
T000964,U0370,P0404,5,218.32,2,2026-02-28 03:15:04,upi
T000965,U0264,P0305,1,296.56,2,2026-04-01 00:51:18,wallet
T000966,U0669,P0279,3,97.79,10,2026-02-05 06:59:24,debit_card
T000967,U0623,P0311,1,342.99,4,2026-03-12 04:11:10,paypal
T000968,U0887,P0015,1,56.05,1,2026-02-17 22:12:06,credit_card
T000969,U0343,P0158,5,483.84,3,2026-02-25 06:40:42,debit_card
T000970,,P0498,3,254.7,2,2026-01-29 09:31:21,wallet
T000971,U0619,P0007,1,11.24,5,2026-03-11 03:32:26,upi
T000972,U0796,P0420,3,414.5,5,2026-01-22 11:21:16,wallet
T000973,U0585,P0490,1,177.89,4,2026-02-17 19:18:29,credit_card
T000974,U0391,P0233,5,469.92,4,2026-03-20 08:24:59,upi
T000975,U0463,P0093,1,296.18,4,2026-02-04 01:38:25,debit_card
T000976,U0780,P0100,4,98.79,3,2026-02-17 06:18:54,credit_card
T000977,U0373,P0261,4,288.13,4,2026-02-09 09:43:10,paypal
T000978,U0636,P0241,1,335.64,3,2026-03-07 16:09:46,wallet
T000979,U0201,P0081,4,238.78,1,2026-02-03 12:13:13,paypal
T000980,U0695,P0317,1,418.43,4,2026-04-16 18:10:22,debit_card
T000981,U0641,P0414,2,367.78,4,2026-01-20 21:20:39,upi
T000982,U0521,P0175,4,259.11,5,2026-04-12 20:02:08,upi
T000983,U0773,P0033,1,464.67,5,2026-03-04 22:01:32,upi
T000984,U0206,P0483,3,255.47,4,2026-04-05 10:40:49,debit_card
T000985,U0972,P0357,2,496.5,4,2026-02-24 09:53:11,upi
T000986,U0053,P0087,4,108.37,4,2026-03-11 17:56:31,upi
T000987,U0907,P0411,3,301.32,3,2026-03-03 18:52:07,upi
T000988,U0672,P0380,4,198.66,3,2026-04-04 23:02:50,paypal
T000989,U0996,P0227,1,180.95,2,2026-02-24 16:08:31,paypal
T000990,U0885,P0164,1,361.28,2,2026-02-21 00:51:22,paypal
T000991,U0248,P0227,4,93.13,1,2026-04-01 09:56:08,wallet
T000992,U0626,P0204,3,440.46,5,2026-02-22 12:06:56,credit_card
T000993,U0243,P0226,3,147.03,1,2026-03-22 19:06:49,credit_card
T000994,U0384,P0118,5,115.8,5,2026-03-08 14:40:10,wallet
T000995,U0194,P0096,5,69.22,4,2026-04-06 13:49:37,paypal
T000996,U1000,P0380,5,31.02,3,2026-01-23 17:17:02,debit_card
T000997,U0470,P0108,1,484.12,3,2026-01-31 12:48:24,credit_card
T000998,U0740,P0451,4,117.03,3,2026-01-23 11:26:26,credit_card
T000999,U0047,P0411,2,209.73,5,2026-02-18 19:24:16,upi
T001000,U0647,P0298,4,110.93,3,2026-03-11 17:00:47,
T001001,U0664,P0219,3,348.91,4,2026-03-16 01:21:34,debit_card
T001002,U0224,P0436,2,452.68,2,2026-04-03 22:32:56,upi
T001003,U0271,P0058,3,301.37,10,2026-04-20 20:57:20,paypal
T001004,U0838,P0418,1,36.15,1,2026-01-22 06:31:07,upi
T001005,U0447,P0023,4,404.06,1,2026-04-17 21:42:41,paypal
T001006,U0118,P0201,3,488.61,3,2026-04-05 16:48:07,upi
T001007,U0580,P0325,4,109.07,2,2026-02-19 00:47:27,upi
T001008,U0090,P0135,3,115.33,3,2026-03-18 23:51:31,paypal
T001009,U0277,P0362,4,268.77,2,2026-03-04 00:50:05,paypal
T001010,U0685,P0388,2,210.85,2,2026-03-20 01:03:20,upi
T001011,U0882,P0271,4,173.72,4,2026-01-27 17:30:30,credit_card
T001012,U0652,P0434,5,343.3,1,2026-02-09 21:50:05,debit_card
T001013,U0245,P0453,4,-10.5,2,2026-04-02 03:59:50,debit_card
T001014,U0193,P0252,4,134.24,5,2026-04-12 21:25:03,wallet
T001015,U0989,P0153,1,352.94,2,2026-02-20 18:08:23,upi
T001016,U0958,P0257,4,14.4,5,2026-01-21 17:48:50,wallet
T001017,U0068,P0389,1,317.7,4,2026-04-12 13:13:47,credit_card
T001018,U0908,P0016,4,140.99,4,2026-01-24 16:34:06,wallet
T001019,U0210,P0390,5,343.56,3,2026-03-17 19:19:47,paypal
T001020,U0525,P0497,2,404.71,2,2026-02-21 18:50:35,paypal
T001021,U0474,P0110,4,465.55,3,2026-04-14 10:22:02,credit_card
T001022,U0889,P0150,3,313.89,4,2026-02-12 18:43:00,credit_card
T001023,U0630,P0006,2,67.67,4,2026-03-31 18:25:28,debit_card
T001024,U0811,P0340,4,403.76,3,2026-02-20 03:00:40,upi
T001025,U0505,P0382,5,169.55,5,2026-03-25 09:43:13,paypal
T001026,U0274,P0456,1,279.9,5,2026-03-01 21:23:41,debit_card
T001027,U0025,P0103,2,-100.0,1,2026-03-20 22:48:14,paypal
T001028,,P0003,3,85.71,5,2026-04-09 01:58:09,credit_card
T001029,U0762,P0186,2,111.29,1,2026-02-05 22:06:07,wallet
T001030,U0675,P0319,4,196.74,2,2026-01-22 21:51:35,debit_card
T001031,U0933,P0126,3,426.35,4,2026-03-06 09:38:19,credit_card
T001032,U0251,P0016,4,302.65,6,2026-02-04 12:51:37,paypal
T001033,U0825,P0407,1,404.11,4,2026-02-15 05:56:50,credit_card
T001034,U0121,P0075,5,185.07,1,2026-04-01 11:52:56,credit_card
T001035,U0023,P0150,2,108.23,5,2026-02-06 01:25:09,upi
T001036,U0956,P0265,2,405.8,1,2026-02-27 19:14:11,credit_card
T001037,U0801,P0355,1,287.64,1,2026-03-05 10:49:30,wallet
T001038,U0295,P0363,4,116.58,5,2026-03-06 16:08:45,upi
T001039,U0615,P0229,2,297.59,5,2026-02-08 09:51:46,cheque
T001040,U0654,P0349,3,125.98,1,2026-03-08 03:04:54,wallet
T001041,U0161,P0249,2,431.19,2,2026-03-26 05:01:38,upi
T001042,U0955,P0141,2,297.57,1,2026-03-25 12:29:56,debit_card
T001043,U0892,P0186,3,326.8,4,2026-03-28 19:08:57,credit_card
T001044,U0345,P0464,3,299.96,2,2026-01-26 18:41:19,credit_card
T001045,U0589,P0217,5,170.89,3,2026-02-22 18:16:12,upi
T001046,U0397,P0053,3,17.3,3,2026-03-26 20:11:07,paypal
T001047,U0600,P0379,1,443.54,3,2026-01-23 18:35:01,wallet
T001048,U0140,P0336,3,151.17,3,2026-01-25 08:38:26,paypal
T001049,U0028,P0228,4,301.87,3,2026-03-05 12:49:36,wallet
T001050,U0715,P0410,2,190.45,3,2026-03-26 18:35:48,credit_card
T001051,U0880,P0032,5,380.75,2,2026-04-14 05:33:14,upi
T001052,U0450,P0398,3,157.01,4,2026-04-10 18:04:57,upi
T001053,U0279,P0191,5,438.2,3,2026-02-25 04:16:37,debit_card
T001054,U0223,P0264,4,82.71,3,2026-04-05 09:02:27,upi
T001055,U0611,P0241,5,28.88,4,2026-01-27 10:22:38,paypal
T001056,U0915,P0187,5,491.8,5,2026-02-28 20:43:24,upi
T001057,U0473,P0459,3,461.79,1,2026-03-16 15:31:25,debit_card
T001058,U0203,P0348,5,177.05,4,2026-04-14 17:47:19,credit_card
T001059,U0158,P0169,3,297.2,3,2026-01-23 06:08:39,upi
T001060,U0442,P0229,3,315.79,1,2026-03-09 10:57:49,credit_card
T001061,U0802,P0080,2,250.5,4,2026-03-11 13:07:24,debit_card
T001062,U0825,P0033,3,410.35,1,2026-04-18 22:51:02,debit_card
T001063,U0283,P0053,4,454.14,1,2026-01-27 12:20:31,paypal
T001064,U0984,P0187,3,282.29,-1,2026-03-06 12:56:55,wallet
T001065,U0987,P0173,3,462.58,2,2026-02-04 15:26:09,wallet
T001066,U0980,P0497,2,109.73,4,2026-04-19 15:05:44,upi
T001067,U0522,P0028,5,411.98,5,2026-03-06 00:16:59,paypal
T001068,U0823,P0381,5,54.91,5,2026-03-14 01:51:00,paypal
T001069,U0206,P0041,4,53.51,3,2026-04-17 17:10:06,wallet
T001070,U0329,P0393,2,-100.0,5,2026-03-19 21:13:44,debit_card
T001071,U0229,P0201,5,198.02,1,2026-04-08 08:49:54,credit_card
T001072,U0685,P0349,4,27.66,5,2026-03-27 18:25:46,wallet
T001073,U0359,P0331,1,489.96,1,2026-03-08 13:32:13,wallet
T001074,U0202,P0306,1,55.49,3,2026-02-15 06:18:23,credit_card
T001075,U0166,P0208,3,33.76,5,2026-04-20 06:54:45,debit_card
T001076,U0725,,5,222.38,4,2026-04-05 01:32:59,debit_card
T001077,U0932,P0002,2,276.24,4,2026-03-27 06:10:24,credit_card
T001078,U0574,P0273,5,113.51,3,2026-02-25 16:22:35,wallet
T001079,U0102,P0386,4,388.73,4,2026-03-12 09:02:46,paypal
T001080,U0902,P0432,2,372.18,5,2026-02-18 10:53:07,wallet
T001081,U0717,P0048,2,154.03,4,2026-03-16 10:38:06,upi
T001082,U0285,P0077,4,160.41,1,2026-02-21 16:51:39,wallet
T001083,U0199,P0393,2,383.2,5,2026-03-16 14:47:56,debit_card
T001084,U0453,P0305,3,263.96,5,2026-03-21 16:09:07,paypal
T001085,U0280,P0313,5,92.69,4,2026-03-28 16:14:00,credit_card
T001086,U0314,P0478,3,198.17,0,2026-02-16 20:43:04,wallet
T001087,U0721,P0172,2,55.01,3,2026-03-03 15:54:59,upi
T001088,U0319,P0335,2,106.03,3,2026-01-21 05:33:21,upi
T001089,U0812,P0407,5,381.91,5,2026-04-02 13:39:16,paypal
T001090,U0785,P0490,5,200.41,4,2026-04-15 18:54:33,credit_card
T001091,U0982,P0460,1,334.03,5,2026-02-12 05:03:52,wallet
T001092,U0801,P0405,2,129.07,2,2026-02-23 13:58:13,wallet
T001093,U0503,P0071,2,452.62,2,2026-03-20 07:33:55,debit_card
T001094,U0498,P0362,5,389.03,1,2026-03-10 02:20:30,debit_card
T001095,U0528,P0212,4,460.76,5,2026-03-02 18:03:01,wallet
T001096,U0251,P0027,3,395.74,3,2026-04-04 14:01:08,paypal
T001097,U0692,P0398,4,334.67,3,2026-03-19 18:17:32,upi
T001098,U0576,P0347,1,36.51,3,2026-03-04 02:26:35,debit_card
T001099,U0939,P0203,4,329.31,3,2026-04-11 09:18:02,wallet
T001100,U0271,P0110,4,458.59,2,2026-03-20 01:19:33,paypal
T001101,U0421,P0055,3,481.44,3,2026-02-13 09:08:59,paypal
T001102,U0182,P0022,1,153.0,1,2026-04-17 18:34:20,upi
T001103,U0454,P0129,4,360.53,3,2026-02-06 01:50:46,debit_card
T001104,U0334,,5,55.42,5,2026-03-05 23:56:06,credit_card
T001105,U0824,P0175,4,193.29,1,2026-02-19 08:08:53,paypal
T001106,U0901,P0437,5,166.56,5,2026-01-31 22:47:19,paypal
T001107,U0193,P0468,2,418.15,5,2026-03-25 17:19:23,upi
T001108,U0421,P0364,2,101.22,4,2026-04-15 21:31:09,credit_card
T001109,U0799,P0143,2,111.53,5,2026-02-01 00:03:24,upi
T001110,U0042,P0472,5,311.65,1,2026-03-23 01:34:24,credit_card
T001111,U0373,P0078,2,305.54,5,2026-02-23 12:43:39,upi
T001112,U0922,P0430,3,294.39,4,2026-03-07 22:30:20,wallet
T001113,U0022,P0171,2,241.81,2,2026-03-05 22:26:35,wallet
T001114,U0440,P0049,1,402.87,2,2026-03-01 18:20:34,debit_card
T001115,U0046,P0160,1,317.48,4,2026-03-07 04:29:47,debit_card
T001116,U0042,P0220,1,15.31,2,2026-02-06 03:57:32,upi
T001117,U0563,P0301,4,150.88,2,2026-03-19 04:00:48,paypal
T001118,U0458,P0123,2,,2,2026-01-30 22:11:40,debit_card
T001119,U0455,P0145,2,401.93,2,2026-03-13 15:28:23,upi
T001120,U0360,P0204,-1,96.01,2,2026-03-12 03:08:50,upi
T001121,,P0183,3,259.99,4,2026-02-07 09:07:19,upi
T001122,U0334,P0170,3,83.4,4,2026-02-06 01:58:16,debit_card
T001123,U0415,P0323,4,376.22,2,2026-03-19 11:26:07,credit_card
T001124,U0008,P0004,3,452.68,0,2026-03-31 17:44:48,credit_card
T001125,U0437,P0297,1,166.41,1,2026-01-29 06:28:28,credit_card
T001126,U0715,P0268,1,426.2,4,2026-04-18 21:48:09,debit_card
T001127,U0830,P0093,2,188.84,2,2026-04-03 08:21:38,debit_card
T001128,U0018,P0323,3,143.6,3,2026-04-04 11:38:20,credit_card
T001129,U0892,P0446,4,172.12,1,2026-03-17 21:10:42,paypal
T001130,U0193,P0075,1,356.07,2,2026-01-24 05:23:06,paypal
T001131,U0181,P0203,3,212.01,5,2026-03-03 22:52:03,paypal
T001132,U0757,P0057,5,22.03,1,2026-02-27 02:30:20,credit_card
T001133,U0331,P0364,3,276.74,1,2026-03-01 03:35:14,credit_card
T001134,U0622,P0114,2,149.37,3,2026-02-20 08:09:55,upi
T001135,U0208,P0392,2,13.19,4,2026-04-20 13:24:34,paypal
T001136,U0199,P0239,1,-10.5,5,2026-02-25 04:21:05,upi
T001137,U0790,P0135,2,230.91,4,2026-01-24 23:17:38,debit_card
T001138,U0099,P0403,4,15.25,3,2026-03-17 02:14:19,credit_card
T001139,U0839,P0095,3,354.84,5,2026-02-10 20:05:25,debit_card
T001140,U0884,P0109,5,374.98,1,2026-03-18 23:22:20,wallet
T001141,U0384,P0195,5,63.14,4,2026-04-07 16:10:54,paypal
T001142,U0038,P0182,5,56.25,2,2026-04-18 20:29:27,debit_card
T001143,U0032,P0391,1,,3,2026-03-07 21:28:08,credit_card
T001144,U0794,P0194,5,386.85,2,2026-02-20 23:40:57,credit_card
T001145,U0500,P0302,2,497.56,4,2026-02-25 23:25:55,upi
T001146,U0029,P0266,5,359.56,3,2026-02-27 01:34:17,upi
T001147,U0359,P0361,3,464.76,3,2026-02-08 12:09:44,wallet
T001148,U0208,P0477,3,238.87,4,2026-03-09 13:25:22,credit_card
T001149,U0591,P0134,4,98.16,1,2026-03-21 19:35:14,paypal
T001150,U0436,P0076,2,230.58,5,2026-04-14 05:49:46,upi
T001151,U0027,P0390,2,489.31,4,2026-01-28 04:24:56,wallet
T001152,U0447,P0263,1,372.36,10,2026-04-07 08:01:12,bitcoin
T001153,U0859,P0002,5,328.18,5,2026-02-24 20:49:03,credit_card
T001154,U0835,P0285,1,330.3,1,2026-01-26 07:08:50,debit_card
T001155,U0512,P0354,4,336.72,5,2026-01-23 12:33:03,wallet
T001156,U0473,P0239,4,427.06,1,2026-01-30 10:06:16,wallet
T001157,U0476,P0069,4,258.2,1,2026-02-02 20:30:15,paypal
T001158,U0438,P0332,5,455.29,3,2026-03-16 01:01:32,upi
T001159,U0461,P0104,3,481.26,3,2026-03-10 20:29:44,credit_card
T001160,U0608,P0419,2,83.16,3,2026-02-04 07:27:04,paypal
T001161,U0411,P0123,5,467.54,4,2026-02-25 19:19:12,wallet
T001162,U0179,P0181,1,33.87,3,2026-02-02 15:27:09,upi
T001163,U0765,P0137,5,213.87,4,2026-02-13 13:13:13,wallet
T001164,U0124,P0283,2,368.1,4,2026-03-24 09:32:39,wallet
T001165,U0461,P0484,3,254.57,5,2026-02-19 13:36:36,wallet
T001166,U0951,P0319,3,330.76,3,2026-02-16 19:33:11,debit_card
T001167,U0382,P0198,5,293.56,4,2026-02-04 06:27:37,paypal
T001168,U0149,P0396,1,422.75,5,2026-02-14 02:14:31,bitcoin
T001169,U0914,P0131,4,323.8,1,2026-02-08 13:53:27,upi
T001170,U0115,P0296,1,288.61,5,2026-04-03 06:53:12,debit_card
T001171,U0379,P0123,1,114.31,1,2026-02-20 20:12:39,upi
T001172,U0571,P0111,1,167.26,-1,2026-03-28 04:49:40,wallet
T001173,U0817,P0378,4,193.22,2,2026-03-03 12:04:08,debit_card
T001174,U0434,P0354,2,36.1,5,2026-04-16 10:04:36,wallet
T001175,U0980,P0252,3,245.23,1,2026-02-03 06:46:58,wallet
T001176,U0162,P0207,5,428.7,5,2026-02-14 10:34:21,cheque
T001177,U0126,P0232,2,289.59,2,2026-02-05 05:00:15,wallet
T001178,U0227,P0043,4,325.95,5,2026-03-16 12:13:13,credit_card
T001179,U0813,P0126,5,329.0,4,2026-03-08 23:27:12,credit_card
T001180,U0324,P0167,0,349.43,4,2026-03-22 20:28:53,credit_card
T001181,U0470,P0154,2,46.34,2,2026-04-15 10:58:07,debit_card
T001182,U0310,P0329,3,111.13,2,2026-03-25 02:47:05,credit_card
T001183,U0707,P0170,4,0.0,5,2026-02-07 16:43:38,debit_card
T001184,U0052,P0317,3,262.63,2,2026-03-09 21:32:12,paypal
T001185,U0462,P0330,3,495.99,2,2026-04-08 09:20:30,debit_card
T001186,U0205,P0296,1,209.4,4,2026-03-19 00:10:24,wallet
T001187,U0550,P0162,3,18.12,5,2026-02-23 08:17:42,wallet
T001188,U0659,P0469,3,140.35,1,2026-01-27 02:27:21,credit_card
T001189,U0308,P0075,4,391.97,5,2026-03-21 09:28:56,wallet
T001190,U0198,P0179,3,422.33,2,2026-02-03 00:03:03,credit_card
T001191,U0872,P0269,1,,5,2026-03-14 22:15:23,wallet
T001192,U0657,P0059,2,480.1,5,2026-02-20 13:27:38,unknown
T001193,U0995,P0489,3,112.97,3,2026-03-25 23:05:20,credit_card
T001194,U0104,P0046,3,361.15,1,2026-02-13 10:54:24,upi
T001195,U0379,P0203,1,325.08,4,2026-02-25 05:52:31,upi
T001196,U0192,P0155,3,455.21,3,2026-03-14 05:55:21,credit_card
T001197,U0934,P0092,1,416.96,3,2026-04-20 09:07:34,upi
T001198,U0638,P0364,2,80.6,2,2026-04-02 10:21:28,credit_card
T001199,U0502,P0429,1,377.87,2,2026-04-15 10:44:39,debit_card
T001200,U0283,P0198,4,457.4,5,2026-03-04 09:26:12,upi
T001201,U0702,P0026,1,214.39,0,2026-04-03 19:07:56,credit_card
T001202,U0053,P0227,5,497.65,3,2026-02-02 14:14:33,debit_card
T001203,U0346,P0069,1,137.28,1,2026-02-11 00:00:59,debit_card
T001204,U0170,P0150,1,248.93,4,2026-01-28 13:56:36,wallet
T001205,U0043,P0464,5,175.34,3,2026-04-15 03:07:38,wallet
T001206,U0750,P0489,3,142.21,2,2026-02-16 07:10:28,upi
T001207,U0402,P0185,1,78.83,3,2026-04-06 02:27:06,paypal
T001208,U0927,P0221,3,280.44,4,2026-04-12 22:18:17,credit_card
T001209,U0683,P0192,4,278.91,5,2026-01-27 11:59:08,debit_card
T001210,U0756,P0412,3,300.4,2,2026-01-30 21:17:43,credit_card
T001211,U0659,P0352,1,328.7,2,2026-04-03 21:13:21,unknown
T001212,U0277,P0258,1,152.19,3,2026-01-20 03:03:41,debit_card
T001213,U0836,P0263,3,349.75,4,2026-04-03 21:09:23,debit_card
T001214,U0595,P0062,3,428.81,4,2026-03-02 05:36:03,credit_card
T001215,U0928,P0062,2,412.19,1,2026-02-02 16:23:31,paypal
T001216,U0912,P0022,2,35.3,5,2026-04-12 11:01:18,paypal
T001217,U0447,P0317,5,261.61,5,2026-03-11 14:40:54,paypal
T001218,U0640,P0153,5,46.31,5,2026-02-07 16:52:12,debit_card
T001219,U0963,P0410,5,71.07,4,2026-03-19 11:54:13,wallet
T001220,U0975,P0053,4,162.96,3,2026-04-18 23:16:29,wallet
T001221,U0127,P0466,3,103.78,2,2026-02-03 20:22:47,credit_card
T001222,U0914,P0049,1,103.44,5,2026-03-01 05:00:08,debit_card
T001223,U0105,P0184,4,416.12,5,2026-02-10 08:35:09,paypal
T001224,U0188,P0279,3,467.7,1,2026-02-05 05:22:19,paypal
T001225,U0405,P0090,4,243.54,1,2026-04-10 08:50:10,debit_card
T001226,U0011,P0072,3,130.98,3,2026-02-09 08:48:05,wallet
T001227,U0435,P0226,1,408.64,4,2026-03-10 01:04:44,paypal
T001228,U0792,P0069,5,460.17,2,2026-04-13 23:06:02,wallet
T001229,U0770,P0275,4,323.5,4,2026-04-20 14:23:11,upi
T001230,U0310,P0027,5,353.39,4,2026-03-23 04:52:55,credit_card
T001231,U0041,P0230,0,97.45,3,2026-04-18 01:53:04,credit_card
T001232,U0247,P0427,2,352.49,3,2026-01-29 00:40:47,wallet
T001233,U0732,P0442,4,483.6,2,2026-02-25 16:49:08,debit_card
T001234,U0353,P0142,2,221.81,3,2026-01-28 15:54:21,wallet
T001235,U0607,P0344,2,,4,2026-03-16 08:31:02,wallet
T001236,U0565,P0164,2,117.57,1,2026-03-31 06:09:45,wallet
T001237,U0591,P0098,4,327.57,2,2026-03-19 19:59:55,upi
T001238,U0529,P0011,4,443.47,1,2026-02-24 06:34:37,debit_card
T001239,U0361,P0463,4,388.9,2,2026-01-30 18:58:16,wallet
T001240,U0617,P0189,5,125.28,1,2026-03-15 21:03:57,wallet
T001241,U0192,P0346,1,-100.0,3,2026-02-20 11:22:34,upi
T001242,U0738,P0030,3,13.35,4,2026-04-13 00:07:12,upi
T001243,U0491,P0192,1,364.37,5,2026-02-27 20:37:11,paypal
T001244,U0675,P0296,5,309.86,4,2026-02-14 12:36:56,upi
T001245,U0387,P0259,4,355.13,4,2026-02-05 02:34:25,debit_card
T001246,,P0479,1,407.81,5,2026-03-06 02:39:22,wallet
T001247,U0800,P0422,3,280.7,3,2026-02-24 06:14:14,debit_card
T001248,U0922,P0190,5,173.08,1,2026-02-14 06:52:43,credit_card
T001249,U0761,P0168,5,42.99,3,2026-02-01 21:11:02,upi
T001250,U0214,P0338,3,-10.5,1,2026-01-23 21:43:24,upi
T001251,U0510,P0159,3,62.55,2,2026-03-15 08:21:05,upi
T001252,U0775,P0183,5,14.81,3,2026-01-23 09:10:05,credit_card
T001253,U0504,P0122,4,442.62,2,2026-02-07 08:38:17,paypal
T001254,,P0215,4,423.21,4,2026-01-25 07:14:06,debit_card
T001255,U0222,P0325,5,64.9,5,2026-01-30 16:04:08,credit_card
T001256,U0909,P0406,5,409.84,5,2026-02-18 12:51:48,paypal
T001257,U0691,P0227,3,439.89,1,2026-01-29 05:52:12,upi
T001258,U0768,P0163,5,217.32,4,2026-02-16 02:33:38,credit_card
T001259,U0314,P0311,2,126.92,1,2026-01-22 19:28:48,wallet
T001260,U0413,P0083,2,36.38,4,2026-03-03 21:10:13,paypal
T001261,U0690,P0426,1,23.11,5,2026-02-01 18:32:52,credit_card
T001262,U0250,P0361,4,155.94,3,2026-01-31 01:21:46,credit_card
T001263,U0133,P0035,5,85.0,1,2026-04-20 09:12:18,credit_card
T001264,U0558,P0045,4,32.32,5,2026-02-22 15:23:18,credit_card
T001265,U0435,P0325,5,240.59,4,2026-04-12 23:01:21,debit_card
T001266,U0189,P0389,1,147.96,5,2026-04-03 17:24:44,credit_card
T001267,U0215,P0341,2,481.7,3,2026-02-13 23:27:20,paypal
T001268,U0681,P0254,3,114.39,10,2026-02-28 11:07:14,debit_card
T001269,U0107,P0023,4,187.0,1,2026-01-22 10:42:45,upi
T001270,U0002,P0034,1,318.21,1,2026-02-14 04:26:25,cash
T001271,U0345,P0188,3,480.42,4,2026-04-03 11:02:55,debit_card
T001272,U0049,P0370,4,382.32,2,2026-04-17 04:39:24,debit_card
T001273,U0612,P0492,3,-10.5,4,2026-02-05 23:55:05,credit_card
T001274,U0501,P0194,1,358.28,5,2026-04-01 21:11:31,wallet
T001275,U0509,P0367,5,454.05,4,2026-03-23 15:25:11,upi
T001276,U0754,P0225,3,433.74,2,2026-03-25 17:29:24,upi
T001277,U0673,P0040,2,397.02,5,2026-03-29 03:03:33,wallet
T001278,U0995,P0294,2,311.21,2,2026-01-25 10:06:43,wallet
T001279,U0488,P0116,1,144.71,1,2026-04-05 09:12:29,paypal
T001280,U0350,P0379,5,210.85,5,2026-01-30 23:29:27,upi
T001281,,P0371,2,147.47,5,2026-04-01 01:06:53,upi
T001282,U0985,P0499,5,332.09,3,2026-04-16 01:27:29,debit_card
T001283,U0642,P0325,1,180.44,4,2026-03-01 18:34:06,paypal
T001284,U0635,P0099,5,61.96,5,2026-04-11 11:50:36,debit_card
T001285,U0678,P0201,2,26.15,3,2026-02-28 21:52:47,debit_card
T001286,U0786,P0121,5,99.52,1,2026-04-16 20:31:04,paypal
T001287,U0258,P0016,4,121.67,3,2026-03-14 16:36:20,credit_card
T001288,U0144,P0028,4,482.13,1,2026-03-06 07:10:49,upi
T001289,U0573,P0337,3,101.1,3,2026-03-06 23:37:30,paypal
T001290,U0737,P0173,2,340.15,3,2026-02-25 01:18:40,upi
T001291,U0778,P0481,5,357.02,4,2026-03-19 17:02:19,wallet
T001292,U0896,P0270,5,0.0,5,2026-02-10 23:27:35,debit_card
T001293,U0999,P0499,1,383.52,1,2026-01-24 16:35:07,debit_card
T001294,U0696,P0342,1,463.53,1,2026-04-09 11:17:58,upi
T001295,U0779,P0497,1,493.71,2,2026-02-26 14:39:20,credit_card
T001296,U0705,P0228,3,337.65,5,2026-04-18 00:34:07,paypal
T001297,U0098,P0483,1,476.76,3,2026-03-31 15:33:56,upi
T001298,U0496,P0042,5,215.03,3,2026-02-08 15:46:47,debit_card
T001299,U0789,,3,413.63,4,2026-01-27 09:25:16,wallet
T001300,U0562,P0213,4,50.26,1,2026-02-04 18:16:48,upi
T001301,U0478,P0399,1,123.16,2,2026-03-02 16:51:58,credit_card
T001302,U0710,P0147,3,119.82,1,2026-03-20 08:53:37,debit_card
T001303,U0316,P0431,4,333.11,5,2026-04-02 22:20:21,upi
T001304,U0674,P0457,3,304.35,1,2026-02-16 23:16:06,credit_card
T001305,U0268,P0409,2,261.58,1,2026-03-20 16:06:14,wallet
T001306,U0610,P0450,5,467.41,5,2026-02-07 09:30:25,upi
T001307,U0862,P0294,2,148.98,1,2026-02-25 19:12:06,credit_card
T001308,U0108,P0476,2,39.0,5,2026-03-15 10:30:02,debit_card
T001309,U0140,P0127,1,408.9,3,2026-04-18 13:47:50,paypal
T001310,U0100,P0262,1,91.37,3,2026-04-06 02:56:14,upi
T001311,U0059,P0012,2,142.9,4,2026-02-23 07:12:07,
T001312,U0363,P0455,4,,4,2026-02-26 01:01:53,paypal
T001313,U0216,P0195,2,164.45,2,2026-02-15 04:29:43,credit_card
T001314,U0842,P0173,3,63.52,1,2026-02-03 21:32:57,credit_card
T001315,U0656,P0071,1,195.8,4,2026-02-02 09:01:25,upi
T001316,U0666,P0299,2,35.85,1,2026-03-07 04:40:55,debit_card
T001317,U0078,P0346,3,139.74,4,2026-03-17 23:48:39,debit_card
T001318,U0767,P0387,3,409.99,5,2026-02-22 04:57:17,paypal
T001319,U0794,P0218,1,70.61,4,2026-02-02 11:23:02,wallet
T001320,U0585,P0367,5,162.43,2,2026-03-13 03:06:16,wallet
T001321,U0282,P0436,3,164.15,4,2026-03-01 19:29:24,debit_card
T001322,U0412,P0272,2,362.72,5,2026-03-08 02:11:07,wallet
T001323,U0110,P0139,5,294.46,3,2026-01-24 06:39:42,debit_card
T001324,U0137,P0100,3,282.03,5,2026-02-18 12:39:48,wallet
T001325,U0058,P0356,2,475.01,3,2026-04-12 06:14:25,wallet
T001326,U0531,P0016,3,23.73,4,2026-03-01 01:39:33,upi
T001327,U0734,P0341,5,53.13,4,2026-02-16 13:07:59,paypal
T001328,U0808,P0405,3,456.91,3,2026-02-12 10:12:45,upi
T001329,U0505,P0251,4,134.02,3,2026-04-02 14:13:06,paypal
T001330,U0814,P0301,2,26.62,4,2026-02-25 01:55:29,credit_card
T001331,U0446,P0005,4,288.47,5,2026-02-06 14:12:20,paypal
T001332,U0560,P0223,2,480.54,4,2026-03-07 13:17:22,debit_card
T001333,U0509,P0237,5,121.66,5,2026-03-06 23:43:24,paypal
T001334,U0669,P0412,4,20.14,1,2026-02-06 04:24:56,credit_card
T001335,U0908,P0434,3,21.94,2,2026-03-07 09:13:18,paypal
T001336,U0749,P0102,5,223.18,1,2026-03-16 02:12:02,wallet
T001337,U0854,P0315,2,79.25,3,2026-03-20 01:07:53,upi
T001338,U0578,P0074,4,476.58,3,2026-04-15 03:47:31,upi
T001339,U0304,P0104,1,345.96,1,2026-02-16 04:47:41,paypal
T001340,U0061,P0333,2,377.26,5,2026-02-27 08:58:32,wallet
T001341,U0521,P0479,5,136.74,3,2026-02-08 16:44:43,wallet
T001342,U0587,P0184,2,345.98,2,2026-03-15 03:18:22,upi
T001343,U0606,P0467,3,289.26,3,2026-03-04 11:09:06,wallet
T001344,U0716,P0384,3,358.51,3,2026-03-19 18:27:43,credit_card
T001345,U0178,P0230,2,365.57,4,2026-04-20 10:28:55,debit_card
T001346,U0450,P0374,1,269.25,2,2026-02-07 10:11:21,credit_card
T001347,U0166,P0110,5,482.85,4,2026-04-15 04:42:33,upi
T001348,U0397,P0053,4,210.24,3,2026-04-20 01:06:24,paypal
T001349,U0042,P0143,4,174.81,3,2026-02-01 02:56:26,debit_card
T001350,U0566,P0194,2,257.27,1,2026-01-22 12:45:03,credit_card
T001351,U0961,P0070,2,270.63,5,2026-02-09 01:22:42,upi
T001352,U0794,P0333,3,342.79,3,2026-04-05 12:58:48,debit_card
T001353,U0813,P0485,5,488.88,2,2026-03-17 15:17:30,upi
T001354,U0494,P0407,3,99.45,5,2026-02-15 11:35:26,paypal
T001355,U0223,P0467,2,411.76,4,2026-02-13 04:50:57,upi
T001356,U0533,P0494,2,307.88,5,2026-02-12 02:54:21,paypal
T001357,U0123,P0022,1,77.6,1,2026-03-23 16:03:25,debit_card
T001358,U0070,P0132,2,448.08,3,2026-04-19 19:00:09,upi
T001359,U0980,P0450,5,336.58,4,2026-03-04 07:53:07,upi
T001360,U0070,P0185,3,243.44,1,2026-01-23 12:57:54,debit_card
T001361,U0005,P0287,5,284.12,1,2026-04-01 16:29:58,debit_card
T001362,U0032,P0341,5,494.19,1,2026-03-21 22:40:18,debit_card
T001363,U0862,P0120,4,230.15,2,2026-02-02 04:44:22,wallet
T001364,U0488,P0099,3,471.26,3,2026-03-27 12:22:29,credit_card
T001365,U0916,P0393,2,345.34,4,2026-04-15 13:35:05,wallet
T001366,U0655,P0425,1,267.49,4,2026-03-30 00:40:29,credit_card
T001367,U0623,P0031,4,83.86,1,2026-04-01 23:51:19,cash
T001368,U0088,P0447,2,472.45,1,2026-03-27 21:16:31,paypal
T001369,U0356,P0093,2,302.14,3,2026-04-02 15:03:21,credit_card
T001370,U0135,P0121,2,46.94,3,2026-04-09 22:42:47,wallet
T001371,U0739,,3,66.34,3,2026-03-18 22:36:42,credit_card
T001372,U0203,P0086,2,16.74,5,2026-03-28 19:36:12,credit_card
T001373,U0814,P0223,1,444.13,3,2026-01-28 16:55:29,paypal
T001374,U0013,P0087,3,69.66,2,2026-01-23 01:42:50,upi
T001375,U0526,P0321,5,217.37,3,2026-03-27 17:38:36,paypal
T001376,U0349,P0350,5,175.66,1,2026-04-05 12:20:04,wallet
T001377,U0772,P0050,3,174.28,3,2026-04-09 15:56:15,debit_card
T001378,U0923,P0128,4,212.03,3,2026-04-16 14:19:16,debit_card
T001379,U0457,P0092,5,220.33,3,2026-02-02 19:40:02,credit_card
T001380,U0295,P0393,2,29.29,2,2026-04-13 20:09:00,paypal
T001381,U0784,P0340,3,457.52,3,2026-03-12 05:19:27,credit_card
T001382,U0499,P0449,4,137.79,2,2026-02-26 22:01:08,debit_card
T001383,U0879,P0294,3,62.24,4,2026-03-18 09:20:08,credit_card
T001384,U0453,P0285,5,339.29,4,2026-04-02 18:35:44,paypal
T001385,U0546,P0162,4,142.66,1,2026-01-31 01:59:16,upi
T001386,U0662,P0416,4,234.29,2,2026-03-15 10:32:51,credit_card
T001387,U0517,P0230,5,125.71,5,2026-03-18 19:35:13,wallet
T001388,U0915,P0163,2,232.71,1,2026-01-29 05:49:45,paypal
T001389,U0589,P0109,1,221.27,3,2026-03-06 21:45:33,wallet
T001390,U0151,P0475,3,491.27,4,2026-03-30 00:31:52,paypal
T001391,U0451,P0002,3,29.25,5,2026-02-14 14:09:44,paypal
T001392,U0070,P0411,5,420.62,3,2026-03-11 21:06:49,debit_card
T001393,U0443,P0461,5,78.39,1,2026-02-17 05:47:25,upi
T001394,U0976,P0107,3,0.0,1,2026-02-07 13:15:37,upi
T001395,U0913,P0248,2,494.61,2,2026-02-20 00:10:36,credit_card
T001396,U0566,P0400,3,234.34,5,2026-04-03 12:42:14,wallet
T001397,U0118,P0189,2,79.51,3,2026-02-12 12:23:39,upi
T001398,U0390,P0011,1,294.36,1,2026-03-03 17:52:50,wallet
T001399,U0218,P0209,5,32.63,2,2026-01-23 07:21:40,paypal
T001400,U0075,P0421,2,412.69,4,2026-03-04 23:49:12,debit_card
T001401,U0129,P0302,5,168.36,5,2026-02-23 22:26:50,wallet
T001402,U0880,P0228,4,410.02,1,2026-03-24 01:35:02,upi
T001403,U0046,P0013,4,143.45,4,2026-02-01 10:07:17,debit_card
T001404,U0254,P0447,4,25.38,1,2026-02-24 21:31:36,credit_card
T001405,U0748,P0445,4,496.0,3,2026-02-14 14:06:32,wallet
T001406,U0449,P0043,4,126.8,4,2026-03-16 06:47:19,credit_card
T001407,U0929,P0184,0,356.86,3,2026-01-20 11:50:02,paypal
T001408,U0996,P0192,5,224.19,1,2026-03-28 05:26:01,paypal
T001409,U0779,P0277,4,160.73,3,2026-02-10 17:48:18,wallet
T001410,U0371,P0452,2,317.61,3,2026-02-02 22:00:14,wallet
T001411,U0513,P0241,2,214.95,3,2026-04-17 20:49:27,debit_card
T001412,U0085,P0325,2,76.81,2,2026-04-03 21:18:27,wallet
T001413,U0919,P0431,2,70.11,5,2026-01-23 00:31:14,upi
T001414,U0716,P0421,1,113.69,2,2026-04-14 00:14:40,paypal
T001415,U0736,P0140,5,136.7,3,2026-03-14 16:30:25,upi
T001416,U0073,P0187,3,64.13,4,2026-04-13 13:49:50,upi
T001417,U0008,P0152,3,214.67,5,2026-02-18 20:59:53,credit_card
T001418,U0914,P0051,4,345.95,3,2026-03-08 16:01:34,upi
T001419,U0504,P0472,4,378.4,4,2026-03-08 17:15:06,upi
T001420,U0395,P0206,3,245.52,4,2026-01-25 20:28:00,paypal
T001421,U0129,P0005,5,338.89,3,2026-04-12 05:05:07,wallet
T001422,U0447,P0160,3,441.43,2,2026-01-29 17:52:37,paypal
T001423,U0064,P0148,5,315.37,5,2026-03-24 19:16:05,debit_card
T001424,U0608,P0286,5,248.95,2,2026-03-20 13:07:43,paypal
T001425,U0759,P0142,2,91.64,4,2026-01-29 20:10:15,paypal
T001426,U0709,P0021,4,446.3,2,2026-04-06 19:31:22,upi
T001427,U0803,P0348,2,326.22,4,2026-04-17 10:02:07,credit_card
T001428,U0064,P0195,4,78.45,4,2026-03-16 07:21:38,wallet
T001429,U0039,P0126,2,402.05,0,2026-02-21 08:59:57,credit_card
T001430,U0199,P0046,5,351.19,5,2026-02-19 08:48:15,credit_card
T001431,U0919,P0041,1,461.67,5,2026-02-22 00:46:51,upi
T001432,U0363,P0129,5,270.57,3,2026-03-27 18:08:13,paypal
T001433,U0381,P0069,3,184.18,5,2026-03-11 03:47:56,paypal
T001434,U0077,P0142,2,-10.5,4,2026-02-21 12:36:48,upi
T001435,U0725,,5,113.45,1,2026-03-18 20:49:16,wallet
T001436,U0205,P0333,5,233.58,1,2026-04-14 08:47:38,paypal
T001437,U0358,P0497,4,478.07,5,2026-03-16 09:00:32,debit_card
T001438,U0828,P0431,5,358.9,5,2026-03-06 19:33:31,upi
T001439,U0681,P0129,1,237.35,5,2026-02-07 11:54:23,upi
T001440,U0926,P0024,1,304.0,5,2026-02-03 15:44:04,debit_card
T001441,U0271,P0441,4,467.79,3,2026-04-11 17:07:52,upi
T001442,U0721,P0486,2,300.04,10,2026-04-17 19:32:23,paypal
T001443,U0141,P0221,5,431.4,1,2026-03-23 21:28:33,upi
T001444,,P0223,4,286.65,5,2026-01-26 03:17:36,credit_card
T001445,U0135,P0336,4,408.46,5,2026-01-27 22:34:44,paypal
T001446,U0877,P0369,2,419.98,2,2026-03-30 16:32:12,debit_card
T001447,U0104,P0469,2,70.86,3,2026-04-11 02:44:20,wallet
T001448,U0043,P0325,3,450.53,4,2026-02-10 11:05:43,paypal
T001449,U0428,P0353,2,83.75,1,2026-03-11 12:15:16,upi
T001450,U0418,P0112,2,304.8,3,2026-01-24 19:00:09,debit_card
T001451,U0295,P0097,2,197.8,3,2026-02-19 19:36:17,credit_card
T001452,U0978,P0142,1,125.16,4,2026-03-01 11:24:33,cheque
T001453,U0775,P0270,3,42.12,3,2026-02-09 02:13:53,debit_card
T001454,U0906,P0145,5,155.79,3,2026-01-26 17:45:44,paypal
T001455,U0378,P0008,5,114.06,2,2026-02-12 18:46:06,credit_card
T001456,U0876,P0300,5,307.97,4,2026-01-23 05:05:12,paypal
T001457,U0277,P0003,3,464.66,2,2026-01-31 00:52:32,wallet
T001458,U0013,P0240,4,57.13,5,2026-02-11 08:34:41,paypal
T001459,U0720,P0354,2,469.96,2,2026-03-23 17:17:01,debit_card
T001460,U0502,P0224,3,178.14,4,2026-03-11 02:21:42,upi
T001461,U0131,P0228,3,243.15,2,2026-03-04 11:40:07,paypal
T001462,U0571,P0475,1,151.17,1,2026-02-12 14:11:10,upi
T001463,U0439,P0055,3,446.74,2,2026-04-04 07:54:23,wallet
T001464,U0763,P0446,2,307.54,2,2026-03-20 01:51:25,debit_card
T001465,U0985,P0036,3,38.85,8,2026-02-15 09:16:21,debit_card
T001466,U0652,P0128,5,34.76,2,2026-03-21 22:31:38,wallet
T001467,U0996,P0314,3,257.08,3,2026-03-18 17:13:37,debit_card
T001468,U0221,P0361,5,44.24,2,2026-04-07 21:58:44,credit_card
T001469,U0227,P0231,1,347.44,1,2026-02-07 16:04:41,paypal
T001470,U0614,P0125,5,351.44,3,2026-03-01 16:49:09,credit_card
T001471,U0972,P0148,2,51.3,1,2026-03-14 06:48:26,debit_card
T001472,U0035,P0427,4,429.62,3,2026-04-06 03:14:04,credit_card
T001473,U0004,P0368,3,418.74,2,2026-03-11 09:08:43,debit_card
T001474,U0402,P0137,3,132.98,2,2026-04-02 15:14:00,wallet
T001475,U0096,P0130,2,86.59,1,2026-04-10 02:03:09,upi
T001476,U0645,P0077,2,460.73,4,2026-03-11 18:12:45,debit_card
T001477,U0327,P0081,4,259.22,5,2026-03-18 19:51:22,paypal
T001478,U0685,P0247,1,37.63,2,2026-02-13 19:40:32,paypal
T001479,U0224,P0021,-1,31.36,1,2026-01-27 15:24:02,debit_card
T001480,U0650,P0500,2,177.63,4,2026-04-12 17:19:29,cheque
T001481,U0906,P0170,-1,207.22,5,2026-03-13 04:23:26,upi
T001482,U0170,P0284,3,482.32,1,2026-02-19 10:31:58,paypal
T001483,U0823,P0216,2,117.91,3,2026-03-09 12:52:41,upi
T001484,U0877,P0443,5,149.67,1,2026-03-03 10:48:07,upi
T001485,U0753,P0103,3,,3,2026-03-24 07:25:40,paypal
T001486,U0997,P0388,1,410.64,5,2026-03-07 03:56:25,upi
T001487,U0406,P0292,4,185.9,5,2026-03-07 21:06:50,upi
T001488,U0336,P0405,4,16.18,2,2026-04-20 07:58:15,upi
T001489,U0762,P0162,2,99.35,4,2026-02-23 18:46:51,paypal
T001490,U0653,P0072,1,14.27,2,2026-02-12 04:39:21,paypal
T001491,U0095,P0375,3,175.87,4,2026-04-05 23:04:46,paypal
T001492,U0860,P0369,2,232.05,2,2026-02-18 17:38:47,upi
T001493,U0424,P0024,3,44.34,2,2026-03-15 11:10:24,debit_card
T001494,U0059,P0095,5,424.66,1,2026-03-30 02:49:15,debit_card
T001495,U0810,P0250,2,97.68,5,2026-02-07 04:26:12,credit_card
T001496,U0635,P0399,2,187.23,2,2026-02-28 06:55:28,wallet
T001497,U0157,P0086,5,322.6,1,2026-01-31 11:07:37,wallet
T001498,U0404,P0460,2,282.93,1,2026-03-19 15:44:50,wallet
T001499,U0830,P0169,2,305.69,5,2026-03-20 19:36:21,debit_card
T001500,U0676,P0337,3,378.25,-1,2026-03-19 22:42:29,credit_card
T001501,U0052,P0487,4,257.83,3,2026-02-27 14:32:09,upi
T001502,U0402,P0194,5,161.22,5,2026-02-17 15:42:28,credit_card
T001503,U0697,P0496,5,320.55,2,2026-03-27 14:52:19,wallet
T001504,U0163,P0450,3,453.66,1,2026-03-28 11:54:17,paypal
T001505,U0594,P0093,3,395.69,4,2026-02-10 20:47:04,upi
T001506,U0812,P0095,4,196.36,2,2026-02-15 05:11:50,paypal
T001507,U0459,P0377,2,249.04,3,2026-03-13 19:40:17,wallet
T001508,U0729,P0085,4,480.86,3,2026-03-20 06:26:18,debit_card
T001509,,P0345,2,134.12,3,2026-03-16 15:09:10,upi
T001510,U0108,P0024,3,59.06,3,2026-04-06 14:03:57,credit_card
T001511,U0560,P0025,4,436.34,4,2026-02-10 18:16:58,wallet
T001512,U0396,P0388,5,350.74,4,2026-04-08 06:10:04,paypal
T001513,U0996,P0129,5,448.13,3,2026-01-22 08:56:58,wallet
T001514,U0369,P0043,5,478.97,5,2026-04-20 11:47:48,upi
T001515,U0820,,2,336.94,3,2026-01-26 20:26:29,wallet
T001516,U0234,P0357,2,,5,2026-02-20 19:49:22,credit_card
T001517,U0125,P0203,5,373.19,3,2026-03-21 15:19:18,wallet
T001518,U0070,P0412,2,326.25,2,2026-03-24 17:58:47,wallet
T001519,U0993,P0402,2,319.5,5,2026-03-31 00:05:09,credit_card
T001520,U0795,P0345,2,88.37,1,2026-01-29 14:02:15,debit_card
T001521,U0099,P0257,3,98.39,1,2026-04-10 05:34:51,debit_card
T001522,U0594,P0051,3,84.43,1,2026-02-13 08:49:27,upi
T001523,U0653,P0390,2,342.66,3,2026-01-20 21:36:50,wallet
T001524,U0182,P0041,2,247.67,0,2026-02-20 04:26:56,wallet
T001525,U0610,P0469,4,247.11,1,2026-02-03 06:39:37,wallet
T001526,U0357,P0310,1,449.81,2,2026-02-01 16:37:14,upi
T001527,U0651,P0164,4,452.98,1,2026-01-20 00:12:27,credit_card
T001528,U0672,P0298,1,476.1,4,2026-03-04 07:44:21,debit_card
T001529,U0962,P0151,3,269.5,3,2026-02-16 18:34:47,upi
T001530,U0117,P0191,1,163.18,4,2026-02-27 15:51:03,wallet
T001531,U0119,P0059,4,488.42,1,2026-04-18 20:06:50,upi
T001532,U0012,P0069,4,,2,2026-01-24 09:15:59,credit_card
T001533,U0048,P0320,2,331.83,5,2026-01-21 19:51:15,debit_card
T001534,U0290,P0322,5,324.34,2,2026-02-15 06:06:24,credit_card
T001535,U0390,P0342,1,22.25,5,2026-04-20 07:49:00,debit_card
T001536,U0272,P0358,1,277.73,2,2026-04-17 12:45:14,debit_card
T001537,U0729,P0231,4,88.49,2,2026-04-13 01:33:47,debit_card
T001538,U0091,P0113,1,58.38,4,2026-04-02 12:36:33,paypal
T001539,U0170,P0271,2,92.06,4,2026-03-24 00:58:02,credit_card
T001540,U0768,P0388,1,206.44,5,2026-02-03 04:06:43,upi
T001541,U0946,P0240,5,211.6,2,2026-04-06 00:15:25,debit_card
T001542,U0328,P0050,3,102.51,4,2026-02-21 06:09:48,upi
T001543,U0454,P0120,1,93.61,1,2026-04-08 20:52:33,paypal
T001544,U0086,P0248,3,112.27,1,2026-02-25 00:26:03,paypal
T001545,U0811,P0102,0,308.08,3,2026-01-29 02:12:29,paypal
T001546,U0029,P0230,3,399.73,1,2026-03-28 09:26:47,wallet
T001547,U0328,P0084,5,,4,2026-03-18 02:16:03,debit_card
T001548,U0801,,5,132.75,4,2026-04-08 17:55:05,credit_card
T001549,U0752,P0004,5,330.97,2,2026-01-23 23:40:50,upi
T001550,U0403,P0140,3,417.08,3,2026-03-26 08:27:27,paypal
T001551,U0336,P0368,1,51.26,7,2026-03-17 06:04:48,upi
T001552,U0657,P0305,4,128.76,2,2026-03-31 06:49:22,wallet
T001553,U0027,P0061,5,454.81,2,2026-01-21 13:08:37,credit_card
T001554,U0093,P0385,2,40.97,2,2026-02-21 01:00:29,upi
T001555,U0917,P0101,4,-10.5,1,2026-04-09 21:43:09,credit_card
T001556,U0373,P0016,2,158.4,4,2026-03-01 02:20:16,credit_card
T001557,,P0241,3,429.37,4,2026-01-29 03:13:48,upi
T001558,U0051,P0343,4,143.04,3,2026-03-17 20:38:03,upi
T001559,U0935,P0262,5,208.71,2,2026-04-10 23:56:01,credit_card
T001560,U0168,P0458,0,416.43,4,2026-04-14 21:59:49,credit_card
T001561,U0316,P0325,3,276.08,1,2026-02-20 19:44:54,wallet
T001562,U0124,P0296,1,457.82,1,2026-02-24 12:12:24,upi
T001563,U0512,P0408,4,237.71,4,2026-01-29 21:16:47,paypal
T001564,U0133,P0138,5,205.56,1,2026-02-01 17:37:10,credit_card
T001565,U0582,P0079,1,230.43,3,2026-03-03 02:44:03,upi
T001566,U0891,P0486,4,381.61,1,2026-02-05 05:33:17,debit_card
T001567,U0569,P0003,3,354.94,3,2026-02-18 11:07:00,upi
T001568,U0517,P0448,2,225.81,2,2026-03-02 06:54:10,debit_card
T001569,U0061,P0317,3,321.69,2,2026-03-29 09:44:57,wallet
T001570,U0578,P0285,4,394.08,3,2026-04-20 18:16:42,upi
T001571,U0179,P0235,2,313.51,2,2026-02-16 22:53:14,paypal
T001572,U0718,P0242,1,90.07,3,2026-01-23 22:17:49,debit_card
T001573,U0590,P0258,4,336.33,2,2026-04-07 19:14:32,paypal
T001574,U0785,P0197,3,271.52,3,2026-02-06 16:33:46,debit_card
T001575,U0600,P0286,2,166.36,4,2026-04-16 12:37:36,debit_card
T001576,U0728,P0123,5,47.95,5,2026-03-14 16:31:43,upi
T001577,U0171,P0404,2,241.93,3,2026-02-17 08:32:39,paypal
T001578,U0917,P0002,4,319.08,1,2026-02-02 14:57:52,upi
T001579,U0200,P0126,3,391.98,1,2026-02-22 04:50:57,credit_card
T001580,U0384,P0204,2,135.16,3,2026-02-11 15:07:53,debit_card
T001581,U0411,P0088,5,282.74,2,2026-02-16 07:05:53,paypal
T001582,U0471,P0017,3,145.21,3,2026-03-07 04:16:00,paypal
T001583,U0209,P0139,3,467.67,1,2026-01-29 03:49:55,upi
T001584,U0348,P0136,5,139.84,5,2026-03-03 17:24:19,paypal
T001585,U0171,P0392,1,319.57,5,2026-02-27 06:32:24,paypal
T001586,U0388,P0122,5,63.73,3,2026-01-29 05:52:37,wallet
T001587,U0114,P0063,4,143.82,4,2026-04-12 22:13:33,debit_card
T001588,U0924,P0129,4,151.25,5,2026-04-06 18:14:41,upi
T001589,U0178,P0130,4,366.94,3,2026-02-16 23:43:54,wallet
T001590,U0634,P0271,4,193.58,5,2026-02-04 13:06:43,debit_card
T001591,U0875,P0002,1,237.71,1,2026-02-22 13:25:11,credit_card
T001592,U0817,P0271,2,429.75,4,2026-04-02 06:27:35,debit_card
T001593,U0050,P0174,4,408.26,5,2026-02-10 09:28:08,paypal
T001594,U0758,P0101,1,22.6,5,2026-01-31 05:06:31,paypal
T001595,U0415,P0154,2,373.97,5,2026-04-11 13:58:42,debit_card
T001596,U0316,P0106,1,494.02,1,2026-02-23 23:00:24,upi
T001597,U0014,P0218,4,370.83,5,2026-03-10 04:09:32,credit_card
T001598,U0387,P0415,5,317.06,0,2026-03-18 11:16:08,wallet
T001599,U0105,P0452,2,401.5,1,2026-03-27 17:52:47,wallet
T001600,U0979,P0359,1,199.02,1,2026-03-15 02:49:21,paypal
T001601,U0449,P0043,3,294.84,1,2026-02-02 05:59:46,paypal
T001602,U0003,P0072,2,49.88,1,2026-01-20 09:15:34,credit_card
T001603,U0192,P0467,4,90.88,5,2026-03-30 15:07:56,wallet
T001604,U0986,P0117,2,65.28,2,2026-01-27 20:10:38,upi
T001605,,P0041,3,376.29,5,2026-03-31 10:45:13,debit_card
T001606,U0381,P0019,4,313.05,4,2026-04-09 22:00:34,upi
T001607,U0518,P0449,3,90.32,1,2026-04-12 02:27:20,paypal
T001608,U0087,P0143,3,76.84,4,2026-01-21 23:21:40,upi
T001609,U0229,P0432,4,93.09,5,2026-03-15 02:27:57,paypal
T001610,U0593,P0189,2,264.22,3,2026-04-06 21:49:53,paypal
T001611,U0468,P0500,3,333.25,4,2026-02-16 17:49:56,wallet
T001612,U0516,P0088,5,122.51,3,2026-03-01 18:09:53,upi
T001613,U0589,P0241,5,324.24,2,2026-03-10 16:09:00,upi
T001614,U0017,P0241,3,362.75,1,2026-01-25 13:26:01,wallet
T001615,U0224,P0310,3,367.58,5,2026-02-02 11:31:18,credit_card
T001616,U0791,P0144,2,289.2,2,2026-03-04 15:47:19,credit_card
T001617,U0896,,5,184.23,5,2026-04-10 14:55:15,wallet
T001618,U0648,P0494,4,218.51,1,2026-04-09 15:15:38,debit_card
T001619,U0366,P0158,4,454.53,4,2026-01-22 17:42:03,paypal
T001620,U0866,P0042,2,52.67,1,2026-03-25 10:35:37,debit_card
T001621,U0399,P0085,2,196.05,3,2026-02-02 19:09:55,credit_card
T001622,U0898,P0402,2,428.76,3,2026-04-04 10:40:55,credit_card
T001623,U0514,P0179,5,320.27,3,2026-03-12 13:35:55,debit_card
T001624,U0345,P0081,3,324.05,4,2026-03-19 21:30:25,paypal
T001625,U0039,P0422,4,364.14,4,2026-04-17 13:11:56,paypal
T001626,U0470,P0459,2,248.06,3,2026-04-01 12:50:18,debit_card
T001627,U0339,P0039,2,93.56,3,2026-03-31 10:34:28,upi
T001628,U0469,P0407,5,424.39,1,2026-01-30 17:54:17,paypal
T001629,U0792,P0087,2,,5,2026-04-11 06:22:38,wallet
T001630,U0281,P0289,4,170.6,2,2026-02-15 22:43:31,upi
T001631,U0509,P0131,5,475.6,5,2026-04-08 01:55:12,debit_card
T001632,U0062,P0420,2,335.74,3,2026-02-23 01:23:06,upi
T001633,U0001,P0031,5,138.49,1,2026-03-04 20:45:56,credit_card
T001634,U0964,P0066,3,80.32,5,2026-03-01 17:06:15,cash
T001635,U0227,P0429,5,176.95,2,2026-04-16 22:08:47,upi
T001636,U0385,P0362,2,173.52,7,2026-02-25 15:11:27,credit_card
T001637,U0320,P0067,4,376.44,1,2026-02-23 02:10:05,wallet
T001638,U0363,P0073,1,204.96,2,2026-02-15 09:35:32,upi
T001639,U0079,P0036,5,303.42,5,2026-03-24 06:52:33,upi
T001640,U0148,P0267,2,328.85,3,2026-04-07 06:51:59,debit_card
T001641,U0709,P0260,1,150.56,5,2026-01-28 17:30:40,credit_card
T001642,U0824,P0453,4,33.65,2,2026-02-14 08:25:30,credit_card
T001643,U0517,P0418,3,153.02,1,2026-03-28 23:40:10,paypal
T001644,U0256,P0215,4,36.57,2,2026-04-16 00:34:43,wallet
T001645,U0941,P0102,1,119.03,5,2026-03-30 01:45:28,debit_card
T001646,U0701,P0466,1,25.39,8,2026-03-14 17:40:38,upi
T001647,U0511,P0482,4,393.73,4,2026-02-19 15:08:50,paypal
T001648,U0784,P0489,4,194.96,3,2026-03-05 10:52:43,paypal
T001649,U0633,P0454,-5,111.93,5,2026-02-03 22:19:57,paypal
T001650,U0826,P0441,3,109.0,1,2026-02-02 01:50:22,debit_card
T001651,U0391,P0320,2,291.36,3,2026-02-15 08:33:27,credit_card
T001652,U0551,P0317,2,104.15,2,2026-02-13 23:46:03,credit_card
T001653,U0211,P0187,1,162.55,5,2026-03-01 12:14:47,credit_card
T001654,U0476,P0012,2,194.49,1,2026-03-16 05:02:48,upi
T001655,U0015,P0198,4,147.91,1,2026-03-01 23:01:09,credit_card
T001656,U0765,,3,159.8,5,2026-03-22 15:54:35,debit_card
T001657,U0110,P0478,4,480.0,5,2026-02-20 09:17:00,debit_card
T001658,U0465,P0357,5,232.27,1,2026-02-11 21:13:52,paypal
T001659,U0055,P0224,5,170.32,4,2026-02-10 12:33:23,debit_card
T001660,U0683,P0018,2,122.16,3,2026-03-25 22:34:25,debit_card
T001661,U0465,P0237,1,88.8,5,2026-02-12 19:33:07,paypal
T001662,U0544,P0393,5,305.27,1,2026-04-05 21:27:42,paypal
T001663,U0851,,3,476.33,4,2026-04-16 12:09:13,wallet
T001664,U0597,P0035,5,145.39,4,2026-04-14 10:40:31,paypal
T001665,U0443,P0129,3,80.75,5,2026-01-20 01:05:54,paypal
T001666,U0075,P0496,3,-93.24,2,2026-03-28 13:40:41,upi
T001667,U0552,P0188,3,-100.0,1,2026-01-28 18:16:52,wallet
T001668,U0482,P0391,4,303.57,3,2026-01-25 04:32:55,paypal
T001669,U0385,P0232,1,376.82,5,2026-04-16 08:19:11,upi
T001670,U0502,P0074,3,452.81,2,2026-03-25 01:00:51,credit_card
T001671,U0817,P0354,3,336.36,4,2026-03-22 01:10:53,upi
T001672,U0248,P0139,4,31.02,2,2026-02-02 15:03:32,credit_card
T001673,U0227,P0340,3,16.16,4,2026-04-05 22:30:13,debit_card
T001674,U0822,P0351,1,198.82,3,2026-03-05 17:31:42,paypal
T001675,U0864,P0091,4,179.2,2,2026-03-25 07:19:34,debit_card
T001676,U0779,P0288,4,250.04,5,2026-03-04 03:17:17,paypal
T001677,,P0027,4,454.56,4,2026-03-27 18:29:56,credit_card
T001678,U0356,P0184,4,63.81,3,2026-03-07 15:08:30,upi
T001679,U0083,P0441,4,213.15,5,2026-02-27 01:34:15,wallet
T001680,U0246,P0216,2,200.12,4,2026-04-11 00:30:54,paypal
T001681,U0583,P0452,3,163.66,4,2026-02-03 02:36:44,debit_card
T001682,U0213,P0301,3,213.51,2,2026-02-12 04:47:42,paypal
T001683,U0929,P0191,1,260.27,3,2026-03-11 22:05:59,upi
T001684,U0069,P0304,2,49.95,2,2026-04-12 15:38:35,wallet
T001685,U0462,P0433,3,283.44,4,2026-04-04 17:41:52,wallet
T001686,U0312,P0270,4,289.82,5,2026-04-10 22:04:57,upi
T001687,U0758,P0102,1,290.11,2,2026-01-27 12:39:08,debit_card
T001688,U0507,P0322,1,137.34,2,2026-03-10 20:46:43,debit_card
T001689,U0185,P0391,-5,408.71,1,2026-03-15 09:07:05,debit_card
T001690,U0241,P0003,1,75.73,3,2026-03-12 21:21:01,credit_card
T001691,U0114,P0250,4,109.86,1,2026-04-07 03:17:38,wallet
T001692,U0846,P0258,4,129.42,1,2026-03-28 13:12:35,paypal
T001693,U0232,P0416,4,12.17,2,2026-02-11 07:00:50,credit_card
T001694,U0424,P0097,3,214.42,2,2026-04-12 12:50:40,upi
T001695,U0466,P0192,4,313.97,3,2026-02-10 22:08:09,wallet
T001696,U0317,P0410,1,10.91,3,2026-01-21 01:17:11,debit_card
T001697,U0876,P0382,2,239.7,1,2026-02-16 04:38:26,paypal
T001698,U0786,P0269,2,357.63,3,2026-04-18 13:52:10,debit_card
T001699,U0767,P0407,3,72.39,2,2026-03-04 15:02:33,credit_card
T001700,U0119,P0286,5,348.35,2,2026-01-21 08:50:28,wallet
T001701,U0004,P0352,4,429.9,5,2026-03-03 18:24:26,upi
T001702,U0990,P0072,1,285.47,2,2026-04-13 02:19:58,credit_card
T001703,U0097,P0336,2,256.23,1,2026-03-20 17:38:14,wallet
T001704,U0031,P0415,2,322.4,4,2026-03-10 14:19:03,debit_card
T001705,U0402,P0334,5,158.82,2,2026-03-25 02:40:51,debit_card
T001706,U0163,P0213,3,294.94,3,2026-03-04 00:22:13,debit_card
T001707,U0206,P0351,4,309.44,2,2026-04-15 21:53:22,paypal
T001708,U0032,P0427,2,250.38,2,2026-03-05 23:02:40,debit_card
T001709,U0683,P0381,1,333.47,-2,2026-04-20 09:08:10,paypal
T001710,U0130,P0433,4,476.9,3,2026-03-14 16:26:35,credit_card
T001711,U0597,P0324,3,33.24,8,2026-01-26 13:26:25,upi
T001712,U0514,P0233,5,40.18,1,2026-02-05 14:29:28,paypal
T001713,U0156,P0146,5,153.13,5,2026-04-07 02:37:49,wallet
T001714,U0365,P0082,5,478.54,0,2026-03-25 18:18:21,debit_card
T001715,U0932,P0003,1,170.72,3,2026-04-05 16:59:45,
T001716,U0509,P0212,3,291.43,2,2026-03-12 03:05:27,upi
T001717,U0878,P0181,4,212.83,3,2026-02-06 18:30:03,debit_card
T001718,U0982,P0069,4,63.18,5,2026-04-13 11:56:04,paypal
T001719,U0726,P0476,5,336.54,6,2026-02-05 20:29:17,paypal
T001720,U0576,P0439,3,294.4,3,2026-02-13 09:19:17,paypal
T001721,U0470,P0246,4,433.09,1,2026-02-19 19:44:44,wallet
T001722,U0865,P0224,3,316.41,1,2026-01-24 21:12:45,credit_card
T001723,U0715,P0189,5,179.87,4,2026-03-17 18:46:16,debit_card
T001724,U0146,P0485,2,286.52,3,2026-04-05 06:51:16,upi
T001725,U0827,P0008,1,293.79,3,2026-01-31 05:36:55,upi
T001726,U0032,P0213,4,61.98,3,2026-04-15 08:21:52,upi
T001727,U0036,P0362,5,251.43,-1,2026-03-17 04:56:41,credit_card
T001728,U0685,P0072,1,452.17,2,2026-04-11 07:48:56,wallet
T001729,U0963,P0282,1,472.32,2,2026-01-21 21:02:18,wallet
T001730,U0438,P0203,4,220.02,2,2026-03-17 05:58:01,credit_card
T001731,U0205,P0332,4,119.54,3,2026-03-25 08:08:52,upi
T001732,U0371,P0216,4,10.47,1,2026-04-04 22:53:54,credit_card
T001733,U0356,P0208,3,250.29,3,2026-02-13 21:26:35,upi
T001734,U0501,P0245,1,165.65,4,2026-03-18 07:19:35,wallet
T001735,U0250,P0039,4,133.12,5,2026-01-20 21:29:37,paypal
T001736,U0278,P0218,5,330.36,4,2026-02-19 01:49:23,paypal
T001737,U0530,P0496,5,220.09,1,2026-01-27 05:51:20,paypal
T001738,U0218,P0049,2,484.13,2,2026-03-15 15:16:34,debit_card
T001739,U0324,P0140,4,390.9,1,2026-04-17 01:11:21,wallet
T001740,,P0265,1,159.87,1,2026-02-26 14:03:27,credit_card
T001741,U0852,P0162,5,395.86,1,2026-01-25 00:55:52,credit_card
T001742,U0939,P0297,1,483.43,1,2026-03-18 07:37:57,wallet
T001743,U0519,P0481,3,136.24,4,2026-04-20 08:26:21,paypal
T001744,U0746,P0255,3,129.57,4,2026-04-03 08:26:45,wallet
T001745,U0652,P0497,1,281.69,3,2026-02-02 07:40:12,credit_card
T001746,U0589,P0272,3,473.69,4,2026-03-24 02:27:51,wallet
T001747,U0225,P0074,1,108.55,1,2026-03-05 10:41:48,debit_card
T001748,U0955,P0339,5,322.33,2,2026-03-06 22:56:49,bitcoin
T001749,U0107,P0045,5,331.55,2,2026-03-06 21:53:15,paypal
T001750,U0881,P0383,1,293.13,2,2026-04-14 21:01:22,paypal
T001751,,P0423,2,163.62,4,2026-04-09 22:45:01,wallet
T001752,U0038,P0374,2,382.56,2,2026-02-20 20:18:34,wallet
T001753,U0727,P0230,4,493.76,4,2026-03-16 01:19:14,upi
T001754,U0852,P0085,5,292.85,3,2026-01-29 07:21:18,paypal
T001755,U0018,P0332,2,286.45,4,2026-03-31 07:55:56,wallet
T001756,U0473,P0147,3,337.87,2,2026-01-22 19:13:32,credit_card
T001757,U0523,P0101,4,127.02,5,2026-04-15 07:26:47,wallet
T001758,U0894,P0351,4,355.77,2,2026-03-10 13:54:13,debit_card
T001759,U0523,P0086,1,241.24,3,2026-02-28 20:21:40,bitcoin
T001760,U0565,P0167,1,119.01,1,2026-01-29 17:06:31,wallet
T001761,U0425,P0029,3,224.48,10,2026-03-12 16:28:06,upi
T001762,U0074,P0304,2,493.89,5,2026-03-31 22:05:31,debit_card
T001763,U0782,P0018,2,-10.5,2,2026-03-28 16:09:44,paypal
T001764,U0824,P0225,3,26.41,5,2026-04-09 06:45:40,debit_card
T001765,U0696,P0429,1,112.51,-1,2026-03-09 15:56:37,upi
T001766,U0543,P0247,1,301.37,2,2026-02-23 21:44:22,upi
T001767,U0679,P0476,2,195.22,3,2026-03-20 02:20:07,debit_card
T001768,U0946,P0208,3,292.33,4,2026-03-22 09:25:16,paypal
T001769,U0098,P0356,3,165.01,4,2026-03-06 06:28:11,paypal
T001770,U0455,P0369,3,486.56,3,2026-04-16 18:52:02,wallet
T001771,U0150,P0439,3,78.35,4,2026-04-13 21:58:27,wallet
T001772,U0991,P0025,1,410.02,3,2026-02-02 03:45:03,credit_card
T001773,U0323,P0377,4,243.4,2,2026-02-18 19:47:10,paypal
T001774,U0077,P0164,4,219.63,4,2026-03-24 01:20:59,paypal
T001775,U0062,P0339,4,377.94,5,2026-01-21 22:09:19,wallet
T001776,U0208,P0259,2,496.32,5,2026-02-17 09:26:10,upi
T001777,U0332,P0360,1,96.96,4,2026-03-01 18:32:14,upi
T001778,,P0128,-1,375.81,3,2026-03-09 07:22:54,debit_card
T001779,U0875,P0106,5,293.26,2,2026-02-27 22:42:25,paypal
T001780,U0142,P0143,3,231.51,3,2026-01-29 11:32:02,paypal
T001781,U0740,P0241,5,469.9,2,2026-03-12 07:00:15,wallet
T001782,U0557,P0004,2,404.01,3,2026-04-16 05:17:30,upi
T001783,U0091,P0194,1,335.9,4,2026-02-09 18:36:50,upi
T001784,U0594,P0479,4,479.71,-1,2026-03-22 15:13:03,debit_card
T001785,U0976,P0457,2,319.97,1,2026-02-15 20:15:42,paypal
T001786,U0668,P0143,4,284.53,4,2026-04-18 06:45:03,upi
T001787,U0540,P0050,5,495.53,2,2026-02-04 22:14:06,debit_card
T001788,U0184,P0371,5,476.2,1,2026-02-11 08:06:58,debit_card
T001789,U0523,P0386,1,434.85,4,2026-02-12 12:41:20,debit_card
T001790,U0702,P0297,3,435.1,1,2026-03-25 13:07:35,paypal
T001791,U0350,P0189,3,41.57,0,2026-04-08 05:58:40,paypal
T001792,U0552,P0460,5,445.03,2,2026-01-30 09:30:46,credit_card
T001793,U0053,P0456,2,180.11,2,2026-01-23 07:23:30,debit_card
T001794,U0518,P0078,4,242.67,3,2026-04-15 11:01:23,wallet
T001795,U0010,P0158,4,293.99,5,2026-03-09 13:07:03,upi
T001796,U0103,P0219,5,,4,2026-04-13 05:04:15,credit_card
T001797,U0200,P0076,3,39.24,4,2026-02-11 19:39:25,upi
T001798,U0929,P0275,3,199.11,2,2026-02-27 15:57:22,upi
T001799,U0052,P0351,5,413.76,5,2026-02-11 07:40:43,credit_card
T001800,U0591,P0088,3,276.74,2,2026-03-27 21:46:19,paypal
T001801,U0405,P0240,2,202.54,1,2026-03-11 07:22:03,debit_card
T001802,U0017,P0437,5,153.82,1,2026-02-02 17:04:44,debit_card
T001803,U0763,P0202,2,261.93,1,2026-02-19 07:33:15,upi
T001804,U0320,P0312,1,262.63,3,2026-04-15 18:11:24,paypal
T001805,U0585,P0042,1,222.22,2,2026-02-21 23:44:18,debit_card
T001806,U0880,,1,122.08,1,2026-01-27 03:33:54,upi
T001807,U0422,P0121,4,221.45,2,2026-03-28 09:58:49,paypal
T001808,U0858,P0163,3,45.46,1,2026-03-29 23:08:37,paypal
T001809,U0465,P0316,4,84.61,5,2026-03-06 02:45:55,credit_card
T001810,U0650,P0001,5,162.98,4,2026-01-30 01:19:29,upi
T001811,U0749,P0397,4,376.25,1,2026-02-12 14:10:48,credit_card
T001812,U0304,P0215,5,18.62,6,2026-03-17 09:32:00,wallet
T001813,U0676,P0172,2,260.45,5,2026-02-02 13:49:32,debit_card
T001814,U0924,P0160,3,45.57,1,2026-03-14 14:09:28,upi
T001815,U0559,,3,166.53,4,2026-02-17 05:22:13,credit_card
T001816,U0441,P0179,1,438.68,3,2026-02-08 07:41:56,wallet
T001817,U0586,P0100,3,140.38,3,2026-01-21 16:46:53,credit_card
T001818,U0820,P0035,1,346.64,2,2026-04-08 18:46:48,paypal
T001819,U0025,P0087,2,334.0,1,2026-03-05 23:15:14,credit_card
T001820,U0861,P0218,4,227.81,3,2026-03-30 12:22:20,debit_card
T001821,U0953,P0114,2,390.34,4,2026-01-30 09:16:27,upi
T001822,U0589,P0390,3,184.85,1,2026-02-10 20:29:41,wallet
T001823,U0712,P0085,3,379.33,5,2026-02-11 05:42:07,credit_card
T001824,U0841,P0401,2,258.75,5,2026-01-29 12:58:52,debit_card
T001825,U0049,P0261,5,431.17,3,2026-02-06 04:01:44,upi
T001826,U0894,P0201,5,11.76,2,2026-03-14 22:06:37,upi
T001827,U0171,P0172,1,427.01,1,2026-03-22 08:18:00,bitcoin
T001828,U0286,P0384,5,41.04,5,2026-02-26 08:41:15,credit_card
T001829,U0253,P0419,2,189.03,2,2026-03-23 09:07:26,bitcoin
T001830,U0407,P0417,2,396.28,2,2026-04-01 08:23:12,wallet
T001831,U0984,P0145,3,33.16,2,2026-03-22 23:23:15,upi
T001832,U0364,P0132,2,302.1,5,2026-02-23 05:37:12,wallet
T001833,U0776,P0183,5,19.39,2,2026-01-23 19:01:56,upi
T001834,U0656,P0131,1,150.87,4,2026-04-13 08:56:56,debit_card
T001835,U0605,P0333,1,262.52,1,2026-03-03 02:05:00,paypal
T001836,U0960,P0344,5,428.92,1,2026-03-03 21:16:58,credit_card
T001837,U0857,P0162,1,282.98,2,2026-03-20 17:46:32,debit_card
T001838,U0108,P0031,5,35.47,3,2026-02-25 09:21:45,upi
T001839,U0587,P0354,2,288.32,1,2026-03-21 04:32:47,upi
T001840,U0963,P0129,1,24.49,3,2026-03-06 14:21:45,wallet
T001841,U0696,P0456,5,347.02,5,2026-03-11 11:59:55,upi
T001842,U0773,P0107,4,153.95,3,2026-04-06 13:46:32,upi
T001843,U0387,P0485,1,226.82,2,2026-03-11 13:46:43,credit_card
T001844,U0786,P0150,4,139.03,2,2026-01-20 20:19:41,credit_card
T001845,U0557,P0001,2,223.81,5,2026-02-15 18:14:36,debit_card
T001846,U0365,P0431,2,397.35,5,2026-04-10 10:16:07,credit_card
T001847,U0314,P0111,5,131.06,3,2026-02-03 14:38:31,credit_card
T001848,U0141,P0203,5,389.34,3,2026-03-22 16:03:43,paypal
T001849,U0136,P0354,4,215.18,3,2026-04-01 01:52:06,debit_card
T001850,U0683,,1,219.4,4,2026-03-21 19:03:02,unknown
T001851,U0471,P0162,2,138.2,5,2026-01-28 09:02:50,paypal
T001852,U0250,P0250,4,444.34,2,2026-04-08 18:45:20,debit_card
T001853,U0775,P0314,2,15.6,5,2026-03-06 08:45:00,wallet
T001854,U0376,P0070,4,30.47,5,2026-03-05 06:51:08,debit_card
T001855,U0615,P0413,5,419.97,2,2026-02-26 01:05:57,credit_card
T001856,U0087,P0131,5,406.74,4,2026-02-27 16:34:36,paypal
T001857,U0279,P0373,4,108.84,4,2026-03-20 01:20:41,paypal
T001858,U0780,P0302,5,29.53,4,2026-03-19 19:26:33,credit_card
T001859,U0618,P0159,-5,413.21,4,2026-03-04 20:56:01,upi
T001860,U0969,P0231,2,308.7,-1,2026-01-24 07:18:09,paypal
T001861,U0022,P0176,4,110.74,4,2026-03-30 21:08:14,credit_card
T001862,U0945,P0027,5,433.97,1,2026-02-26 03:59:13,upi
T001863,U0990,P0453,3,220.36,3,2026-02-16 01:09:14,upi
T001864,U0877,P0366,2,404.51,5,2026-04-14 18:25:55,upi
T001865,U0678,P0233,1,341.94,4,2026-04-03 21:24:55,credit_card
T001866,U0397,P0164,5,236.67,2,2026-03-13 09:00:07,paypal
T001867,U0782,P0036,1,25.7,5,2026-03-03 16:00:26,wallet
T001868,U0940,,4,230.13,1,2026-02-07 14:01:07,paypal
T001869,U0829,P0245,2,279.12,1,2026-03-31 05:13:38,wallet
T001870,U0861,P0061,2,426.25,5,2026-04-09 23:21:01,wallet
T001871,U0522,P0188,2,136.54,5,2026-01-28 22:44:17,upi
T001872,U0027,P0327,5,153.18,3,2026-04-16 20:23:54,paypal
T001873,U0897,P0189,2,237.95,2,2026-01-27 10:07:31,debit_card
T001874,U0467,P0461,4,109.57,5,2026-03-02 13:24:48,wallet
T001875,U0414,P0498,4,20.68,1,2026-03-16 22:39:20,paypal
T001876,U0262,P0281,1,,3,2026-01-20 00:10:26,credit_card
T001877,U0765,P0376,3,27.74,4,2026-03-08 14:56:18,credit_card
T001878,U0153,P0123,1,34.95,4,2026-02-28 01:28:08,cheque
T001879,U0788,P0311,4,87.86,4,2026-03-28 05:52:25,debit_card
T001880,U0751,P0288,5,334.24,3,2026-02-28 05:36:07,upi
T001881,U0947,P0106,3,136.73,5,2026-03-23 20:57:41,wallet
T001882,U0153,P0459,3,66.3,5,2026-03-22 07:05:46,upi
T001883,U0418,P0324,3,495.98,4,2026-03-07 18:31:20,upi
T001884,U0857,P0287,2,477.83,4,2026-01-28 02:10:43,paypal
T001885,U0193,P0499,5,374.98,2,2026-03-06 23:34:36,wallet
T001886,U0057,P0408,4,349.67,4,2026-03-19 04:22:57,wallet
T001887,U0332,P0100,4,10.99,1,2026-03-21 10:32:22,debit_card
T001888,U0718,P0011,3,40.02,2,2026-03-05 13:43:36,credit_card
T001889,,P0151,-1,108.48,1,2026-03-13 14:26:55,upi
T001890,U0477,P0181,-5,245.35,1,2026-03-17 04:01:23,debit_card
T001891,U0903,P0230,5,496.51,6,2026-02-02 15:59:10,upi
T001892,U0219,P0380,3,14.54,10,2026-02-11 16:41:39,debit_card
T001893,U0584,P0369,5,,3,2026-02-15 18:37:52,wallet
T001894,U0645,P0052,4,455.14,4,2026-03-20 14:28:39,debit_card
T001895,U0956,P0443,2,425.61,4,2026-01-24 05:14:12,paypal
T001896,U0320,P0127,1,204.17,2,2026-04-03 02:25:48,paypal
T001897,U0523,P0159,4,143.63,4,2026-02-05 12:12:49,upi
T001898,U0056,P0423,3,198.14,4,2026-03-26 05:44:13,credit_card
T001899,U0699,P0105,4,313.97,0,2026-04-18 03:54:50,paypal
T001900,U0728,P0408,3,26.08,2,2026-03-11 02:21:16,debit_card
T001901,U0264,P0016,5,436.72,4,2026-02-17 03:24:27,debit_card
T001902,U0159,P0406,1,409.61,4,2026-03-10 15:59:07,upi
T001903,U0416,P0497,3,150.38,1,2026-03-02 08:31:51,debit_card
T001904,U0285,P0081,1,348.89,4,2026-04-02 10:06:17,debit_card
T001905,U0343,P0115,2,,5,2026-03-16 02:40:04,upi
T001906,,P0341,1,189.19,1,2026-02-19 18:54:24,credit_card
T001907,U0977,P0171,4,119.93,1,2026-02-17 13:46:06,upi
T001908,U0878,P0286,5,198.58,3,2026-03-03 13:33:16,debit_card
T001909,U0419,P0057,3,68.38,4,2026-01-21 12:39:44,unknown
T001910,U0510,P0005,3,482.37,2,2026-04-09 13:35:52,credit_card
T001911,U0576,P0205,5,251.43,3,2026-02-26 03:22:18,debit_card
T001912,U0791,P0098,3,464.91,5,2026-04-04 19:53:06,wallet
T001913,U0445,P0336,2,467.06,3,2026-04-01 14:27:34,wallet
T001914,U0155,P0448,4,130.79,4,2026-01-23 01:16:26,upi
T001915,U0664,P0096,3,336.1,1,2026-03-07 03:10:54,upi
T001916,U0820,P0390,5,437.55,4,2026-04-18 13:13:29,credit_card
T001917,U0887,P0300,2,242.56,5,2026-02-21 21:24:25,paypal
T001918,U0224,P0035,2,232.63,2,2026-02-23 09:08:42,paypal
T001919,U0543,P0331,1,337.83,5,2026-03-24 15:24:17,debit_card
T001920,U0115,P0102,3,214.27,0,2026-03-11 10:05:37,upi
T001921,U0079,P0164,2,469.87,4,2026-03-03 09:02:20,debit_card
T001922,U0832,P0073,2,424.96,3,2026-03-18 01:25:28,wallet
T001923,U0098,P0002,1,142.19,1,2026-02-10 21:13:16,upi
T001924,U0075,P0316,5,272.27,1,2026-04-01 21:53:06,paypal
T001925,U0253,P0230,3,281.36,1,2026-02-06 14:37:51,wallet
T001926,U0113,P0250,5,132.37,1,2026-03-27 00:39:34,paypal
T001927,U0528,P0278,5,307.93,1,2026-03-03 23:49:31,wallet
T001928,U0043,P0280,1,141.21,2,2026-02-16 10:17:23,credit_card
T001929,U0349,P0018,5,421.04,1,2026-04-18 01:45:20,paypal
T001930,U0386,P0486,2,177.22,5,2026-04-14 15:43:58,wallet
T001931,U0605,P0020,2,481.1,2,2026-01-28 03:32:21,upi
T001932,U0719,P0213,5,158.7,1,2026-02-06 23:10:10,credit_card
T001933,U0165,P0468,3,453.8,4,2026-03-15 09:24:13,debit_card
T001934,U0518,P0059,2,355.77,3,2026-04-02 19:04:00,debit_card
T001935,,P0398,2,35.27,3,2026-04-09 18:32:28,wallet
T001936,U0803,P0430,3,296.55,3,2026-04-06 02:43:30,debit_card
T001937,U0399,P0003,5,82.83,2,2026-02-17 02:52:39,paypal
T001938,U0763,P0222,3,214.45,3,2026-03-24 04:22:06,upi
T001939,U0401,P0182,4,426.8,5,2026-04-10 03:30:55,debit_card
T001940,U0024,P0147,5,315.57,1,2026-02-27 08:33:37,wallet
T001941,U0584,P0346,4,152.44,1,2026-03-11 09:51:17,paypal
T001942,U0041,P0271,4,80.64,5,2026-03-02 06:55:07,debit_card
T001943,U0788,P0066,2,21.25,2,2026-02-23 20:07:08,upi
T001944,U0395,P0131,1,459.26,4,2026-02-01 07:55:17,wallet
T001945,U0373,P0418,3,250.1,3,2026-03-30 14:26:57,credit_card
T001946,U0517,P0382,1,347.04,5,2026-02-14 20:59:37,debit_card
T001947,U0320,P0453,1,263.86,3,2026-02-23 23:03:52,paypal
T001948,U0861,P0073,4,262.33,3,2026-04-02 19:52:09,wallet
T001949,U0128,P0302,2,17.44,5,2026-03-10 13:34:35,upi
T001950,U0628,P0101,2,191.52,5,2026-03-14 05:10:21,upi
T001951,U0447,P0353,2,78.04,4,2026-03-29 08:35:27,credit_card
T001952,,P0090,4,176.82,3,2026-02-04 19:23:05,debit_card
T001953,U0628,P0379,5,354.82,3,2026-03-04 23:06:41,upi
T001954,U0856,P0288,1,88.89,2,2026-03-26 00:38:46,credit_card
T001955,U0882,P0233,4,49.53,1,2026-03-14 04:43:52,wallet
T001956,U0304,P0186,1,75.42,4,2026-04-14 20:48:13,paypal
T001957,U0274,P0233,2,390.7,2,2026-02-24 03:28:35,paypal
T001958,U0714,P0127,5,45.88,2,2026-02-12 08:40:38,credit_card
T001959,U0847,P0271,4,420.61,4,2026-03-20 20:51:59,unknown
T001960,U0910,P0218,4,323.47,3,2026-03-21 17:33:05,debit_card
T001961,U0770,P0027,1,48.94,1,2026-02-26 00:03:21,wallet
T001962,U0236,P0261,3,130.98,4,2026-04-01 06:18:50,upi
T001963,U0019,P0406,1,324.78,4,2026-03-21 17:19:08,wallet
T001964,U0772,P0178,2,102.31,3,2026-02-07 04:51:05,paypal
T001965,U0217,P0303,2,-471.18,2,2026-02-06 09:36:00,debit_card
T001966,U0369,P0454,4,243.68,2,2026-03-19 16:36:33,paypal
T001967,U0371,P0229,3,0.0,1,2026-04-14 18:58:30,wallet
T001968,,P0177,2,55.68,3,2026-03-28 11:15:02,upi
T001969,U0036,P0117,4,102.91,2,2026-04-04 14:25:35,wallet
T001970,U0501,P0278,5,437.86,2,2026-01-22 10:23:22,upi
T001971,U0340,P0461,5,388.21,2,2026-03-08 18:18:45,wallet
T001972,U0319,P0229,4,37.43,4,2026-04-03 08:53:59,wallet
T001973,U0182,P0270,3,128.26,1,2026-02-08 11:33:00,paypal
T001974,U0418,P0042,4,359.22,4,2026-04-05 10:33:06,upi
T001975,U0765,,4,267.42,1,2026-03-27 20:44:06,wallet
T001976,U0807,P0223,2,361.61,1,2026-02-17 20:54:20,paypal
T001977,U0634,P0368,3,392.33,3,2026-04-04 04:55:03,credit_card
T001978,U0118,P0365,5,174.3,4,2026-02-11 08:21:41,paypal
T001979,U0985,P0323,1,52.82,3,2026-03-19 07:46:58,upi
T001980,U0500,,4,77.44,2,2026-03-25 21:14:29,upi
T001981,U0905,P0426,3,153.11,5,2026-04-09 17:57:59,upi
T001982,U0584,P0044,4,281.44,2,2026-02-06 00:44:24,credit_card
T001983,U0564,P0368,1,21.39,1,2026-02-01 09:18:11,debit_card
T001984,U0517,P0419,4,337.22,5,2026-01-27 14:23:08,debit_card
T001985,U0328,P0044,3,249.34,5,2026-03-04 03:55:13,paypal
T001986,U0888,P0299,1,286.88,4,2026-03-17 03:34:25,credit_card
T001987,U0680,P0262,1,10.77,3,2026-04-10 12:51:13,wallet
T001988,U0712,P0248,2,143.72,2,2026-03-22 23:20:31,paypal
T001989,U0898,P0500,5,479.72,4,2026-03-05 04:40:43,wallet
T001990,U0305,P0418,5,107.2,1,2026-03-05 04:11:08,upi
T001991,U0128,P0301,4,86.09,3,2026-01-28 06:33:18,debit_card
T001992,U0886,P0466,3,110.78,2,2026-03-02 08:26:50,upi
T001993,U0475,P0192,4,343.12,4,2026-03-17 07:44:35,paypal
T001994,U0925,P0370,2,200.12,3,2026-03-29 17:33:10,paypal
T001995,U0050,P0106,1,14.45,5,2026-03-17 21:49:06,credit_card
T001996,U0263,P0001,4,457.11,1,2026-04-10 22:51:20,debit_card
T001997,U0889,P0262,1,478.23,4,2026-01-30 20:59:12,wallet
T001998,U0037,P0247,3,498.26,4,2026-04-20 15:00:41,wallet
T001999,U0782,P0255,-1,242.54,1,2026-03-19 04:21:30,debit_card
T002000,U0297,P0394,2,190.44,4,2026-03-25 23:54:00,debit_card
T002001,U0802,P0377,1,116.83,3,2026-02-14 14:05:06,wallet
T002002,U0381,P0367,2,442.95,3,2026-03-29 16:13:11,upi
T002003,U0502,P0106,3,367.35,4,2026-04-01 03:24:30,credit_card
T002004,U0678,P0256,2,266.07,2,2026-04-13 21:40:38,paypal
T002005,U0832,P0237,4,141.33,4,2026-04-16 02:37:14,debit_card
T002006,U0697,P0194,1,137.55,10,2026-02-15 23:53:37,upi
T002007,U0687,P0478,2,62.59,5,2026-03-11 06:24:35,upi
T002008,U0342,P0202,3,135.28,5,2026-01-24 21:13:43,paypal
T002009,U0066,P0323,5,420.05,4,2026-03-12 07:55:35,credit_card
T002010,U0064,P0334,4,108.42,2,2026-02-04 01:57:33,paypal
T002011,U0696,P0040,4,136.9,4,2026-03-26 16:49:57,credit_card
T002012,U0893,P0154,5,62.97,2,2026-04-13 13:15:03,debit_card
T002013,U0895,P0478,4,376.83,2,2026-04-07 15:07:55,paypal
T002014,U0954,P0082,4,461.74,2,2026-04-06 11:32:17,wallet
T002015,U0768,P0279,4,225.93,4,2026-04-19 02:13:40,paypal
T002016,U0370,P0153,5,300.43,1,2026-03-21 03:14:47,debit_card
T002017,U0711,P0301,5,198.25,5,2026-02-01 11:51:24,paypal
T002018,U0721,P0282,2,487.24,4,2026-01-21 01:48:24,debit_card
T002019,U0588,P0127,2,390.21,1,2026-02-16 04:41:07,upi
T002020,U0522,P0293,2,240.77,3,2026-03-14 00:43:03,debit_card
T002021,U0066,P0128,4,381.34,5,2026-02-25 02:45:27,paypal
T002022,U0512,P0247,1,349.66,5,2026-01-28 19:09:43,paypal
T002023,U0177,P0359,3,40.93,5,2026-03-06 15:03:41,credit_card
T002024,U0485,P0224,3,174.64,5,2026-02-09 05:38:54,debit_card
T002025,U0710,P0189,3,442.63,5,2026-03-02 20:15:24,upi
T002026,U0685,P0014,4,105.53,2,2026-02-07 19:54:48,debit_card
T002027,U0623,P0476,2,400.72,3,2026-02-07 19:46:34,upi
T002028,U0540,P0314,4,60.9,2,2026-03-05 21:47:43,upi
T002029,U0308,P0249,2,211.16,3,2026-03-24 09:41:15,upi
T002030,U0284,P0347,3,167.27,4,2026-04-17 05:29:37,wallet
T002031,U0252,P0053,1,462.42,8,2026-03-31 12:52:03,credit_card
T002032,U0539,P0280,1,467.97,4,2026-03-01 14:40:37,paypal
T002033,U0839,P0480,3,0.0,3,2026-03-30 04:02:43,credit_card
T002034,U0328,P0272,1,63.35,5,2026-04-12 20:14:43,upi
T002035,U0499,P0305,4,403.82,3,2026-02-21 18:11:16,upi
T002036,U0082,P0302,2,228.8,5,2026-03-15 13:43:24,debit_card
T002037,U0850,P0197,3,200.44,3,2026-02-20 07:58:58,debit_card
T002038,U0308,P0419,4,226.92,5,2026-03-13 08:19:58,debit_card
T002039,U0976,P0246,5,448.14,2,2026-02-08 15:40:13,debit_card
T002040,U0515,P0059,5,463.19,3,2026-01-20 06:36:05,debit_card
T002041,U0497,P0149,2,279.21,4,2026-02-20 10:29:47,paypal
T002042,U0052,P0166,2,66.5,3,2026-01-21 11:37:56,credit_card
T002043,U0259,P0243,2,378.26,1,2026-04-09 17:24:38,wallet
T002044,U0438,P0084,5,47.26,3,2026-04-05 17:43:27,upi
T002045,U0242,P0500,4,195.05,5,2026-03-29 11:32:40,wallet
T002046,U0118,P0311,5,55.64,3,2026-03-23 08:26:28,upi
T002047,U0447,P0187,2,310.86,5,2026-03-28 12:44:44,wallet
T002048,U0462,P0413,3,257.92,5,2026-04-17 12:36:37,paypal
T002049,U0464,P0060,2,65.48,5,2026-03-29 09:13:02,paypal
T002050,U0271,P0491,5,,1,2026-03-16 08:51:11,wallet
T002051,U0328,P0093,3,244.66,4,2026-03-22 17:35:56,paypal
T002052,U0243,P0225,2,-48.89,2,2026-03-25 09:58:55,wallet
T002053,U0467,P0228,3,197.91,1,2026-04-09 02:57:47,wallet
T002054,U0775,P0289,5,239.85,3,2026-03-24 21:34:36,wallet
T002055,U0869,P0499,2,72.15,2,2026-04-06 01:28:27,credit_card
T002056,U0941,P0031,3,298.71,3,2026-02-25 12:46:04,credit_card
T002057,U0449,P0118,4,,3,2026-02-25 01:10:48,paypal
T002058,U0747,P0291,1,290.11,3,2026-02-27 06:43:55,paypal
T002059,U0419,P0065,4,60.54,-1,2026-02-13 22:12:42,debit_card
T002060,U0253,P0481,1,389.64,4,2026-03-04 08:37:10,debit_card
T002061,,P0450,2,439.62,3,2026-04-08 17:11:45,paypal
T002062,U0956,P0465,5,338.57,1,2026-04-03 14:24:58,debit_card
T002063,U0516,P0096,1,301.26,1,2026-03-28 17:50:36,wallet
T002064,U0501,P0392,3,320.12,5,2026-04-13 20:05:55,debit_card
T002065,U0797,P0360,4,492.27,4,2026-03-15 09:00:46,credit_card
T002066,U0603,P0478,4,233.27,5,2026-04-12 18:46:03,debit_card
T002067,U0889,P0224,4,211.84,5,2026-03-24 23:55:59,wallet
T002068,U0511,P0258,3,465.67,1,2026-01-27 23:23:45,paypal
T002069,U0285,P0187,1,227.41,2,2026-04-06 14:33:13,debit_card
T002070,U0968,P0313,1,346.27,1,2026-03-17 22:17:16,debit_card
T002071,U0728,P0094,2,208.33,2,2026-03-18 18:48:57,debit_card
T002072,U0354,P0149,4,126.42,3,2026-04-09 11:04:43,credit_card
T002073,U0756,P0180,4,254.94,1,2026-03-19 16:05:43,paypal
T002074,U0209,P0300,5,421.68,4,2026-02-10 10:07:12,paypal
T002075,U0567,P0047,5,395.4,5,2026-03-19 01:14:55,wallet
T002076,U0688,P0257,3,13.5,3,2026-03-01 07:17:57,wallet
T002077,U0826,P0002,3,105.94,4,2026-03-04 22:31:19,upi
T002078,U0146,P0224,5,116.29,5,2026-03-08 01:12:36,upi
T002079,U0759,P0358,1,181.11,2,2026-01-25 14:52:55,wallet
T002080,U0426,P0230,2,41.76,2,2026-03-29 03:53:12,paypal
T002081,U0398,P0281,2,280.87,1,2026-02-12 17:36:13,wallet
T002082,U0960,P0171,2,230.4,5,2026-02-08 04:03:52,paypal
T002083,U0984,P0372,5,93.62,1,2026-02-17 17:13:34,credit_card
T002084,U0491,P0124,1,436.69,4,2026-04-18 06:59:54,wallet
T002085,U0037,P0425,5,192.27,2,2026-01-24 14:51:16,wallet
T002086,U0268,P0350,5,110.05,4,2026-03-27 04:30:03,upi
T002087,U0454,P0083,2,272.51,4,2026-03-04 15:03:52,credit_card
T002088,U0957,P0205,4,245.57,3,2026-04-02 12:57:05,upi
T002089,U0804,P0125,3,152.4,-1,2026-03-01 23:15:29,upi
T002090,U0493,,2,183.36,1,2026-02-26 01:25:24,debit_card
T002091,U0337,P0353,5,328.98,5,2026-03-31 02:21:19,credit_card
T002092,U0644,P0277,3,404.9,5,2026-03-18 05:30:24,debit_card
T002093,U0351,,5,153.06,3,2026-03-21 22:54:41,debit_card
T002094,U0048,P0270,1,84.93,1,2026-01-22 10:25:20,credit_card
T002095,U0379,P0031,4,370.22,3,2026-04-04 08:54:32,credit_card
T002096,U0416,P0195,1,266.27,1,2026-03-15 04:10:18,credit_card
T002097,U0352,P0326,3,318.55,4,2026-01-31 08:24:32,paypal
T002098,U0018,P0361,3,225.82,3,2026-01-25 01:31:57,credit_card
T002099,U0893,P0425,3,174.5,3,2026-01-24 23:19:40,wallet
T002100,U0602,P0071,2,316.83,1,2026-03-12 20:46:40,wallet
T002101,U0699,P0020,4,161.98,3,2026-04-09 08:48:38,paypal
T002102,U0448,P0333,3,372.16,5,2026-01-25 08:12:05,upi
T002103,U0217,P0288,2,207.69,4,2026-02-06 05:59:53,paypal
T002104,U0372,P0167,5,458.99,1,2026-03-23 01:23:50,wallet
T002105,U0748,P0114,2,181.24,3,2026-04-12 06:41:54,paypal
T002106,U0279,P0332,5,319.03,4,2026-03-12 09:01:17,wallet
T002107,U0037,P0395,1,367.52,3,2026-03-06 07:42:30,wallet
T002108,U0929,P0486,-1,18.91,5,2026-03-30 15:11:12,upi
T002109,U0648,P0085,3,61.2,1,2026-04-17 20:56:52,upi
T002110,U0113,P0379,4,34.96,5,2026-03-25 16:18:16,debit_card
T002111,U0076,P0255,1,476.68,5,2026-02-03 14:29:26,upi
T002112,U0983,P0274,5,60.3,1,2026-02-18 22:49:03,wallet
T002113,U0302,P0195,5,63.21,2,2026-03-31 03:29:33,paypal
T002114,U0056,P0052,4,133.67,3,2026-03-13 14:01:09,debit_card
T002115,U0379,P0225,2,64.73,3,2026-02-17 15:21:13,credit_card
T002116,U0131,P0226,4,300.82,4,2026-03-11 06:16:12,debit_card
T002117,U0806,P0388,5,183.78,4,2026-04-11 21:16:33,paypal
T002118,U0501,P0144,3,28.19,1,2026-04-10 20:32:13,wallet
T002119,U0632,P0402,4,68.67,2,2026-04-13 08:01:37,credit_card
T002120,U0777,P0173,4,56.08,4,2026-01-24 10:06:44,debit_card
T002121,U0392,P0481,1,139.88,3,2026-03-18 03:11:17,upi
T002122,U0341,P0019,-1,138.62,1,2026-03-08 06:44:54,upi
T002123,U0268,P0146,3,344.27,5,2026-04-11 05:13:20,wallet
T002124,U0925,P0406,4,371.88,3,2026-03-08 09:21:19,credit_card
T002125,U0676,P0345,5,401.1,1,2026-02-17 16:51:14,wallet
T002126,U0046,P0131,5,257.93,4,2026-02-06 00:45:41,wallet
T002127,U0194,P0416,5,405.91,4,2026-02-20 21:38:06,upi
T002128,U0954,P0167,2,163.1,2,2026-03-21 15:10:43,credit_card
T002129,U0722,P0411,4,147.85,1,2026-02-28 15:53:40,paypal
T002130,U0866,P0391,3,11.67,2,2026-03-16 04:30:49,debit_card
T002131,U0361,P0098,3,85.91,3,2026-03-04 14:01:53,credit_card
T002132,U0571,P0102,2,410.46,4,2026-02-08 03:12:51,debit_card
T002133,U0547,P0131,1,432.91,3,2026-03-05 02:38:08,credit_card
T002134,U0590,P0342,3,143.85,2,2026-04-10 13:10:51,debit_card
T002135,U0888,P0247,3,13.25,4,2026-03-30 18:19:30,credit_card
T002136,U0523,P0464,3,327.14,5,2026-02-11 00:28:55,upi
T002137,U0161,P0242,1,84.14,2,2026-02-15 11:10:19,cash
T002138,U0709,P0340,2,331.72,2,2026-03-23 19:16:42,credit_card
T002139,U0751,P0401,2,84.21,4,2026-02-09 16:25:53,debit_card
T002140,U0250,P0080,4,,4,2026-03-15 15:58:56,paypal
T002141,U0445,P0452,5,174.51,5,2026-03-26 04:30:03,wallet
T002142,U0650,P0433,3,383.53,5,2026-03-18 23:18:27,upi
T002143,U0771,P0151,5,346.14,5,2026-02-26 09:46:31,cheque
T002144,U0626,P0100,1,108.61,4,2026-03-05 23:11:59,upi
T002145,U0161,P0444,4,210.35,3,2026-04-20 21:58:26,credit_card
T002146,U0932,P0352,3,122.66,4,2026-03-17 23:31:34,wallet
T002147,U0215,P0391,2,25.56,1,2026-03-11 04:29:39,debit_card
T002148,U0896,P0055,4,230.59,1,2026-03-04 08:51:33,paypal
T002149,U0043,P0469,2,281.74,5,2026-02-17 06:53:46,unknown
T002150,U0105,P0335,3,399.79,1,2026-03-26 00:34:20,credit_card
T002151,U0408,P0207,3,274.87,1,2026-02-09 09:05:06,upi
T002152,U0139,P0276,1,435.67,5,2026-02-17 18:13:52,wallet
T002153,U0857,P0355,5,325.78,3,2026-02-13 02:37:12,credit_card
T002154,U0363,P0142,2,-100.0,5,2026-02-01 13:05:17,upi
T002155,U0252,P0134,1,431.53,5,2026-01-30 00:46:56,upi
T002156,U0794,P0219,1,255.05,2,2026-02-19 13:50:14,paypal
T002157,U0062,P0149,4,28.56,2,2026-03-13 23:46:32,debit_card
T002158,U0830,P0074,3,432.78,4,2026-03-31 23:16:07,wallet
T002159,U0135,P0075,3,61.34,5,2026-04-19 05:19:51,upi
T002160,U0985,P0329,1,471.95,2,2026-03-04 01:34:10,upi
T002161,U0129,P0034,1,269.39,1,2026-01-29 11:45:46,upi
T002162,U0865,P0315,5,253.25,1,2026-03-11 04:56:58,wallet
T002163,U0906,P0269,1,28.21,5,2026-03-22 23:23:42,paypal
T002164,U0189,P0445,4,270.18,4,2026-03-08 01:48:23,wallet
T002165,U0220,P0215,5,55.54,4,2026-04-01 05:58:10,credit_card
T002166,U0298,P0022,4,477.37,4,2026-02-14 01:57:46,wallet
T002167,U0703,P0499,4,50.55,3,2026-02-14 21:03:53,credit_card
T002168,U0200,P0317,1,305.36,2,2026-01-23 01:53:42,paypal
T002169,U0866,P0405,4,96.77,1,2026-03-22 00:15:53,debit_card
T002170,U0668,P0480,3,251.29,5,2026-03-02 23:47:06,upi
T002171,U0639,P0268,5,423.13,5,2026-02-10 02:17:52,debit_card
T002172,U0173,P0237,2,271.15,3,2026-02-11 05:33:31,wallet
T002173,U0804,P0424,2,94.73,5,2026-03-19 06:21:32,paypal
T002174,U0263,,1,155.39,2,2026-03-31 10:46:03,upi
T002175,U0790,P0453,3,152.9,1,2026-03-25 19:33:06,upi
T002176,U0807,P0160,3,304.08,4,2026-03-30 01:53:50,credit_card
T002177,U0487,P0417,5,95.11,3,2026-03-15 07:53:21,upi
T002178,U0421,P0307,5,128.67,3,2026-03-07 23:14:52,paypal
T002179,U0664,P0009,3,417.47,3,2026-03-30 08:53:02,wallet
T002180,U0505,P0185,1,16.67,4,2026-03-20 01:08:28,wallet
T002181,U0596,P0028,2,66.63,2,2026-02-01 22:56:34,credit_card
T002182,U0813,P0117,3,495.77,5,2026-01-20 10:17:40,debit_card
T002183,U0215,P0122,1,405.03,3,2026-04-16 15:18:50,wallet
T002184,U0431,P0136,1,66.61,1,2026-02-28 14:46:16,credit_card
T002185,U0093,P0454,5,0.0,2,2026-03-02 06:45:25,credit_card
T002186,U0870,P0480,4,91.53,2,2026-03-10 01:59:11,wallet
T002187,U0213,P0040,4,374.19,-1,2026-03-10 14:30:46,debit_card
T002188,U0237,P0060,4,56.3,1,2026-03-31 05:41:08,debit_card
T002189,U0108,P0004,1,242.93,4,2026-02-04 21:55:13,wallet
T002190,U0303,P0163,4,461.41,3,2026-01-25 12:10:36,credit_card
T002191,U0619,P0341,5,,5,2026-01-29 21:46:23,credit_card
T002192,U0006,P0431,3,0.0,4,2026-02-18 23:13:02,paypal
T002193,U0162,P0411,4,498.89,3,2026-04-06 13:26:16,credit_card
T002194,U0484,P0410,4,126.93,2,2026-02-22 03:59:02,debit_card
T002195,U0668,P0484,1,83.54,2,2026-03-28 13:42:11,upi
T002196,U0101,P0028,4,212.96,4,2026-01-22 06:08:09,paypal
T002197,U0596,P0086,2,189.5,4,2026-03-17 16:09:29,paypal
T002198,U0084,P0341,3,294.19,3,2026-03-21 03:06:40,upi
T002199,U0346,P0099,2,72.97,4,2026-04-17 22:43:14,wallet
T002200,U0868,P0428,4,350.11,3,2026-02-09 14:20:11,credit_card
T002201,U0324,P0270,4,472.5,5,2026-04-09 19:04:55,wallet
T002202,U0827,P0366,1,206.51,5,2026-02-20 03:35:28,upi
T002203,U0995,P0055,3,434.23,1,2026-01-31 02:25:41,paypal
T002204,U0167,P0371,3,66.84,3,2026-04-19 18:13:54,paypal
T002205,U0374,P0455,3,483.41,4,2026-02-16 02:42:26,debit_card
T002206,U0455,P0039,4,448.89,3,2026-01-31 20:52:32,credit_card
T002207,U0699,P0210,4,302.58,3,2026-03-01 23:50:06,credit_card
T002208,U0556,P0181,4,-372.74,1,2026-02-13 09:15:14,credit_card
T002209,U0915,P0063,1,467.24,4,2026-01-31 16:48:10,credit_card
T002210,U0397,P0054,2,328.62,1,2026-02-03 03:46:09,debit_card
T002211,U0463,P0110,5,118.61,1,2026-04-15 19:01:05,credit_card
T002212,U0466,P0084,1,469.39,3,2026-03-21 21:22:36,upi
T002213,U0367,P0489,4,137.17,1,2026-01-28 20:44:36,credit_card
T002214,U0682,P0397,3,152.48,2,2026-03-12 02:05:03,upi
T002215,U0567,P0420,2,427.38,1,2026-02-04 15:20:00,paypal
T002216,U0211,P0139,2,158.45,1,2026-02-04 09:13:43,upi
T002217,U0325,P0450,3,332.85,4,2026-02-07 10:00:12,wallet
T002218,U0150,P0065,2,476.64,1,2026-04-12 15:29:21,paypal
T002219,U0130,P0381,1,400.33,4,2026-03-26 09:31:43,upi
T002220,U0057,P0115,5,405.28,5,2026-03-05 03:33:38,paypal
T002221,U0629,P0077,2,146.75,4,2026-03-11 11:35:59,debit_card
T002222,U0067,P0433,4,150.45,3,2026-03-02 06:51:24,debit_card
T002223,U0101,P0485,4,378.51,3,2026-04-04 11:26:58,credit_card
T002224,U0441,P0018,3,326.33,3,2026-02-02 03:29:59,debit_card
T002225,U0488,P0476,1,466.36,3,2026-04-12 15:29:03,debit_card
T002226,U0648,P0054,1,473.77,5,2026-04-06 01:39:25,upi
T002227,U0549,P0220,5,419.45,3,2026-03-18 13:40:49,credit_card
T002228,U0115,P0286,5,121.44,1,2026-02-24 03:52:36,paypal
T002229,U0650,P0440,3,322.98,4,2026-02-28 18:08:34,debit_card
T002230,U0244,P0137,2,191.85,5,2026-03-21 09:03:05,upi
T002231,,P0309,4,26.87,4,2026-03-25 13:06:58,debit_card
T002232,U0857,P0487,3,,1,2026-04-15 17:36:37,paypal
T002233,U0050,P0131,1,399.63,2,2026-03-21 00:40:30,credit_card
T002234,U0934,P0383,1,263.99,5,2026-03-11 20:16:48,wallet
T002235,U0714,P0230,3,325.69,5,2026-03-06 06:09:31,wallet
T002236,U0022,P0168,3,25.93,3,2026-03-22 20:46:18,debit_card
T002237,U0515,P0035,5,140.78,2,2026-03-10 14:29:55,wallet
T002238,U0051,P0204,2,373.1,5,2026-04-07 23:07:24,debit_card
T002239,U0295,P0040,4,470.55,1,2026-01-31 21:43:47,paypal
T002240,U0883,P0138,1,408.12,4,2026-02-11 17:45:58,wallet
T002241,U0662,P0457,5,22.71,5,2026-04-13 01:57:48,upi
T002242,U0515,P0410,2,53.62,1,2026-02-08 04:17:13,upi
T002243,U0960,P0299,3,305.31,5,2026-02-08 05:49:56,debit_card
T002244,U0248,P0490,1,100.83,4,2026-03-23 18:08:42,debit_card
T002245,U0355,P0002,2,264.36,3,2026-03-15 04:29:19,upi
T002246,U0180,P0353,4,352.66,3,2026-01-31 06:53:55,paypal
T002247,U0811,P0090,4,329.83,4,2026-02-13 05:14:30,debit_card
T002248,U0324,P0334,4,123.94,4,2026-02-21 06:32:59,credit_card
T002249,U0693,P0459,3,363.99,1,2026-04-07 09:11:52,debit_card
T002250,U0036,,5,126.85,4,2026-02-22 04:04:31,paypal
T002251,U0666,P0261,4,42.1,5,2026-02-25 05:13:25,paypal
T002252,U0052,P0441,3,498.22,2,2026-04-14 12:00:54,debit_card
T002253,U0976,P0446,1,433.12,5,2026-03-07 13:04:00,wallet
T002254,U0504,P0254,5,402.36,5,2026-02-17 14:23:43,paypal
T002255,U0688,P0402,-1,249.4,4,2026-04-04 12:40:43,upi
T002256,U0153,P0114,5,363.61,1,2026-03-15 02:36:04,debit_card
T002257,U0597,P0077,1,127.28,1,2026-02-02 23:10:45,credit_card
T002258,U0246,P0336,2,34.86,1,2026-03-21 11:56:54,debit_card
T002259,U0382,P0485,1,97.28,3,2026-03-12 20:59:58,paypal
T002260,U0978,P0269,3,358.62,1,2026-02-10 07:41:13,debit_card
T002261,,P0374,2,98.87,2,2026-01-24 20:18:20,upi
T002262,U0805,P0128,5,378.78,4,2026-01-27 20:57:14,paypal
T002263,U0213,P0300,1,131.79,1,2026-03-28 12:51:42,wallet
T002264,U0900,P0226,5,110.5,5,2026-02-10 04:30:39,debit_card
T002265,U0973,P0058,4,409.72,5,2026-02-12 05:07:03,upi
T002266,U0666,P0028,5,13.2,5,2026-02-15 16:15:07,credit_card
T002267,U0382,P0055,5,123.62,4,2026-03-30 10:58:50,paypal
T002268,U0732,P0307,5,283.96,2,2026-03-30 00:06:48,debit_card
T002269,U0455,P0327,3,492.46,4,2026-02-18 19:47:47,credit_card
T002270,U0099,P0115,2,228.24,3,2026-04-03 09:42:21,upi
T002271,U0174,P0157,3,163.45,1,2026-03-17 17:46:39,credit_card
T002272,U0016,P0165,2,459.93,3,2026-04-13 18:29:05,wallet
T002273,U0134,P0438,2,459.44,5,2026-02-01 04:31:34,wallet
T002274,U0029,P0342,5,407.45,5,2026-04-13 08:27:33,wallet
T002275,U0330,P0030,2,367.29,5,2026-02-24 17:55:07,upi
T002276,U0606,P0500,5,384.25,3,2026-03-26 17:42:23,paypal
T002277,U0225,P0238,1,496.13,4,2026-02-26 03:39:08,paypal
T002278,U0906,P0436,2,116.02,1,2026-03-18 00:35:15,upi
T002279,U0421,P0214,0,39.82,4,2026-02-16 08:28:50,credit_card
T002280,U0103,P0294,1,362.13,1,2026-02-02 21:29:29,paypal
T002281,U0346,P0381,2,,2,2026-03-23 07:29:03,credit_card
T002282,U0862,P0098,3,345.74,2,2026-03-23 17:56:44,wallet
T002283,U0080,P0498,4,14.13,2,2026-03-23 20:50:04,debit_card
T002284,U0029,P0213,1,407.27,5,2026-02-06 01:51:04,credit_card
T002285,U0294,P0471,3,263.51,1,2026-03-22 05:14:18,credit_card
T002286,U0401,P0094,3,229.9,3,2026-02-05 10:52:12,upi
T002287,U0573,P0139,4,129.48,3,2026-03-02 02:12:25,upi
T002288,U0968,P0169,2,292.01,5,2026-01-23 12:12:26,debit_card
T002289,U0394,P0414,4,315.89,1,2026-02-05 00:52:55,upi
T002290,U0163,P0465,1,314.49,4,2026-03-31 22:02:23,credit_card
T002291,U0868,P0120,3,350.71,10,2026-01-21 19:33:20,credit_card
T002292,U0583,P0310,4,274.41,3,2026-02-24 11:43:03,upi
T002293,U0335,P0488,4,499.46,5,2026-01-30 16:17:03,paypal
T002294,,P0095,1,485.17,3,2026-01-27 23:09:01,paypal
T002295,U0926,P0044,3,462.39,3,2026-03-14 17:38:04,paypal
T002296,U0010,P0289,2,33.77,8,2026-04-12 18:08:48,paypal
T002297,U0616,P0377,5,342.98,1,2026-01-23 02:36:18,debit_card
T002298,U0906,P0132,1,158.58,1,2026-03-05 22:54:23,wallet
T002299,U0054,P0199,4,19.36,1,2026-02-21 09:53:41,upi
T002300,U0368,P0159,5,136.12,1,2026-01-21 01:27:49,paypal
T002301,U0039,P0012,3,359.47,3,2026-03-06 09:10:19,wallet
T002302,U0474,P0198,5,398.05,3,2026-03-29 16:02:46,paypal
T002303,U0175,P0185,4,19.27,5,2026-04-04 22:01:40,debit_card
T002304,U0881,P0145,4,218.25,3,2026-03-17 15:21:59,credit_card
T002305,U0086,P0495,2,269.87,4,2026-04-07 12:03:57,credit_card
T002306,U0092,P0260,1,93.61,1,2026-03-10 12:50:55,debit_card
T002307,U0698,P0337,3,-10.5,1,2026-03-08 20:36:45,paypal
T002308,U0617,P0012,3,127.73,3,2026-01-22 15:59:25,credit_card
T002309,U0795,P0255,3,44.87,4,2026-04-17 09:59:42,upi
T002310,U0973,P0412,4,429.81,4,2026-02-13 03:41:46,credit_card
T002311,U0708,P0493,2,390.68,2,2026-04-19 09:00:40,credit_card
T002312,U0598,P0235,4,241.19,2,2026-03-07 11:11:17,upi
T002313,U0103,P0212,5,134.45,3,2026-02-24 13:49:31,wallet
T002314,U0430,P0145,3,382.93,5,2026-04-07 06:33:14,paypal
T002315,U0700,P0158,1,471.32,5,2026-02-18 06:44:37,wallet
T002316,U0917,P0396,1,434.74,2,2026-03-17 23:02:11,debit_card
T002317,U0279,P0483,3,386.04,5,2026-04-20 05:43:13,wallet
T002318,U0469,P0384,3,489.78,1,2026-02-23 10:53:54,wallet
T002319,U0932,P0472,5,496.3,1,2026-01-20 20:54:52,paypal
T002320,U0394,P0174,5,134.98,4,2026-02-19 21:07:06,debit_card
T002321,U0660,P0384,3,284.57,5,2026-03-24 20:23:39,credit_card
T002322,U0660,P0491,4,378.45,4,2026-03-11 23:15:02,upi
T002323,U0429,P0412,3,428.31,4,2026-02-15 16:29:04,wallet
T002324,U0047,P0165,2,144.35,2,2026-03-05 04:03:36,wallet
T002325,U0103,P0438,5,232.74,4,2026-02-05 19:35:46,wallet
T002326,U0458,P0157,4,223.26,4,2026-03-16 15:28:39,upi
T002327,U0772,P0030,5,49.99,1,2026-04-06 06:54:27,paypal
T002328,U0168,P0195,3,71.83,7,2026-04-14 23:36:58,wallet
T002329,U0216,P0058,4,223.26,5,2026-03-24 00:33:51,wallet
T002330,U0813,P0182,4,378.49,4,2026-03-01 20:56:27,credit_card
T002331,U0027,P0322,3,424.4,4,2026-02-16 21:31:31,upi
T002332,U0497,P0024,3,429.3,4,2026-03-22 17:31:27,credit_card
T002333,U0279,P0018,3,404.43,4,2026-01-27 04:54:24,paypal
T002334,U0975,P0384,1,351.63,0,2026-03-08 10:16:15,paypal
T002335,U0633,P0145,1,323.55,5,2026-04-18 22:40:56,wallet
T002336,U0329,P0235,3,74.77,4,2026-04-10 07:52:53,upi
T002337,U0265,P0487,3,467.56,5,2026-02-23 12:59:44,paypal
T002338,U0751,P0173,4,201.28,8,2026-02-15 08:48:42,paypal
T002339,U0707,P0140,2,,3,2026-01-23 20:34:54,paypal
T002340,U0975,P0111,1,346.05,2,2026-03-21 17:07:03,debit_card
T002341,U0541,P0321,2,242.65,5,2026-03-02 18:28:40,wallet
T002342,U0510,P0031,5,294.72,-2,2026-02-09 23:29:16,upi
T002343,U0837,P0207,1,125.03,4,2026-04-08 19:40:19,credit_card
T002344,U0807,P0326,2,391.16,4,2026-04-17 11:08:58,paypal
T002345,U0554,P0089,5,481.58,3,2026-02-14 13:07:12,credit_card
T002346,U0058,P0492,4,305.55,4,2026-02-02 15:44:29,paypal
T002347,U0230,P0245,4,436.63,4,2026-04-17 19:07:58,paypal
T002348,U0143,P0143,4,62.02,3,2026-04-02 02:21:11,wallet
T002349,U0115,P0200,2,472.97,4,2026-04-04 12:08:55,credit_card
T002350,U0876,P0429,4,403.38,3,2026-04-07 06:24:19,paypal
T002351,U0037,P0051,4,307.15,3,2026-03-15 22:19:13,upi
T002352,U0543,P0032,4,316.19,2,2026-02-15 01:56:48,upi
T002353,U0686,P0024,1,266.7,2,2026-02-16 11:12:33,wallet
T002354,U0019,P0073,2,474.0,4,2026-02-27 08:26:09,debit_card
T002355,U0852,P0222,5,431.62,2,2026-02-24 22:42:05,paypal
T002356,U0101,P0283,1,54.24,4,2026-04-16 21:00:57,paypal
T002357,U0930,P0313,5,67.73,2,2026-04-03 10:56:30,upi
T002358,U0923,P0135,1,131.17,1,2026-03-30 05:40:06,wallet
T002359,U0474,P0307,1,138.95,3,2026-04-05 12:42:08,credit_card
T002360,U0085,P0335,2,23.47,2,2026-02-18 20:29:38,credit_card
T002361,U0377,P0309,4,492.09,4,2026-04-12 21:06:17,paypal
T002362,U0158,P0112,5,474.25,3,2026-02-13 20:18:08,debit_card
T002363,U0739,P0247,3,441.46,3,2026-02-09 19:17:35,wallet
T002364,U0308,P0198,0,242.28,4,2026-02-19 11:09:32,wallet
T002365,U0646,P0399,3,36.32,2,2026-01-21 06:31:42,upi
T002366,U0487,P0405,2,345.05,1,2026-03-19 20:57:06,debit_card
T002367,U0834,P0039,4,87.61,1,2026-03-03 12:50:02,debit_card
T002368,U0162,P0218,4,312.52,2,2026-02-24 23:50:04,paypal
T002369,U0692,P0397,5,130.58,4,2026-02-07 14:21:57,wallet
T002370,U0736,P0237,4,298.7,2,2026-03-26 19:10:09,wallet
T002371,U0853,P0138,5,48.84,2,2026-03-28 15:52:53,upi
T002372,U0170,P0260,4,,4,2026-03-29 13:57:52,wallet
T002373,U0086,P0027,3,18.83,4,2026-04-20 06:01:18,wallet
T002374,U0387,P0444,5,479.03,4,2026-03-01 06:38:59,paypal
T002375,U0103,P0381,3,248.18,1,2026-04-15 18:42:23,credit_card
T002376,U0145,P0010,3,19.89,1,2026-04-20 00:17:22,upi
T002377,U0826,P0053,5,43.84,5,2026-02-24 09:04:43,debit_card
T002378,U0468,P0029,2,216.94,4,2026-03-28 03:37:46,paypal
T002379,U0636,P0203,2,402.18,3,2026-01-23 02:52:27,wallet
T002380,U0215,P0190,2,452.29,1,2026-01-23 04:08:36,paypal
T002381,U0524,P0155,3,203.88,2,2026-01-31 07:58:11,upi
T002382,U0059,P0356,1,364.71,1,2026-04-15 16:47:26,paypal
T002383,U0581,P0098,1,453.54,4,2026-03-07 15:06:15,credit_card
T002384,U0822,P0256,2,13.34,1,2026-04-20 16:12:46,debit_card
T002385,U0465,P0110,2,418.57,4,2026-04-11 23:59:31,credit_card
T002386,U0086,P0431,1,57.88,3,2026-04-02 06:15:18,upi
T002387,U0161,P0040,5,312.12,2,2026-02-09 09:30:19,credit_card
T002388,U0001,P0213,1,112.27,4,2026-03-03 09:49:39,wallet
T002389,U0437,P0475,4,-35.97,3,2026-01-30 09:51:40,debit_card
T002390,U0350,P0278,1,418.92,4,2026-01-30 02:20:07,wallet
T002391,U0729,P0437,1,497.01,1,2026-02-27 12:20:28,credit_card
T002392,U0085,P0458,3,375.72,1,2026-04-20 04:05:46,wallet
T002393,U0967,P0168,-5,483.83,4,2026-01-27 05:30:05,upi
T002394,U0416,P0308,2,-100.0,3,2026-03-24 17:38:55,wallet
T002395,U0448,P0214,1,425.2,3,2026-03-25 12:05:53,upi
T002396,U0154,P0163,4,181.47,3,2026-02-10 06:32:02,paypal
T002397,U0411,P0443,3,380.99,4,2026-04-05 09:35:31,bitcoin
T002398,U0425,P0388,1,392.38,4,2026-03-04 09:23:17,credit_card
T002399,U0757,P0266,2,254.34,4,2026-02-02 04:12:59,paypal
T002400,U0576,P0286,1,197.51,3,2026-04-01 00:46:00,credit_card
T002401,U0582,P0256,3,183.52,4,2026-01-25 20:16:02,debit_card
T002402,U0412,P0252,5,196.89,3,2026-01-25 09:33:46,paypal
T002403,U0752,P0149,1,452.13,3,2026-02-06 22:43:26,paypal
T002404,U0785,P0075,4,0.0,1,2026-03-28 19:37:03,credit_card
T002405,U0717,P0178,1,41.75,1,2026-02-18 15:57:22,wallet
T002406,U0674,P0213,2,211.25,3,2026-04-09 16:10:28,credit_card
T002407,U0301,P0074,3,40.76,5,2026-04-15 18:22:59,credit_card
T002408,U0302,P0077,1,228.19,4,2026-04-14 19:37:24,credit_card
T002409,U0450,P0335,1,31.6,5,2026-01-29 09:38:11,debit_card
T002410,U0437,P0185,5,241.48,2,2026-04-06 23:41:09,upi
T002411,U0401,P0211,1,344.75,3,2026-02-21 04:25:25,cheque
T002412,U0803,P0043,3,28.5,4,2026-03-16 00:30:22,credit_card
T002413,U0705,P0426,4,180.45,1,2026-04-20 19:32:50,credit_card
T002414,U0006,P0461,4,457.17,5,2026-02-21 06:31:04,wallet
T002415,U0291,P0499,3,187.67,4,2026-02-02 19:16:39,upi
T002416,U0944,P0248,4,401.58,4,2026-03-15 17:46:16,debit_card
T002417,U0705,P0048,5,365.8,2,2026-03-31 08:28:01,paypal
T002418,,P0443,1,136.88,1,2026-04-11 21:32:57,debit_card
T002419,U0114,P0186,2,231.71,2,2026-03-07 22:39:07,upi
T002420,U0548,P0114,2,217.18,4,2026-02-24 01:58:48,wallet
T002421,U0695,P0296,1,93.58,1,2026-03-05 21:35:26,wallet
T002422,U0828,P0138,3,347.16,4,2026-04-05 19:25:14,wallet
T002423,U0030,P0047,2,338.87,2,2026-03-04 14:44:44,debit_card
T002424,U0063,P0273,2,213.32,1,2026-04-01 19:39:01,credit_card
T002425,U0153,P0184,4,413.66,1,2026-01-28 14:41:18,debit_card
T002426,U0735,P0025,4,361.95,4,2026-01-27 08:14:45,paypal
T002427,U0950,P0173,5,182.35,5,2026-02-02 11:34:46,credit_card
T002428,U0401,P0225,4,379.11,4,2026-04-20 15:02:58,debit_card
T002429,U0587,P0208,3,275.43,4,2026-02-13 14:02:42,credit_card
T002430,U0136,P0400,3,129.3,4,2026-03-26 17:46:26,debit_card
T002431,U0949,P0074,1,313.23,2,2026-03-02 10:02:43,paypal
T002432,U0048,P0413,5,497.14,1,2026-03-10 22:22:16,paypal
T002433,U0019,P0314,4,,4,2026-02-15 23:38:43,wallet
T002434,,P0467,1,410.44,5,2026-02-14 23:09:21,paypal
T002435,U0914,P0061,1,491.3,1,2026-03-16 14:10:53,paypal
T002436,U0553,P0150,5,150.73,2,2026-04-02 08:25:35,credit_card
T002437,U0775,P0003,3,220.99,2,2026-04-19 11:24:09,upi
T002438,U0002,P0363,5,308.52,4,2026-01-24 13:58:27,paypal
T002439,U0579,P0442,2,240.45,5,2026-01-20 10:21:46,paypal
T002440,U0479,P0453,5,488.99,3,2026-03-31 08:49:55,credit_card
T002441,U0270,P0241,1,71.98,5,2026-04-03 00:51:33,debit_card
T002442,U0870,P0234,4,138.81,1,2026-02-13 00:09:34,credit_card
T002443,U0329,P0472,1,449.58,1,2026-04-09 19:51:29,paypal
T002444,U0938,P0252,3,156.4,2,2026-03-30 18:29:37,credit_card
T002445,U0555,P0145,2,247.51,1,2026-03-09 05:49:20,wallet
T002446,U0169,P0257,3,394.19,4,2026-02-09 12:32:30,paypal
T002447,U0230,P0095,1,191.52,2,2026-03-29 13:08:01,credit_card
T002448,U0328,P0432,3,450.2,1,2026-02-13 11:59:45,debit_card
T002449,U0259,P0240,1,55.02,4,2026-03-31 18:34:25,upi
T002450,U0689,P0390,3,16.59,3,2026-02-04 07:34:57,wallet
T002451,U0765,P0355,1,439.85,3,2026-01-31 18:40:24,credit_card
T002452,U0368,P0384,1,412.64,1,2026-02-05 00:48:12,credit_card
T002453,U0505,P0133,1,488.99,3,2026-01-28 12:03:33,upi
T002454,U0595,P0310,2,115.97,2,2026-03-21 14:49:28,wallet
T002455,U0149,P0402,4,285.26,5,2026-02-22 16:18:49,debit_card
T002456,U0524,P0239,5,109.5,5,2026-02-08 13:27:28,debit_card
T002457,U0872,P0105,5,33.73,1,2026-03-07 15:01:43,debit_card
T002458,U0422,P0416,1,225.08,2,2026-02-27 04:28:54,debit_card
T002459,U0489,P0106,5,-424.21,5,2026-01-31 04:59:04,paypal
T002460,U0549,P0417,1,288.07,4,2026-03-10 21:03:58,paypal
T002461,U0891,P0098,4,155.77,4,2026-03-05 07:05:53,credit_card
T002462,U0674,P0157,3,349.56,5,2026-02-24 13:34:27,upi
T002463,U0566,P0390,1,190.4,5,2026-04-04 11:38:12,credit_card
T002464,U0939,P0151,4,353.61,1,2026-03-29 16:18:07,wallet
T002465,U0564,P0297,4,-439.93,2,2026-02-19 01:41:17,debit_card
T002466,U0204,P0005,3,86.27,2,2026-02-19 08:05:00,wallet
T002467,U0538,P0324,2,60.79,5,2026-03-10 00:08:53,debit_card
T002468,U0333,P0014,5,365.88,2,2026-03-24 00:35:17,cash
T002469,U0006,P0013,3,-10.5,5,2026-03-16 13:49:06,upi
T002470,U0528,P0156,4,29.65,4,2026-04-13 05:33:51,upi
T002471,U0044,P0378,2,,4,2026-03-25 22:03:46,upi
T002472,U0976,P0219,2,212.53,1,2026-03-06 07:28:10,upi
T002473,U0199,P0272,1,423.14,5,2026-02-07 07:19:37,debit_card
T002474,U0905,P0438,1,286.48,1,2026-01-31 22:09:44,wallet
T002475,U0556,P0087,3,237.43,1,2026-04-10 16:59:32,paypal
T002476,U0102,P0269,4,77.92,-2,2026-04-02 18:27:34,upi
T002477,U0860,P0097,4,235.59,0,2026-03-25 23:37:34,credit_card
T002478,U0901,P0217,5,474.24,7,2026-01-21 00:30:05,upi
T002479,U0794,P0453,4,428.22,5,2026-04-17 19:03:46,credit_card
T002480,U0897,P0465,2,248.31,1,2026-02-28 05:57:01,paypal
T002481,U0176,P0279,3,194.94,5,2026-01-22 15:22:30,wallet
T002482,U0795,P0039,4,302.42,2,2026-04-10 10:23:39,credit_card
T002483,U0682,P0313,5,395.23,5,2026-03-17 00:18:19,debit_card
T002484,U0127,P0022,5,40.52,2,2026-02-22 20:20:38,credit_card
T002485,U0633,P0280,3,443.67,3,2026-02-21 19:19:20,upi
T002486,U0565,P0294,1,472.62,3,2026-03-29 08:58:53,debit_card
T002487,U0262,P0214,3,274.2,4,2026-04-11 04:55:59,upi
T002488,U0062,P0094,1,116.11,5,2026-04-18 01:04:33,upi
T002489,U0721,P0217,4,155.85,3,2026-04-11 22:03:28,wallet
T002490,U0488,P0326,3,119.06,1,2026-03-28 18:09:25,wallet
T002491,U0009,P0432,2,228.11,2,2026-04-12 12:10:34,debit_card
T002492,U0450,P0055,2,214.95,5,2026-03-28 18:04:36,credit_card
T002493,U0295,P0459,1,173.48,3,2026-03-23 19:40:46,credit_card
T002494,U0241,P0324,4,108.14,1,2026-02-25 06:05:00,credit_card
T002495,U0861,P0245,3,199.97,2,2026-02-23 17:29:36,wallet
T002496,U0617,P0142,3,130.66,1,2026-03-24 19:49:44,debit_card
T002497,U0461,P0116,1,182.41,5,2026-03-22 14:52:23,upi
T002498,U0139,P0017,5,161.36,1,2026-03-17 18:57:49,paypal
T002499,U0733,P0469,4,134.0,1,2026-02-03 12:05:22,upi
T002500,U0460,P0151,4,485.56,2,2026-02-03 21:50:29,wallet
T002501,U0715,P0249,5,334.48,4,2026-03-04 22:58:43,debit_card
T002502,U0324,P0463,3,335.35,3,2026-02-08 09:34:40,paypal
T002503,U0576,P0404,4,206.93,2,2026-04-08 06:30:16,cash
T002504,U0622,P0029,4,89.39,4,2026-03-21 22:25:26,paypal
T002505,U0045,P0222,1,58.46,3,2026-02-02 08:17:20,wallet
T002506,U0168,P0225,2,282.98,5,2026-03-28 07:57:36,debit_card
T002507,U0631,P0070,2,418.81,5,2026-03-28 14:12:34,debit_card
T002508,U0159,P0184,3,217.37,5,2026-03-14 06:47:53,wallet
T002509,U0423,P0458,4,491.65,1,2026-02-18 13:07:18,upi
T002510,U0382,P0255,3,324.3,1,2026-04-01 11:21:54,debit_card
T002511,U0503,P0334,1,355.96,5,2026-02-09 14:56:34,debit_card
T002512,U0493,P0119,3,11.99,4,2026-01-24 01:54:13,credit_card
T002513,U0153,P0421,4,212.17,3,2026-03-10 23:10:53,credit_card
T002514,U0600,P0410,4,46.98,5,2026-01-24 20:37:41,credit_card
T002515,U0007,P0025,5,62.13,6,2026-03-06 21:35:09,paypal
T002516,U0317,P0174,3,-10.5,2,2026-01-24 01:59:26,credit_card
T002517,U0486,P0454,5,435.95,4,2026-02-05 23:49:49,upi
T002518,U0745,P0153,2,404.15,1,2026-04-12 11:27:40,debit_card
T002519,U0842,P0366,2,176.54,5,2026-04-03 18:26:20,upi
T002520,U0703,P0477,2,37.68,2,2026-02-09 03:58:07,bitcoin
T002521,U0407,P0192,4,289.08,1,2026-01-25 16:17:26,credit_card
T002522,U0643,P0273,4,377.99,1,2026-02-04 18:00:39,credit_card
T002523,U0219,P0343,3,10.46,2,2026-03-06 01:13:14,credit_card
T002524,U0417,P0139,2,82.37,4,2026-03-14 09:21:56,debit_card
T002525,U0318,P0427,5,326.72,4,2026-03-04 05:06:09,upi
T002526,U0690,P0352,3,39.83,3,2026-02-13 10:21:23,upi
T002527,U0911,P0252,3,48.97,4,2026-01-21 05:42:53,wallet
T002528,U0383,P0359,5,439.84,2,2026-03-31 19:34:09,upi
T002529,U0352,P0184,5,-10.5,5,2026-03-24 11:31:14,wallet
T002530,U0955,P0379,2,39.07,1,2026-04-16 12:32:03,paypal
T002531,U0168,P0493,5,371.5,2,2026-02-18 01:48:38,credit_card
T002532,U0409,,3,366.98,1,2026-04-14 08:57:36,debit_card
T002533,U0618,P0492,4,234.41,3,2026-02-26 23:25:27,paypal
T002534,U0233,P0117,2,300.64,3,2026-03-05 16:37:20,wallet
T002535,U0439,P0486,4,349.68,3,2026-04-20 01:57:30,paypal
T002536,U0878,P0460,4,472.11,2,2026-02-22 23:09:59,upi
T002537,U0737,P0141,5,245.61,5,2026-02-16 10:46:13,credit_card
T002538,U0577,P0408,1,210.94,1,2026-01-22 01:10:19,wallet
T002539,U0587,P0227,5,152.87,2,2026-04-08 18:29:26,debit_card
T002540,U0593,P0292,2,42.35,3,2026-02-05 04:24:33,debit_card
T002541,U0515,P0065,4,184.19,3,2026-04-07 17:06:22,credit_card
T002542,U0991,P0471,2,0.0,5,2026-01-29 00:03:51,paypal
T002543,U0659,P0187,4,286.24,5,2026-01-31 13:10:03,wallet
T002544,U0762,P0134,2,139.6,3,2026-03-09 12:45:11,credit_card
T002545,U0667,P0076,2,150.54,3,2026-02-24 02:02:03,upi
T002546,U0709,P0014,5,388.36,4,2026-04-13 07:52:51,credit_card
T002547,U0963,P0376,2,,5,2026-04-13 10:38:53,debit_card
T002548,U0331,P0478,4,274.54,3,2026-03-02 22:33:03,credit_card
T002549,U0761,P0242,2,498.44,1,2026-02-08 19:02:36,debit_card
T002550,U0076,P0327,1,399.13,2,2026-03-11 11:14:04,debit_card
T002551,U0097,P0498,5,48.58,3,2026-02-22 18:03:03,wallet
T002552,U0518,P0299,2,385.94,4,2026-01-26 17:45:09,credit_card
T002553,U0379,P0439,1,227.53,5,2026-03-08 23:29:42,credit_card
T002554,U0654,P0206,2,198.57,2,2026-02-12 16:09:27,upi
T002555,U0184,P0478,3,359.76,2,2026-02-05 15:33:41,paypal
T002556,U0464,P0079,1,479.31,4,2026-04-07 19:07:28,credit_card
T002557,U0262,P0379,4,29.65,5,2026-04-09 23:19:49,debit_card
T002558,U0452,P0310,5,254.39,3,2026-02-09 23:43:48,
T002559,U0636,P0302,5,222.98,2,2026-03-10 20:35:49,credit_card
T002560,U0831,P0266,3,187.35,3,2026-02-02 21:20:38,wallet
T002561,U0690,P0115,5,458.1,4,2026-04-02 05:35:34,wallet
T002562,U0170,P0205,2,373.76,1,2026-02-01 15:16:12,paypal
T002563,U0108,,5,364.51,3,2026-02-10 17:32:13,paypal
T002564,U0458,P0437,5,417.28,4,2026-02-01 13:08:52,paypal
T002565,U0753,P0115,2,480.98,1,2026-04-12 16:14:14,wallet
T002566,U0964,P0397,2,44.9,2,2026-04-12 10:52:38,upi
T002567,U0338,P0460,4,441.13,5,2026-03-15 03:27:01,upi
T002568,U0389,P0185,1,79.82,1,2026-01-22 01:34:40,debit_card
T002569,U0511,P0271,4,160.77,5,2026-04-02 12:59:23,wallet
T002570,U0687,P0469,4,37.64,1,2026-03-05 04:23:30,debit_card
T002571,U0965,P0167,2,261.24,1,2026-04-13 15:21:26,debit_card
T002572,U0098,P0315,1,172.14,2,2026-03-24 13:56:50,wallet
T002573,U0214,P0088,5,239.16,5,2026-04-17 06:06:29,upi
T002574,U0294,P0346,4,389.61,2,2026-03-11 18:46:22,wallet
T002575,U0488,P0163,2,53.54,3,2026-02-09 09:28:18,debit_card
T002576,U0552,P0252,2,431.03,1,2026-03-17 11:50:20,upi
T002577,U0618,P0099,1,162.14,3,2026-02-21 23:48:59,wallet
T002578,U0275,P0415,1,300.92,5,2026-03-09 09:50:11,paypal
T002579,U0993,P0348,5,485.89,4,2026-02-11 23:02:47,paypal
T002580,U0686,P0104,5,146.2,5,2026-02-07 17:57:19,upi
T002581,U0964,P0341,1,423.46,4,2026-02-18 23:09:43,upi
T002582,U0541,P0170,1,327.06,1,2026-03-02 03:59:52,wallet
T002583,U0160,P0179,1,326.69,1,2026-01-23 06:58:19,credit_card
T002584,U0669,P0273,4,231.94,1,2026-03-22 12:55:47,wallet
T002585,U0108,P0141,3,416.05,3,2026-03-14 15:38:33,credit_card
T002586,U0635,P0209,4,366.82,4,2026-01-21 03:21:30,paypal
T002587,U0056,P0367,3,124.95,1,2026-01-30 00:02:12,debit_card
T002588,U0402,P0335,3,177.66,4,2026-04-18 11:04:18,upi
T002589,U0380,P0215,4,187.75,4,2026-02-13 05:04:14,wallet
T002590,U0659,P0245,4,487.33,1,2026-01-27 12:17:24,credit_card
T002591,U0444,P0267,3,311.01,2,2026-02-19 08:52:17,credit_card
T002592,U0627,P0402,3,446.69,4,2026-04-19 06:45:55,credit_card
T002593,U0319,P0360,4,321.87,4,2026-02-01 13:39:39,paypal
T002594,U0226,P0436,4,117.67,1,2026-03-02 07:25:17,paypal
T002595,U0169,P0279,5,10.03,4,2026-04-20 19:13:50,credit_card
T002596,U0651,P0457,4,82.98,2,2026-01-27 20:57:12,upi
T002597,U0115,P0181,1,244.71,1,2026-03-16 14:29:37,credit_card
T002598,U0407,P0310,-1,117.92,4,2026-01-27 12:04:31,wallet
T002599,U0061,P0138,1,68.62,5,2026-04-11 17:05:09,upi
T002600,U0624,P0221,2,60.92,5,2026-02-25 15:00:55,upi
T002601,U0034,P0291,5,199.75,1,2026-03-31 16:47:28,paypal
T002602,U0631,P0216,1,432.87,-2,2026-04-07 18:36:53,debit_card
T002603,U0019,P0263,4,275.12,3,2026-03-21 16:28:06,wallet
T002604,U0553,P0261,5,85.03,2,2026-03-19 12:40:41,wallet
T002605,U0413,P0272,4,273.57,4,2026-02-11 16:16:28,paypal
T002606,U0943,P0258,2,470.02,2,2026-01-21 01:18:06,wallet
T002607,U0731,P0226,1,450.7,3,2026-03-23 12:07:20,wallet
T002608,U0364,P0009,1,408.08,2,2026-02-16 14:00:16,upi
T002609,U0879,P0078,1,42.16,3,2026-03-09 16:14:28,wallet
T002610,U0991,P0034,3,18.7,2,2026-03-29 06:38:42,paypal
T002611,U0771,P0427,4,161.21,5,2026-04-12 04:20:00,debit_card
T002612,U0461,P0041,4,398.14,1,2026-04-02 10:08:30,debit_card
T002613,U0680,P0415,2,333.72,3,2026-04-02 14:51:58,debit_card
T002614,U0481,P0276,1,400.19,1,2026-04-13 22:15:18,credit_card
T002615,U0374,P0055,5,366.29,2,2026-03-09 21:07:29,credit_card
T002616,U0027,P0142,4,301.13,3,2026-03-16 11:06:53,paypal
T002617,U0613,P0135,1,387.29,5,2026-01-28 11:57:51,credit_card
T002618,U0620,P0390,2,311.95,2,2026-03-24 20:22:44,wallet
T002619,U0908,P0048,1,314.9,2,2026-03-16 19:28:31,wallet
T002620,U0056,P0011,5,255.26,4,2026-04-16 01:49:11,upi
T002621,U0847,P0473,5,45.58,3,2026-02-28 02:56:20,upi
T002622,U0918,P0328,4,436.83,4,2026-02-01 03:44:37,upi
T002623,U0778,P0239,2,419.28,3,2026-02-09 00:04:16,upi
T002624,U0910,P0444,4,34.57,1,2026-03-04 18:53:30,paypal
T002625,U0568,P0079,3,499.48,1,2026-02-21 22:41:07,upi
T002626,U0497,,5,487.74,3,2026-04-19 17:37:40,debit_card
T002627,U0292,P0004,1,122.93,2,2026-01-30 13:18:26,credit_card
T002628,U0765,P0403,5,433.77,1,2026-03-18 12:39:13,wallet
T002629,U0572,P0312,4,97.26,2,2026-04-17 11:17:27,wallet
T002630,U0312,P0325,4,215.48,1,2026-04-08 09:50:52,wallet
T002631,U0989,P0432,3,433.28,7,2026-02-12 13:12:45,credit_card
T002632,U0614,P0294,1,50.55,2,2026-03-12 08:27:41,debit_card
T002633,U0269,P0478,5,419.18,2,2026-03-17 17:42:23,upi
T002634,U0057,P0273,3,292.86,2,2026-03-15 18:25:42,debit_card
T002635,U0241,P0316,3,373.28,3,2026-02-14 10:07:51,paypal
T002636,U0552,P0404,2,54.79,5,2026-04-11 00:09:08,credit_card
T002637,U0124,P0161,3,243.87,5,2026-02-24 03:37:41,paypal
T002638,U0891,P0499,1,113.25,-1,2026-03-07 13:24:48,debit_card
T002639,U0161,P0464,2,0.0,1,2026-03-25 07:51:13,wallet
T002640,U0507,P0125,1,236.79,2,2026-03-01 05:26:55,debit_card
T002641,U0151,P0143,2,133.05,2,2026-02-01 07:26:46,wallet
T002642,U0358,P0409,4,397.88,4,2026-03-02 15:55:01,debit_card
T002643,U0565,P0004,4,106.67,2,2026-03-08 00:41:31,credit_card
T002644,U0431,P0364,3,429.78,3,2026-03-02 19:02:57,credit_card
T002645,U0915,P0157,5,93.64,3,2026-01-25 17:19:31,wallet
T002646,U0164,P0266,4,101.72,3,2026-03-27 16:02:41,debit_card
T002647,U0591,P0097,4,21.42,4,2026-02-09 22:56:20,paypal
T002648,U0890,P0260,4,364.73,4,2026-01-22 19:03:46,credit_card
T002649,U0377,P0181,5,75.16,2,2026-03-14 05:13:42,debit_card
T002650,U0960,P0362,1,486.26,4,2026-03-08 00:43:52,credit_card
T002651,U0087,P0190,2,426.56,4,2026-01-23 07:49:44,paypal
T002652,U0786,P0049,3,469.23,4,2026-03-22 12:17:12,
T002653,U0872,P0358,5,259.57,4,2026-02-16 17:45:04,credit_card
T002654,U0243,P0226,5,298.05,4,2026-01-21 19:06:54,credit_card
T002655,U0883,P0415,3,131.6,2,2026-03-30 21:14:17,wallet
T002656,U0757,P0039,2,355.18,2,2026-04-14 22:16:22,upi
T002657,U0821,P0424,3,231.92,3,2026-02-13 23:29:22,upi
T002658,U0812,P0389,4,142.22,3,2026-03-03 04:08:32,debit_card
T002659,U0642,P0168,4,85.8,2,2026-02-08 00:26:16,wallet
T002660,U0988,P0449,2,394.61,4,2026-02-21 09:47:15,debit_card
T002661,U0603,P0290,4,69.79,5,2026-01-27 16:17:43,credit_card
T002662,U0573,P0348,4,31.74,4,2026-04-02 21:34:36,debit_card
T002663,U0620,P0307,3,176.54,1,2026-03-10 23:57:28,wallet
T002664,U0205,P0266,2,312.01,1,2026-03-09 05:18:17,wallet
T002665,,P0375,4,17.21,2,2026-03-23 18:27:13,paypal
T002666,U0718,P0254,1,377.6,2,2026-03-14 23:41:58,debit_card
T002667,U0650,P0007,3,194.54,3,2026-04-13 23:41:03,upi
T002668,U0935,P0091,3,317.01,5,2026-03-10 22:20:12,paypal
T002669,U0076,P0072,2,166.36,5,2026-03-28 19:53:24,wallet
T002670,U0597,P0346,1,341.91,5,2026-03-26 18:53:45,upi
T002671,U0781,P0016,5,43.61,1,2026-03-19 03:37:16,paypal
T002672,U0611,P0382,2,457.9,2,2026-04-20 14:34:22,credit_card
T002673,U0251,P0400,4,260.56,5,2026-04-13 12:08:57,wallet
T002674,U0679,P0259,3,137.92,3,2026-02-15 17:45:59,debit_card
T002675,U0799,P0058,2,95.16,4,2026-03-24 15:10:14,debit_card
T002676,U0885,P0287,2,390.13,-1,2026-04-05 02:45:51,wallet
T002677,U0057,P0411,3,124.14,3,2026-04-19 08:45:47,credit_card
T002678,U0790,P0303,4,289.3,4,2026-03-03 13:40:56,wallet
T002679,U0734,P0403,3,96.52,5,2026-02-04 20:14:54,credit_card
T002680,U0068,P0416,5,425.63,4,2026-02-24 16:50:40,
T002681,U0613,P0047,2,61.35,2,2026-03-10 12:59:27,wallet
T002682,U0709,,3,199.95,2,2026-01-27 04:46:29,debit_card
T002683,U0110,P0069,1,249.77,1,2026-03-18 00:37:03,paypal
T002684,U0182,P0361,2,435.64,4,2026-03-01 19:08:48,wallet
T002685,U0565,P0048,1,271.2,5,2026-02-10 00:52:48,upi
T002686,U0224,P0013,3,67.01,3,2026-02-05 16:30:44,debit_card
T002687,U0898,P0203,1,281.09,5,2026-02-02 00:21:09,wallet
T002688,U0353,P0116,1,467.75,1,2026-01-28 16:44:11,wallet
T002689,U0675,P0430,2,381.29,1,2026-02-17 14:27:09,debit_card
T002690,U0160,P0100,5,329.65,1,2026-02-16 16:20:22,credit_card
T002691,U0181,P0016,5,329.81,5,2026-01-31 21:43:37,paypal
T002692,U0006,P0039,3,200.2,4,2026-01-30 08:36:01,upi
T002693,U0037,P0480,0,252.71,4,2026-02-09 01:19:21,paypal
T002694,U0374,P0025,5,478.4,1,2026-03-16 07:27:10,paypal
T002695,U0235,P0124,2,187.59,1,2026-03-12 06:49:35,upi
T002696,U0136,P0167,1,27.48,5,2026-02-23 13:45:27,credit_card
T002697,U0497,P0126,1,440.46,3,2026-04-15 02:43:00,paypal
T002698,U0103,P0106,2,332.19,1,2026-04-05 14:24:39,upi
T002699,U0208,P0029,5,419.1,2,2026-02-26 00:00:15,upi
T002700,U0317,P0048,2,175.6,4,2026-03-14 12:17:08,debit_card
T002701,U0243,P0289,1,118.93,4,2026-02-17 18:50:26,paypal
T002702,U0493,P0143,2,118.43,1,2026-04-05 11:39:14,wallet
T002703,U0020,P0360,1,23.56,5,2026-02-27 03:42:45,upi
T002704,U0146,P0350,4,249.19,1,2026-01-31 11:17:22,upi
T002705,U0532,P0124,1,141.32,3,2026-01-20 00:38:51,debit_card
T002706,U0592,P0131,3,434.95,3,2026-03-26 10:34:30,upi
T002707,U0881,P0381,3,324.99,1,2026-02-01 18:16:38,credit_card
T002708,U0782,P0331,5,20.42,2,2026-02-10 00:04:47,credit_card
T002709,U0385,P0179,1,304.02,5,2026-04-07 00:15:13,upi
T002710,U0762,P0009,5,64.92,4,2026-03-05 01:10:39,upi
T002711,U0993,P0176,1,460.38,5,2026-02-09 14:11:42,upi
T002712,U0485,P0325,3,403.18,3,2026-03-12 03:25:39,upi
T002713,U0664,P0082,2,340.08,5,2026-04-10 10:19:54,debit_card
T002714,U0751,P0310,4,179.43,5,2026-04-11 20:19:11,upi
T002715,U0804,P0490,2,14.98,1,2026-02-21 20:13:57,upi
T002716,U0083,P0456,1,415.92,4,2026-04-16 12:21:20,debit_card
T002717,U0292,P0250,4,-10.5,1,2026-02-21 10:36:43,debit_card
T002718,U0740,P0494,4,66.35,5,2026-03-17 10:45:23,paypal
T002719,U0224,P0033,3,188.03,3,2026-03-06 00:33:28,wallet
T002720,U0985,P0027,1,81.12,5,2026-01-22 15:31:46,wallet
T002721,U0359,P0157,4,105.94,3,2026-03-15 09:15:28,debit_card
T002722,U0831,P0230,2,300.82,2,2026-03-13 22:54:28,credit_card
T002723,U0039,P0489,5,22.15,5,2026-02-09 09:30:19,paypal
T002724,U0059,P0331,5,67.05,4,2026-04-15 10:49:05,upi
T002725,U0043,P0078,2,214.99,4,2026-02-26 04:05:25,upi
T002726,U0061,P0402,4,16.25,2,2026-03-07 06:10:55,paypal
T002727,U0331,P0465,2,333.76,1,2026-02-13 09:16:11,credit_card
T002728,U0461,P0216,2,497.04,10,2026-01-23 20:58:17,paypal
T002729,U0307,P0475,1,250.98,3,2026-04-16 01:08:59,credit_card
T002730,U0398,P0127,4,310.89,3,2026-03-31 09:45:48,wallet
T002731,U0169,P0284,1,228.35,5,2026-02-15 07:41:33,wallet
T002732,U0761,P0208,5,318.99,1,2026-01-23 19:46:35,debit_card
T002733,U0821,P0300,4,329.34,3,2026-03-16 03:58:18,unknown
T002734,U0832,P0032,4,149.6,3,2026-03-13 17:27:30,upi
T002735,U0266,P0238,5,410.13,4,2026-02-10 12:02:50,credit_card
T002736,U0569,P0134,3,38.4,1,2026-04-13 11:07:49,debit_card
T002737,U0814,P0425,5,294.37,2,2026-03-06 17:03:28,credit_card
T002738,U0902,,5,443.23,5,2026-03-16 04:21:43,credit_card
T002739,U0148,P0267,3,318.04,1,2026-02-21 08:40:49,wallet
T002740,U0693,P0440,2,167.94,3,2026-02-07 00:24:28,debit_card
T002741,U0191,P0481,5,383.0,3,2026-04-02 04:17:23,wallet
T002742,U0781,P0494,1,431.94,5,2026-03-28 01:17:09,paypal
T002743,U0191,P0272,2,406.57,1,2026-03-04 07:05:27,credit_card
T002744,U0995,P0222,4,117.46,1,2026-04-15 19:42:25,debit_card
T002745,U0832,P0028,2,285.39,5,2026-02-26 00:40:32,credit_card
T002746,U0756,P0221,4,237.32,6,2026-04-05 05:10:54,credit_card
T002747,U0596,P0443,1,369.88,3,2026-01-21 17:49:33,credit_card
T002748,U0593,P0235,1,304.92,4,2026-02-26 11:09:38,paypal
T002749,U0959,P0362,3,22.0,4,2026-04-05 04:14:11,paypal
T002750,U0254,P0262,4,401.26,4,2026-02-15 20:06:31,paypal
T002751,U0252,P0060,3,375.1,3,2026-03-13 18:02:05,upi
T002752,U0623,P0162,5,458.2,5,2026-02-09 20:30:19,upi
T002753,U0185,P0378,4,121.02,4,2026-02-16 06:05:41,paypal
T002754,U0971,P0117,4,380.46,0,2026-04-16 23:06:31,wallet
T002755,,P0293,1,169.97,4,2026-03-02 03:58:34,paypal
T002756,U0065,P0351,2,161.01,1,2026-03-18 14:27:38,wallet
T002757,U0668,P0439,2,83.65,5,2026-03-25 16:09:50,upi
T002758,U0831,P0356,5,52.07,4,2026-01-24 12:53:48,bitcoin
T002759,U0598,P0053,4,398.3,2,2026-04-17 09:45:30,debit_card
T002760,U0887,P0122,4,377.18,4,2026-02-21 07:49:43,upi
T002761,U0256,P0274,1,43.02,1,2026-03-28 09:34:04,debit_card
T002762,U0295,P0039,2,178.78,4,2026-02-04 15:55:36,wallet
T002763,U0147,P0212,1,42.04,3,2026-03-20 13:53:57,debit_card
T002764,U0026,P0228,2,135.12,5,2026-03-22 08:20:09,paypal
T002765,U0320,P0062,3,414.16,3,2026-03-05 15:12:10,paypal
T002766,U0463,P0463,2,41.46,1,2026-03-11 18:38:09,wallet
T002767,U0335,P0304,2,208.22,2,2026-03-21 23:11:44,credit_card
T002768,U0015,P0280,5,445.13,10,2026-02-17 19:58:54,debit_card
T002769,U0047,P0064,3,278.03,3,2026-03-21 18:27:46,credit_card
T002770,U0415,P0192,4,14.79,5,2026-01-26 09:38:01,credit_card
T002771,U0521,P0351,5,28.5,2,2026-02-25 10:21:08,upi
T002772,U0826,P0367,2,282.32,2,2026-03-16 02:23:18,upi
T002773,U0211,P0135,4,26.65,5,2026-03-19 07:55:12,upi
T002774,U0855,P0104,1,138.33,10,2026-04-18 03:24:39,wallet
T002775,U0088,P0098,4,456.34,2,2026-04-05 07:20:00,wallet
T002776,U0763,P0004,3,176.29,2,2026-01-20 23:22:52,wallet
T002777,,P0379,2,145.82,1,2026-04-13 02:56:44,upi
T002778,U0294,P0251,4,134.99,2,2026-03-22 07:11:38,wallet
T002779,U0708,P0499,4,281.94,1,2026-02-15 08:30:53,upi
T002780,U0665,P0068,2,-100.0,5,2026-02-02 20:19:33,credit_card
T002781,U0373,P0177,2,332.99,2,2026-03-07 18:20:41,wallet
T002782,U0256,P0018,2,53.3,4,2026-03-23 02:18:37,upi
T002783,U0053,P0334,2,129.73,3,2026-01-29 17:14:30,wallet
T002784,U0466,P0207,1,85.72,4,2026-02-28 21:46:01,credit_card
T002785,U0484,P0082,4,457.54,3,2026-03-28 18:31:31,credit_card
T002786,U0004,P0174,1,131.61,1,2026-03-14 17:30:15,wallet
T002787,U0077,P0089,5,260.26,2,2026-03-17 22:11:39,debit_card
T002788,U0617,P0332,5,171.18,5,2026-02-17 02:06:24,wallet
T002789,U0915,P0080,2,395.7,5,2026-02-01 09:58:19,upi
T002790,U0586,P0179,2,300.85,2,2026-03-14 21:29:00,wallet
T002791,U0747,P0077,2,473.75,2,2026-01-25 15:58:17,debit_card
T002792,U0648,P0154,5,213.02,1,2026-03-04 15:43:18,debit_card
T002793,U0237,P0027,4,254.17,1,2026-01-28 20:58:17,paypal
T002794,,P0252,1,497.54,3,2026-04-20 02:49:12,debit_card
T002795,U0575,P0455,1,135.11,4,2026-02-02 05:46:09,credit_card
T002796,U0576,P0104,4,72.8,5,2026-03-18 11:11:53,wallet
T002797,U0338,P0207,2,114.89,4,2026-03-30 23:32:23,wallet
T002798,U0436,P0360,1,245.03,2,2026-02-05 16:27:37,upi
T002799,U0993,P0209,1,354.71,2,2026-04-08 23:40:17,paypal
T002800,U0656,P0034,2,209.74,5,2026-04-04 01:47:33,upi
T002801,U0369,P0396,4,152.97,4,2026-04-05 19:58:49,paypal
T002802,U0660,P0113,4,208.29,2,2026-04-16 08:58:41,upi
T002803,U0760,P0428,3,214.08,1,2026-03-25 09:54:58,paypal
T002804,U0227,P0176,4,231.91,4,2026-03-28 13:11:13,wallet
T002805,U0142,P0353,5,145.52,3,2026-03-25 08:30:33,upi
T002806,U0076,P0275,5,456.88,2,2026-03-17 10:37:05,paypal
T002807,U0555,P0449,5,452.95,2,2026-04-09 13:44:17,credit_card
T002808,U0289,P0067,3,140.82,1,2026-02-12 12:47:39,upi
T002809,U0509,P0328,1,86.15,4,2026-03-27 06:18:03,unknown
T002810,U0341,P0405,5,282.14,1,2026-03-11 03:56:51,credit_card
T002811,U0986,P0120,4,363.18,2,2026-02-09 21:26:54,paypal
T002812,,P0115,5,496.49,1,2026-02-27 07:47:12,cash
T002813,U0262,P0047,2,224.15,5,2026-01-21 18:39:35,upi
T002814,U0327,P0164,1,17.44,4,2026-02-02 22:22:52,wallet
T002815,U0474,P0470,1,434.65,5,2026-02-15 22:44:33,debit_card
T002816,U0695,,2,72.67,3,2026-01-24 06:03:39,upi
T002817,U0814,P0188,5,152.56,3,2026-01-25 02:24:05,upi
T002818,U0383,P0230,3,188.8,4,2026-02-27 18:59:04,upi
T002819,U0218,P0325,2,282.07,1,2026-04-17 18:02:14,credit_card
T002820,U0804,P0175,4,39.07,3,2026-03-01 17:26:03,debit_card
T002821,U0536,P0368,3,66.74,5,2026-03-12 00:14:28,credit_card
T002822,U0765,P0221,4,415.74,4,2026-04-16 02:26:00,paypal
T002823,U0199,P0041,4,195.45,1,2026-04-18 05:59:24,paypal
T002824,U0299,P0356,3,194.54,4,2026-04-19 21:28:35,credit_card
T002825,U0523,P0044,3,114.33,4,2026-04-09 16:26:25,paypal
T002826,U0470,P0171,3,138.8,1,2026-03-10 20:15:53,debit_card
T002827,U0275,P0397,2,214.78,3,2026-02-13 08:34:23,wallet
T002828,U0560,P0081,3,307.92,5,2026-03-16 21:25:20,upi
T002829,U0387,P0372,1,277.9,1,2026-03-26 16:58:32,paypal
T002830,U0530,P0285,1,151.34,3,2026-04-11 00:42:55,debit_card
T002831,U0430,P0115,3,267.96,3,2026-03-03 03:50:01,debit_card
T002832,U0822,P0381,4,69.26,5,2026-02-19 16:23:26,wallet
T002833,U0058,P0444,2,87.5,5,2026-02-15 00:48:06,wallet
T002834,U0663,P0353,3,,1,2026-04-17 05:56:47,credit_card
T002835,U0811,P0102,3,496.88,3,2026-03-03 16:00:09,wallet
T002836,U0626,P0306,1,460.65,4,2026-02-12 12:28:30,upi
T002837,U0397,P0401,5,247.71,2,2026-01-27 13:53:35,debit_card
T002838,U0964,P0215,3,,5,2026-02-14 16:05:41,credit_card
T002839,U0663,P0349,3,63.49,1,2026-02-25 03:36:21,debit_card
T002840,U0409,P0249,4,246.81,4,2026-03-23 22:04:16,paypal
T002841,U0824,P0297,2,374.26,2,2026-02-23 21:53:56,upi
T002842,U0491,P0112,4,48.99,4,2026-03-21 11:25:05,paypal
T002843,U0799,P0232,5,491.08,-1,2026-01-23 22:01:11,paypal
T002844,U0343,P0136,1,462.06,5,2026-04-20 22:44:24,paypal
T002845,U0924,P0153,2,284.31,5,2026-02-06 13:43:43,wallet
T002846,U0458,P0207,5,146.63,1,2026-02-19 14:09:01,upi
T002847,U0499,P0139,5,265.24,5,2026-04-07 21:13:51,upi
T002848,U0617,P0447,1,264.49,4,2026-03-27 15:25:58,debit_card
T002849,U0579,P0468,1,493.58,3,2026-02-04 19:37:58,debit_card
T002850,U0332,P0300,1,375.48,5,2026-02-25 22:12:21,credit_card
T002851,U0704,P0145,3,137.6,3,2026-02-12 16:40:36,credit_card
T002852,U0464,P0071,3,157.08,3,2026-02-08 17:29:29,wallet
T002853,U0422,P0033,1,-304.77,3,2026-03-19 23:38:15,debit_card
T002854,U0563,P0244,3,453.37,4,2026-03-01 03:17:24,wallet
T002855,U0252,P0313,1,466.47,4,2026-01-20 08:42:36,upi
T002856,U0560,P0087,5,470.91,1,2026-02-18 11:26:15,upi
T002857,U0536,P0487,5,308.56,1,2026-04-16 00:40:38,cash
T002858,U0668,P0332,3,272.12,4,2026-03-19 00:00:55,upi
T002859,U0367,P0016,0,103.78,5,2026-02-16 21:52:05,debit_card
T002860,U0331,P0202,4,420.39,4,2026-04-18 11:05:08,upi
T002861,U0835,P0126,1,383.91,4,2026-03-22 02:26:28,wallet
T002862,U0413,P0093,4,209.13,4,2026-03-28 14:58:11,credit_card
T002863,U0414,P0462,2,399.81,5,2026-03-11 07:33:34,wallet
T002864,U0123,P0124,1,469.84,2,2026-03-13 04:43:36,paypal
T002865,U0702,P0420,5,262.7,3,2026-01-23 22:12:39,paypal
T002866,,P0204,3,406.49,3,2026-04-02 17:42:47,upi
T002867,U0032,P0399,3,120.25,3,2026-02-23 09:02:44,paypal
T002868,U0989,P0289,3,150.76,2,2026-02-02 23:45:58,upi
T002869,U0390,P0088,1,453.48,1,2026-01-29 06:25:51,wallet
T002870,U0631,P0128,3,459.77,2,2026-03-29 00:19:59,credit_card
T002871,U0809,P0346,5,89.82,1,2026-03-06 08:57:36,upi
T002872,U0330,P0014,3,320.16,4,2026-03-28 15:31:18,wallet
T002873,U0429,P0307,1,28.79,1,2026-04-06 06:10:04,debit_card
T002874,U0193,P0046,3,75.19,3,2026-01-21 09:55:01,credit_card
T002875,U0951,P0161,4,170.26,3,2026-04-18 05:17:36,upi
T002876,U0434,P0265,4,488.27,1,2026-04-13 06:21:19,upi
T002877,U0460,P0417,5,373.95,2,2026-02-19 08:14:08,debit_card
T002878,U0849,P0169,4,469.94,5,2026-02-28 05:37:55,credit_card
T002879,U0096,P0283,3,135.68,3,2026-03-18 14:20:08,upi
T002880,U0086,P0213,2,443.27,3,2026-01-26 15:05:18,paypal
T002881,U0067,P0008,2,48.13,3,2026-01-28 23:10:03,upi
T002882,U0910,P0126,2,322.84,3,2026-02-06 07:43:00,paypal
T002883,U0650,P0220,3,353.56,3,2026-02-25 15:38:13,credit_card
T002884,U0131,P0419,1,117.99,5,2026-02-24 14:58:37,upi
T002885,U0692,P0089,4,137.55,1,2026-01-29 21:55:04,wallet
T002886,U0633,P0089,5,450.11,1,2026-02-27 07:39:05,paypal
T002887,U0218,P0174,3,414.52,3,2026-04-10 15:38:51,debit_card
T002888,U0850,P0273,4,404.99,6,2026-03-24 18:36:41,credit_card
T002889,U0856,P0389,2,393.26,5,2026-02-25 16:33:07,bitcoin
T002890,U0868,P0038,2,372.1,3,2026-01-25 16:51:52,paypal
T002891,,P0046,5,436.03,3,2026-01-22 13:37:40,wallet
T002892,U0906,P0496,2,338.24,1,2026-03-05 11:28:42,paypal
T002893,U0428,P0365,3,48.26,1,2026-03-12 22:27:28,credit_card
T002894,U0678,P0322,4,63.24,5,2026-03-05 21:32:57,upi
T002895,U0224,P0328,4,86.21,2,2026-01-20 08:26:53,credit_card
T002896,U0324,P0274,3,195.51,2,2026-04-06 09:06:42,paypal
T002897,U0914,P0427,2,278.05,3,2026-02-21 00:36:50,credit_card
T002898,U0599,P0085,2,62.66,3,2026-01-26 17:11:28,wallet
T002899,U0509,P0125,1,441.45,3,2026-04-17 06:52:45,wallet
T002900,U0028,P0435,1,127.55,3,2026-04-11 23:01:36,debit_card
T002901,U0969,P0096,5,87.94,4,2026-02-07 00:54:50,paypal
T002902,U0698,P0187,3,356.36,4,2026-02-07 18:23:10,paypal
T002903,U0622,P0255,3,198.44,3,2026-03-17 19:53:33,debit_card
T002904,U0855,P0415,2,301.21,5,2026-04-04 10:31:57,debit_card
T002905,U0074,P0016,5,344.2,1,2026-03-30 18:22:16,bitcoin
T002906,U0362,P0391,4,278.0,5,2026-02-12 19:16:22,credit_card
T002907,U0696,P0434,5,176.65,2,2026-03-26 08:49:12,wallet
T002908,U0457,P0266,2,15.94,1,2026-04-01 21:56:12,wallet
T002909,U0443,P0417,3,,5,2026-04-17 19:01:42,paypal
T002910,U0414,P0388,1,417.96,3,2026-03-04 15:16:31,debit_card
T002911,U0686,P0164,4,323.76,1,2026-02-15 05:41:58,upi
T002912,U0102,P0481,5,405.54,5,2026-03-18 12:59:10,wallet
T002913,U0463,P0422,3,36.19,5,2026-03-31 01:09:36,debit_card
T002914,U0036,P0249,3,444.17,2,2026-01-25 09:10:41,upi
T002915,U0813,P0458,5,456.49,4,2026-02-25 07:34:43,wallet
T002916,U0022,P0324,4,414.68,5,2026-02-21 17:28:35,upi
T002917,U0195,P0315,2,30.3,3,2026-04-10 09:17:55,paypal
T002918,U0014,P0350,4,125.41,1,2026-04-03 17:36:50,credit_card
T002919,U0931,P0278,5,377.01,1,2026-02-04 02:27:36,debit_card
T002920,U0060,P0388,2,381.08,4,2026-02-12 22:13:29,credit_card
T002921,U0753,P0203,5,404.68,3,2026-02-05 15:47:07,credit_card
T002922,U0654,P0398,4,213.4,4,2026-02-24 17:36:02,credit_card
T002923,U0030,P0251,5,117.74,2,2026-03-17 12:26:20,upi
T002924,U0376,P0070,1,276.42,1,2026-04-17 07:01:07,credit_card
T002925,U0668,P0003,1,370.89,1,2026-04-11 19:06:38,debit_card
T002926,U0183,P0047,3,87.59,5,2026-01-25 02:09:47,upi
T002927,U0303,P0036,4,439.38,3,2026-02-15 01:22:19,wallet
T002928,U0387,P0013,3,82.7,2,2026-02-01 14:29:03,upi
T002929,U0144,P0109,2,427.14,3,2026-03-09 09:10:47,paypal
T002930,U0486,P0060,1,196.58,4,2026-01-27 15:39:28,upi
T002931,U0983,P0330,2,250.81,4,2026-03-28 19:21:22,wallet
T002932,U0169,P0038,3,69.9,1,2026-01-25 02:10:59,upi
T002933,U0165,P0413,5,22.46,3,2026-03-21 22:35:50,wallet
T002934,U0738,P0024,1,331.1,4,2026-01-27 12:33:19,upi
T002935,U0278,P0239,4,372.7,5,2026-04-10 13:29:04,upi
T002936,U0775,P0187,4,300.36,2,2026-02-17 14:30:27,upi
T002937,U0892,P0373,3,320.28,3,2026-03-23 21:57:43,credit_card
T002938,U0854,P0499,1,410.99,5,2026-04-09 21:15:42,debit_card
T002939,U0761,P0423,4,269.33,5,2026-03-12 11:27:00,debit_card
T002940,U0223,P0395,1,273.64,3,2026-03-01 07:47:30,debit_card
T002941,U0271,P0450,2,22.15,5,2026-03-30 06:20:19,credit_card
T002942,U0807,P0238,1,11.05,2,2026-03-11 17:03:41,paypal
T002943,U0346,P0135,4,180.14,5,2026-03-16 10:34:51,credit_card
T002944,U0972,P0218,2,269.21,3,2026-01-30 03:47:24,upi
T002945,U0875,,2,411.9,2,2026-01-26 07:00:25,paypal
T002946,U0520,P0084,1,242.6,2,2026-03-10 08:11:47,debit_card
T002947,U0887,P0015,5,385.67,1,2026-02-22 20:08:53,credit_card
T002948,U0549,P0456,5,359.61,1,2026-02-02 06:03:12,paypal
T002949,U0515,P0011,3,159.23,2,2026-01-27 14:29:01,paypal
T002950,U0698,P0425,4,462.07,2,2026-01-31 03:38:17,debit_card
T002951,U0456,P0055,4,263.1,1,2026-04-02 19:19:33,credit_card
T002952,,P0436,4,499.63,4,2026-02-18 13:22:42,debit_card
T002953,U0088,P0171,2,466.73,4,2026-02-14 23:47:29,upi
T002954,U0118,P0038,1,231.48,1,2026-03-11 19:26:49,upi
T002955,,P0331,0,144.31,3,2026-02-01 10:35:18,upi
T002956,U0908,P0121,3,438.68,3,2026-03-15 19:59:52,wallet
T002957,U0344,P0099,4,152.99,2,2026-03-04 06:16:36,paypal
T002958,U0471,P0228,4,273.8,5,2026-04-11 17:53:17,upi
T002959,U0831,P0386,2,343.45,5,2026-03-08 03:13:11,upi
T002960,U0642,P0462,4,26.66,2,2026-04-15 23:41:43,debit_card
T002961,U0673,P0246,1,58.93,1,2026-04-08 12:51:00,credit_card
T002962,U0696,P0226,1,182.06,1,2026-04-09 22:12:23,upi
T002963,U0746,P0342,2,79.01,1,2026-04-13 11:10:33,upi
T002964,U0933,P0252,2,175.03,5,2026-03-14 02:44:29,credit_card
T002965,U0371,P0327,5,488.57,3,2026-04-17 22:53:56,debit_card
T002966,U0236,P0412,5,389.05,1,2026-03-11 04:34:36,wallet
T002967,U0700,P0498,1,222.86,5,2026-03-26 03:10:14,paypal
T002968,U0737,P0357,4,204.83,2,2026-01-23 20:57:36,wallet
T002969,U0060,P0180,1,323.06,2,2026-02-22 07:16:58,paypal
T002970,U0836,P0291,2,209.63,3,2026-03-16 19:12:13,credit_card
T002971,U0710,P0478,5,254.4,5,2026-04-10 09:03:34,paypal
T002972,U0499,P0075,3,452.03,3,2026-02-01 15:27:07,upi
T002973,U0397,P0074,1,402.36,4,2026-02-26 08:47:22,credit_card
T002974,U0633,P0209,3,254.89,2,2026-04-07 23:18:42,debit_card
T002975,U0144,P0201,5,125.77,3,2026-03-27 17:35:10,credit_card
T002976,U0619,P0369,2,296.01,3,2026-02-02 15:18:52,debit_card
T002977,U0574,P0364,5,29.85,3,2026-03-05 09:38:29,wallet
T002978,U0809,P0080,4,78.53,4,2026-02-15 08:07:41,credit_card
T002979,U0883,P0474,2,175.43,1,2026-02-05 20:24:12,upi
T002980,U0403,P0207,2,140.32,3,2026-02-02 22:40:41,upi
T002981,U0999,P0444,3,138.01,4,2026-03-15 12:25:05,debit_card
T002982,U0871,P0394,2,158.64,5,2026-03-12 18:47:18,paypal
T002983,U0963,P0391,1,211.99,2,2026-01-28 17:21:17,paypal
T002984,U0074,P0237,1,131.29,2,2026-04-10 20:08:51,paypal
T002985,U0336,P0134,4,24.29,3,2026-01-20 22:46:40,credit_card
T002986,U0363,P0413,4,137.31,3,2026-04-20 19:10:15,credit_card
T002987,U0497,P0213,4,163.08,4,2026-03-27 10:51:14,credit_card
T002988,U0232,P0280,2,68.28,4,2026-03-16 01:41:29,upi
T002989,U0549,P0396,2,106.29,5,2026-02-25 19:41:05,debit_card
T002990,U0653,P0470,2,460.88,3,2026-02-05 10:26:49,wallet
T002991,U0550,P0061,4,437.6,2,2026-03-07 09:02:27,paypal
T002992,U0111,P0250,4,353.08,3,2026-02-28 14:49:56,credit_card
T002993,U0827,P0135,1,60.57,5,2026-04-13 03:58:34,credit_card
T002994,U0670,P0052,3,340.06,4,2026-02-17 20:41:11,credit_card
T002995,U0645,P0087,5,258.16,2,2026-03-01 18:55:28,paypal
T002996,U0289,P0287,-5,340.36,2,2026-03-19 17:17:16,credit_card
T002997,U0139,P0454,4,490.03,1,2026-03-02 14:01:25,wallet
T002998,U0347,P0100,5,12.2,5,2026-02-01 16:24:59,paypal
T002999,U0278,P0250,5,455.93,3,2026-01-21 19:09:24,credit_card
T003000,U0673,P0099,1,398.73,5,2026-04-06 05:49:28,debit_card
T003001,U0580,P0326,1,432.48,3,2026-02-01 22:01:41,wallet
T003002,U0783,P0200,3,282.37,3,2026-01-24 05:37:37,wallet
T003003,U0251,P0238,4,133.4,2,2026-03-14 23:18:00,paypal
T003004,U0569,P0232,2,267.09,2,2026-02-19 20:01:47,upi
T003005,U0328,P0215,2,495.44,1,2026-01-21 20:11:09,cash
T003006,U0374,P0297,5,,1,2026-03-28 20:05:13,wallet
T003007,U0014,P0004,2,0.0,3,2026-02-13 16:36:17,wallet
T003008,U0158,P0280,4,433.98,4,2026-04-10 05:50:04,debit_card
T003009,U0053,P0466,2,14.94,1,2026-01-27 19:44:52,credit_card
T003010,U0922,P0391,4,289.84,2,2026-02-10 07:27:58,wallet
T003011,U0479,P0194,4,91.99,3,2026-02-23 02:30:56,paypal
T003012,U0872,P0357,1,488.01,5,2026-01-27 16:12:51,credit_card
T003013,U0859,P0399,2,232.63,2,2026-04-09 06:04:04,wallet
T003014,U0316,P0435,2,334.48,4,2026-02-16 12:05:33,wallet
T003015,U0788,P0437,2,160.11,2,2026-04-20 14:12:56,debit_card
T003016,U0573,,5,248.79,3,2026-04-08 11:47:21,paypal
T003017,U0624,P0046,1,308.59,2,2026-02-19 13:05:14,paypal
T003018,U0870,P0269,5,180.73,2,2026-03-26 23:38:45,debit_card
T003019,U0269,P0205,2,327.34,5,2026-02-01 15:49:33,credit_card
T003020,U0679,P0308,1,181.57,5,2026-03-23 13:18:50,debit_card
T003021,U0019,P0358,2,,1,2026-02-23 21:18:21,wallet
T003022,U0686,P0389,1,490.55,5,2026-02-27 02:20:52,upi
T003023,U0480,P0290,3,317.34,2,2026-04-13 01:32:04,debit_card
T003024,U0476,P0306,5,311.42,1,2026-02-24 11:57:10,paypal
T003025,U0945,P0278,1,406.7,5,2026-04-08 04:24:18,upi
T003026,U0642,P0083,5,146.99,5,2026-02-27 19:30:59,upi
T003027,U0277,P0301,3,31.03,1,2026-04-03 06:20:47,upi
T003028,,P0283,5,485.38,3,2026-03-30 00:48:19,upi
T003029,U0673,,1,415.83,5,2026-04-11 00:49:09,paypal
T003030,U0468,P0411,1,49.36,4,2026-02-25 07:39:27,paypal
T003031,U0458,P0165,2,332.22,5,2026-02-05 12:01:16,paypal
T003032,U0839,P0464,3,437.89,4,2026-03-25 00:53:30,wallet
T003033,U0275,P0218,5,367.17,1,2026-02-02 12:21:33,wallet
T003034,U0114,P0066,2,196.29,2,2026-02-23 06:49:00,paypal
T003035,U0636,P0331,3,394.51,1,2026-01-20 04:55:49,paypal
T003036,U0119,P0293,1,202.64,4,2026-02-06 11:13:24,paypal
T003037,U0800,P0218,1,314.53,3,2026-03-21 17:38:36,debit_card
T003038,U0858,P0148,5,244.81,3,2026-03-19 14:03:58,debit_card
T003039,U0976,P0460,1,472.52,5,2026-02-16 12:08:06,upi
T003040,U0136,P0343,5,305.58,5,2026-02-01 02:04:03,credit_card
T003041,U0734,P0354,4,132.42,6,2026-02-28 22:50:54,credit_card
T003042,U0518,P0008,3,445.79,2,2026-01-25 05:36:22,debit_card
T003043,U0200,P0008,-5,392.68,5,2026-03-22 12:32:00,upi
T003044,U0256,P0110,4,496.4,2,2026-03-25 17:28:57,upi
T003045,U0353,P0491,4,186.36,3,2026-03-05 05:03:10,paypal
T003046,U0522,P0212,5,168.65,4,2026-03-30 13:06:37,credit_card
T003047,U0743,P0490,4,383.48,3,2026-03-25 17:21:55,wallet
T003048,U0172,P0337,4,,5,2026-03-21 04:03:43,debit_card
T003049,U0047,P0027,1,96.12,3,2026-02-22 14:45:11,paypal
T003050,U0349,P0435,2,126.95,4,2026-04-09 18:33:29,paypal
T003051,U0140,P0300,3,321.36,5,2026-02-25 10:28:46,upi
T003052,U0007,P0147,1,347.82,3,2026-03-08 01:16:57,paypal
T003053,U0683,P0382,4,113.88,2,2026-03-22 01:28:11,upi
T003054,U0618,P0466,3,327.89,1,2026-03-27 03:48:10,wallet
T003055,U0404,P0332,1,106.93,4,2026-03-07 23:50:46,wallet
T003056,U0357,P0167,5,146.91,2,2026-04-03 19:05:46,credit_card
T003057,U0682,P0098,0,443.41,2,2026-02-25 02:47:14,wallet
T003058,U0684,P0315,4,425.1,4,2026-01-31 02:56:54,wallet
T003059,U0006,P0441,1,359.78,4,2026-03-17 16:46:35,paypal
T003060,U0964,P0419,2,195.72,3,2026-03-30 22:42:32,credit_card
T003061,U0887,P0304,5,172.6,2,2026-03-17 03:37:03,paypal
T003062,U0229,P0351,0,290.99,-1,2026-03-21 09:12:27,wallet
T003063,U0211,P0497,3,390.02,4,2026-04-19 18:48:55,wallet
T003064,U0597,P0109,5,214.78,4,2026-04-10 03:18:05,wallet
T003065,U0682,P0247,4,197.72,3,2026-03-28 02:01:49,wallet
T003066,,P0097,1,0.0,4,2026-04-11 11:34:49,debit_card
T003067,U0744,P0035,4,420.24,1,2026-04-11 01:00:30,paypal
T003068,U0199,P0340,1,75.74,4,2026-01-22 13:29:23,paypal
T003069,U0714,P0434,4,156.6,2,2026-04-10 19:21:07,paypal
T003070,U0949,P0173,5,190.0,4,2026-03-15 20:52:13,paypal
T003071,U0384,P0290,1,323.79,4,2026-03-27 03:17:37,debit_card
T003072,U0036,P0254,5,128.47,2,2026-02-02 18:56:25,debit_card
T003073,U0357,P0298,3,63.47,2,2026-02-22 11:56:03,wallet
T003074,U0735,P0089,2,96.46,3,2026-04-18 18:47:56,credit_card
T003075,U0988,P0384,2,151.6,0,2026-03-24 02:49:26,credit_card
T003076,U0785,P0197,2,407.37,4,2026-02-23 07:33:38,paypal
T003077,U0106,P0467,3,302.5,5,2026-03-13 07:19:26,debit_card
T003078,U0508,,1,85.39,1,2026-03-20 09:20:11,credit_card
T003079,U0133,P0269,1,31.79,4,2026-01-20 22:59:08,upi
T003080,U0398,P0119,3,144.16,2,2026-02-24 15:06:50,credit_card
T003081,U0186,P0333,4,485.54,2,2026-02-20 13:20:56,upi
T003082,U0285,P0038,4,322.78,5,2026-03-31 18:02:02,credit_card
T003083,U0832,P0088,3,83.87,3,2026-01-31 09:47:36,debit_card
T003084,U0970,P0180,1,242.68,2,2026-04-15 13:53:01,wallet
T003085,U0375,P0023,3,0.0,3,2026-03-29 13:14:26,debit_card
T003086,U0398,P0027,2,412.75,2,2026-03-03 10:27:37,upi
T003087,U0158,P0450,2,135.67,3,2026-03-07 08:38:04,credit_card
T003088,U0783,P0208,1,480.99,2,2026-04-08 00:37:08,credit_card
T003089,U0273,P0188,5,457.24,2,2026-03-21 13:14:42,debit_card
T003090,U0202,P0138,1,258.22,1,2026-03-08 15:14:56,wallet
T003091,U0814,P0463,2,117.28,3,2026-03-06 14:37:50,debit_card
T003092,U0522,P0190,5,281.86,5,2026-02-08 20:15:47,paypal
T003093,U0905,P0108,5,286.28,4,2026-02-27 19:17:31,upi
T003094,U0594,P0287,1,31.46,3,2026-03-07 17:46:46,debit_card
T003095,U0846,P0443,2,454.65,1,2026-03-19 22:42:35,debit_card
T003096,U0416,P0323,4,10.47,6,2026-01-21 11:04:03,paypal
T003097,U0467,P0453,3,22.85,4,2026-03-01 00:33:54,paypal
T003098,U0423,P0348,4,180.03,8,2026-03-27 21:40:21,wallet
T003099,U0650,P0495,1,326.31,3,2026-03-29 14:27:03,wallet
T003100,U0509,P0444,2,90.26,2,2026-02-26 06:36:53,credit_card
T003101,U0259,P0123,1,40.02,2,2026-04-18 02:19:58,wallet
T003102,U0108,P0445,1,415.04,5,2026-03-21 03:40:02,debit_card
T003103,U0391,P0389,2,176.54,1,2026-04-15 03:18:35,paypal
T003104,U0736,P0076,1,488.2,2,2026-03-31 14:29:12,credit_card
T003105,U0137,P0418,2,115.99,5,2026-03-13 04:23:29,paypal
T003106,U0003,P0367,2,321.65,3,2026-02-27 04:57:53,debit_card
T003107,U0268,P0378,5,86.54,3,2026-02-19 00:48:50,debit_card
T003108,U0237,P0354,2,389.26,1,2026-01-21 00:59:29,credit_card
T003109,U0196,P0067,4,267.95,5,2026-02-10 19:49:38,debit_card
T003110,U0272,P0340,2,173.13,5,2026-03-23 20:39:00,credit_card
T003111,U0732,P0478,2,174.47,2,2026-04-07 11:44:58,
T003112,U0120,P0326,4,498.74,2,2026-04-05 10:13:08,wallet
T003113,U0282,P0209,4,401.92,3,2026-01-27 19:33:52,wallet
T003114,U0890,P0233,4,294.21,3,2026-02-16 13:41:18,credit_card
T003115,U0927,P0141,1,280.4,1,2026-04-12 16:55:40,credit_card
T003116,U0612,P0028,4,130.53,2,2026-03-09 01:59:36,debit_card
T003117,U0497,P0486,2,455.85,3,2026-03-15 17:06:28,debit_card
T003118,U0432,P0036,4,375.48,2,2026-03-15 06:48:32,wallet
T003119,U0150,P0150,3,407.71,5,2026-04-03 17:08:14,upi
T003120,U0886,P0233,2,276.51,2,2026-04-18 10:56:56,unknown
T003121,U0970,P0258,2,41.37,4,2026-02-10 21:37:37,debit_card
T003122,,P0096,2,473.61,2,2026-02-14 19:00:25,credit_card
T003123,U0202,P0257,3,96.53,2,2026-02-16 12:18:02,wallet
T003124,U0029,P0198,2,247.82,1,2026-04-04 10:36:17,credit_card
T003125,U0899,P0369,1,499.35,3,2026-01-29 06:15:14,paypal
T003126,U0347,P0474,2,100.91,2,2026-02-21 13:27:34,upi
T003127,U0454,P0346,1,265.98,5,2026-02-17 20:56:43,debit_card
T003128,U0927,P0448,3,26.96,4,2026-02-09 22:20:26,debit_card
T003129,U0202,P0330,4,146.38,3,2026-02-14 12:27:07,wallet
T003130,U0839,P0416,2,111.54,5,2026-03-18 18:30:45,wallet
T003131,U0374,P0404,5,49.05,5,2026-01-22 12:23:29,debit_card
T003132,U0781,P0017,5,323.11,3,2026-03-04 20:26:22,upi
T003133,U0371,P0293,3,39.01,2,2026-03-05 17:22:01,debit_card
T003134,U0231,P0094,2,16.86,4,2026-01-20 20:22:22,upi
T003135,U0895,P0455,1,283.2,5,2026-02-27 18:18:43,paypal
T003136,U0404,P0349,4,149.71,3,2026-02-10 22:33:54,credit_card
T003137,U0276,P0281,2,372.57,4,2026-03-07 01:30:18,wallet
T003138,U0654,P0395,4,289.97,2,2026-03-19 00:01:28,debit_card
T003139,U0341,P0420,2,341.97,3,2026-04-11 09:37:06,credit_card
T003140,U0816,P0057,1,447.16,3,2026-03-06 14:56:42,debit_card
T003141,U0670,P0156,1,79.99,4,2026-03-18 15:19:25,wallet
T003142,U0027,P0403,5,415.43,1,2026-03-01 20:41:44,upi
T003143,U0310,P0248,1,131.69,4,2026-02-23 06:12:31,paypal
T003144,U0863,P0393,3,382.27,2,2026-01-23 15:39:43,paypal
T003145,U0278,P0436,2,78.71,4,2026-04-11 02:26:41,paypal
T003146,U0226,P0153,1,350.79,2,2026-03-22 02:35:31,paypal
T003147,U0153,P0456,3,103.13,1,2026-01-25 22:09:43,credit_card
T003148,U0344,P0347,4,271.41,1,2026-04-09 13:17:41,debit_card
T003149,U0745,P0496,1,376.25,2,2026-02-09 13:13:58,debit_card
T003150,U0756,P0441,4,145.06,4,2026-02-25 15:56:53,wallet
T003151,U0475,P0032,4,224.78,4,2026-02-26 10:15:37,debit_card
T003152,U0519,P0212,2,28.14,1,2026-03-19 19:05:08,credit_card
T003153,U0753,P0021,1,369.25,1,2026-02-06 10:42:57,paypal
T003154,U0537,P0395,1,192.24,5,2026-04-11 10:49:29,debit_card
T003155,U0108,P0058,5,246.36,5,2026-04-13 00:43:08,credit_card
T003156,U0287,P0132,5,44.09,1,2026-04-14 02:14:51,upi
T003157,U0174,P0358,2,346.98,3,2026-04-02 06:17:53,credit_card
T003158,U0291,P0292,5,111.92,6,2026-02-26 02:03:38,paypal
T003159,U0088,P0067,1,38.91,1,2026-04-15 09:59:38,debit_card
T003160,U0077,P0015,3,191.53,1,2026-02-16 03:12:35,paypal
T003161,U0746,P0268,5,233.3,3,2026-01-24 14:05:29,upi
T003162,U0016,P0395,4,227.99,3,2026-04-12 04:12:53,paypal
T003163,U0119,P0136,5,121.69,1,2026-03-03 14:40:40,credit_card
T003164,U0581,P0180,1,140.26,2,2026-03-19 17:15:45,credit_card
T003165,U0702,P0080,1,177.95,2,2026-03-30 14:08:12,credit_card
T003166,U0108,P0494,3,69.86,1,2026-04-20 15:49:01,debit_card
T003167,U0886,P0372,4,424.57,3,2026-02-15 13:27:48,wallet
T003168,U0198,P0135,1,27.52,1,2026-04-12 15:21:34,paypal
T003169,U0011,P0324,3,477.35,4,2026-02-12 11:33:48,paypal
T003170,U0221,P0063,1,253.42,4,2026-01-29 06:48:16,debit_card
T003171,U0008,P0225,2,167.73,1,2026-03-30 23:35:28,paypal
T003172,U0329,P0417,2,157.31,1,2026-03-31 18:50:37,upi
T003173,U0737,P0406,1,372.45,4,2026-04-16 21:35:23,debit_card
T003174,U0326,P0393,2,408.16,4,2026-01-24 03:36:33,credit_card
T003175,U0945,P0477,5,370.34,5,2026-04-03 08:38:56,credit_card
T003176,U0854,P0447,5,,3,2026-01-27 00:56:13,wallet
T003177,U0626,P0350,5,65.99,5,2026-03-18 04:01:36,wallet
T003178,U0139,P0339,2,263.01,4,2026-02-28 02:47:56,paypal
T003179,U0728,P0303,3,315.08,3,2026-02-22 23:09:11,debit_card
T003180,U0306,P0363,3,412.21,2,2026-03-12 15:31:25,paypal
T003181,U0661,P0089,4,129.0,4,2026-04-10 21:40:16,upi
T003182,U0861,P0224,3,278.87,1,2026-01-24 12:10:14,credit_card
T003183,U0976,P0393,2,287.11,2,2026-04-19 17:03:04,debit_card
T003184,U0839,P0139,2,19.42,4,2026-03-24 17:08:21,upi
T003185,U0633,P0265,2,334.98,4,2026-03-19 18:28:51,credit_card
T003186,U0012,P0253,1,260.23,2,2026-02-21 01:57:32,wallet
T003187,U0625,P0406,2,320.2,1,2026-04-18 07:58:22,debit_card
T003188,U0761,P0391,1,496.75,4,2026-04-03 06:29:45,credit_card
T003189,U0576,P0093,2,397.81,4,2026-01-30 14:06:14,debit_card
T003190,U0017,P0043,4,414.87,2,2026-04-05 11:50:49,credit_card
T003191,U0696,P0072,4,325.76,4,2026-01-27 20:28:15,upi
T003192,U0974,P0301,4,390.18,1,2026-01-22 20:11:42,paypal
T003193,U0002,P0345,2,316.14,5,2026-02-12 23:58:03,upi
T003194,U0401,P0460,4,116.01,10,2026-01-22 19:14:48,upi
T003195,U0235,P0455,2,117.09,5,2026-04-06 23:35:57,paypal
T003196,U0046,P0201,4,-100.0,4,2026-03-15 00:18:45,paypal
T003197,U0363,P0011,5,326.34,1,2026-03-04 01:46:18,wallet
T003198,U0055,P0281,2,31.1,5,2026-02-12 13:07:58,credit_card
T003199,U0709,P0364,5,383.2,1,2026-03-05 13:29:57,upi
T003200,U0951,P0152,3,401.99,5,2026-04-03 10:28:58,credit_card
T003201,U0865,P0065,3,113.48,6,2026-03-11 01:45:14,paypal
T003202,U0014,P0358,2,302.15,5,2026-04-08 01:32:25,upi
T003203,U0409,P0048,5,67.65,5,2026-02-03 11:18:17,wallet
T003204,U0899,P0275,2,212.4,5,2026-02-22 22:12:22,credit_card
T003205,U0243,P0069,1,230.46,3,2026-04-02 03:24:25,credit_card
T003206,U0786,P0245,4,225.05,3,2026-01-22 01:28:47,paypal
T003207,U0193,P0423,4,176.11,2,2026-02-02 12:06:08,upi
T003208,U0363,P0331,2,447.64,5,2026-03-02 01:54:33,wallet
T003209,U0254,P0422,5,202.89,2,2026-04-04 02:08:38,debit_card
T003210,U0435,P0254,3,282.06,4,2026-03-07 14:24:16,upi
T003211,U0975,P0189,2,388.29,3,2026-01-29 11:29:10,debit_card
T003212,U0265,P0339,4,149.38,5,2026-02-06 18:04:33,credit_card
T003213,U0531,P0054,2,37.79,5,2026-01-25 00:56:17,debit_card
T003214,U0505,P0277,1,429.56,1,2026-01-20 09:04:07,debit_card
T003215,U0822,P0444,1,256.36,2,2026-02-21 03:31:32,upi
T003216,U0010,P0306,-5,22.05,4,2026-03-05 17:48:22,wallet
T003217,U0548,P0413,3,65.75,4,2026-03-12 03:04:18,wallet
T003218,U0019,P0256,4,137.76,3,2026-04-06 01:44:48,paypal
T003219,U0229,P0402,5,151.58,4,2026-01-29 15:48:27,debit_card
T003220,U0129,P0354,2,492.74,-1,2026-02-05 15:42:41,credit_card
T003221,U0020,P0175,3,392.46,1,2026-02-10 13:53:32,credit_card
T003222,U0764,P0435,2,266.38,3,2026-03-13 12:57:02,paypal
T003223,U0599,P0073,1,356.57,5,2026-03-01 13:56:48,wallet
T003224,U0520,P0414,4,452.58,5,2026-04-03 07:54:31,debit_card
T003225,U0685,P0300,4,489.82,3,2026-02-13 22:04:53,credit_card
T003226,U0546,P0022,2,124.31,3,2026-04-01 16:03:08,upi
T003227,U0087,P0402,3,158.79,2,2026-02-17 16:03:44,debit_card
T003228,U0387,P0395,1,314.04,1,2026-03-26 11:59:20,upi
T003229,U0348,P0115,-5,305.4,4,2026-03-11 07:52:01,cash
T003230,U0542,P0367,2,330.42,2,2026-04-20 20:50:29,credit_card
T003231,U0014,P0082,3,466.92,2,2026-04-12 17:44:18,wallet
T003232,U0960,P0408,3,86.96,2,2026-02-26 14:32:42,credit_card
T003233,U0325,P0036,2,64.57,4,2026-03-23 14:40:53,credit_card
T003234,U0841,P0268,5,210.36,1,2026-01-22 13:45:57,upi
T003235,U0895,P0163,5,443.95,4,2026-03-25 05:49:40,paypal
T003236,U0133,P0377,3,425.29,3,2026-03-31 04:45:43,wallet
T003237,U0224,P0286,3,132.77,1,2026-04-10 23:59:40,paypal
T003238,U0740,P0151,3,18.7,2,2026-04-03 20:02:39,upi
T003239,U0199,P0270,2,375.79,4,2026-03-10 21:56:33,credit_card
T003240,U0536,P0062,3,154.16,5,2026-03-11 01:35:08,debit_card
T003241,U0620,P0365,4,398.89,2,2026-02-12 20:14:22,debit_card
T003242,U0887,P0040,3,334.77,2,2026-01-22 17:27:12,credit_card
T003243,U0478,P0457,5,400.97,1,2026-04-09 01:32:43,paypal
T003244,U0723,P0270,4,263.03,1,2026-01-29 13:04:03,credit_card
T003245,U0528,P0364,2,456.89,2,2026-02-24 11:36:16,credit_card
T003246,,P0311,5,82.99,3,2026-03-05 09:57:11,credit_card
T003247,U0521,P0107,2,391.58,5,2026-03-27 03:56:02,paypal
T003248,U0667,P0252,3,80.91,3,2026-01-23 16:40:12,paypal
T003249,U0228,P0270,2,32.45,2,2026-04-06 12:56:42,credit_card
T003250,U0666,P0365,1,227.21,4,2026-03-18 16:15:18,paypal
T003251,U0343,P0001,1,390.88,2,2026-03-01 17:37:40,upi
T003252,U0731,P0031,2,202.31,4,2026-02-15 07:54:38,upi
T003253,U0070,P0138,2,486.33,-2,2026-02-24 03:04:40,paypal
T003254,U0783,P0425,1,417.18,2,2026-02-08 22:25:16,paypal
T003255,U0448,P0213,1,324.22,5,2026-04-18 05:41:21,paypal
T003256,U0669,P0124,4,157.85,3,2026-01-29 16:09:05,wallet
T003257,U0166,P0357,4,343.78,4,2026-03-21 07:23:23,credit_card
T003258,U0781,P0199,1,137.61,4,2026-01-23 02:54:49,upi
T003259,U0686,P0131,1,301.78,3,2026-01-23 02:11:29,credit_card
T003260,U0846,P0373,5,85.99,4,2026-04-16 18:35:45,debit_card
T003261,U0927,P0435,3,464.34,4,2026-02-05 16:14:32,wallet
T003262,U0256,P0321,5,242.2,4,2026-03-09 11:57:35,paypal
T003263,U0001,P0069,2,155.85,4,2026-02-04 10:18:29,paypal
T003264,U0118,P0454,2,231.33,1,2026-02-05 19:21:31,debit_card
T003265,U0429,P0420,3,400.84,4,2026-03-04 06:35:02,wallet
T003266,U0229,P0468,4,244.55,4,2026-02-11 16:32:22,paypal
T003267,U0780,P0129,3,340.36,3,2026-01-21 08:31:58,paypal
T003268,U0599,P0325,5,380.43,5,2026-02-20 22:01:45,upi
T003269,U0370,P0318,3,171.33,4,2026-04-14 10:51:51,debit_card
T003270,U0186,P0352,1,429.46,3,2026-03-17 01:13:27,paypal
T003271,U0264,P0454,3,252.49,4,2026-03-06 18:21:43,debit_card
T003272,U0625,P0339,1,43.35,5,2026-04-13 17:03:27,upi
T003273,U0792,P0354,5,90.54,4,2026-01-27 09:55:24,debit_card
T003274,U0524,P0277,3,453.3,2,2026-03-27 16:24:39,credit_card
T003275,U0872,P0449,3,386.96,5,2026-02-18 09:52:55,paypal
T003276,U0231,P0013,2,413.26,5,2026-04-18 16:58:19,debit_card
T003277,U0563,P0163,3,142.46,2,2026-02-24 02:12:34,debit_card
T003278,U0631,P0460,3,411.86,5,2026-01-20 10:58:43,upi
T003279,U0528,P0269,4,354.28,5,2026-04-01 23:09:57,wallet
T003280,U0048,P0277,4,206.28,3,2026-04-14 06:20:19,upi
T003281,U0170,P0158,4,404.56,1,2026-02-03 12:46:40,upi
T003282,U0564,P0234,2,245.41,5,2026-01-30 12:25:45,upi
T003283,U0126,P0430,4,86.86,4,2026-02-16 13:45:56,upi
T003284,U0866,P0044,2,373.61,4,2026-02-14 02:17:44,paypal
T003285,U0021,P0358,2,453.84,5,2026-04-18 04:16:23,upi
T003286,U0436,P0213,1,217.86,3,2026-04-16 14:27:30,wallet
T003287,U0742,P0280,5,364.26,4,2026-03-22 14:19:08,debit_card
T003288,U0959,P0378,1,256.08,2,2026-02-28 16:54:35,wallet
T003289,U0998,P0323,2,71.72,4,2026-03-12 23:44:52,wallet
T003290,U0434,P0226,1,493.58,4,2026-02-02 14:17:15,upi
T003291,U0095,P0327,3,264.22,5,2026-03-06 16:45:26,wallet
T003292,U0145,P0171,4,273.02,2,2026-02-13 11:29:06,debit_card
T003293,U0612,P0258,1,490.73,1,2026-04-09 06:53:06,paypal
T003294,U0777,P0036,2,390.88,2,2026-02-21 12:25:11,paypal
T003295,U0132,P0147,4,417.83,1,2026-01-28 12:35:32,paypal
T003296,U0531,P0096,2,474.83,5,2026-02-03 20:35:59,paypal
T003297,U0087,P0228,1,393.27,1,2026-03-18 00:56:49,upi
T003298,U0468,P0242,4,487.82,5,2026-02-14 04:15:31,debit_card
T003299,U0100,P0407,4,451.85,3,2026-03-01 08:52:33,wallet
T003300,U0202,P0099,4,445.96,2,2026-03-05 11:44:16,credit_card
T003301,U0876,P0115,3,129.97,2,2026-01-31 01:12:13,credit_card
T003302,,P0173,3,352.07,4,2026-03-02 21:41:27,credit_card
T003303,U0300,P0297,5,337.58,3,2026-04-03 16:20:51,upi
T003304,U0044,P0120,1,354.41,-1,2026-01-20 13:07:15,upi
T003305,U0546,P0337,2,191.15,2,2026-02-12 01:29:48,credit_card
T003306,U0921,P0137,2,171.58,3,2026-03-10 07:01:33,upi
T003307,U0896,P0242,5,260.04,2,2026-03-16 18:13:28,upi
T003308,U0241,P0215,3,491.66,3,2026-02-28 21:06:02,wallet
T003309,U0898,P0060,1,334.23,2,2026-02-05 15:01:08,upi
T003310,U0780,P0099,5,78.41,1,2026-03-09 00:50:17,paypal
T003311,U0144,P0445,5,154.32,5,2026-04-08 05:06:08,credit_card
T003312,U0092,P0315,2,140.51,3,2026-02-16 23:23:07,paypal
T003313,U0052,P0221,5,335.21,5,2026-02-10 02:10:32,wallet
T003314,U0593,P0378,2,256.29,2,2026-02-04 03:26:13,debit_card
T003315,U0954,P0010,2,260.68,5,2026-04-08 18:23:48,debit_card
T003316,U0602,P0388,5,441.36,1,2026-02-02 13:26:16,credit_card
T003317,U0800,P0342,3,314.62,3,2026-03-23 15:30:11,credit_card
T003318,U0446,P0287,1,364.32,-2,2026-03-26 01:15:13,debit_card
T003319,U0040,P0159,1,13.0,3,2026-04-17 09:50:01,upi
T003320,U0534,P0009,1,403.89,2,2026-02-04 09:59:00,debit_card
T003321,U0940,P0124,4,10.48,3,2026-03-24 09:32:19,debit_card
T003322,U0191,P0053,1,68.66,3,2026-02-23 20:54:36,paypal
T003323,U0635,P0324,5,73.73,1,2026-04-17 17:15:25,wallet
T003324,U0754,P0496,1,302.19,5,2026-04-14 01:43:05,wallet
T003325,U0886,P0035,2,195.84,1,2026-03-23 23:25:37,upi
T003326,U0325,P0489,5,73.13,3,2026-04-03 11:01:06,wallet
T003327,U0650,P0105,4,22.28,5,2026-01-23 02:42:48,upi
T003328,U0845,P0267,1,62.63,1,2026-03-04 07:53:21,upi
T003329,U0019,P0320,4,153.07,5,2026-02-27 13:14:59,debit_card
T003330,U0671,P0137,5,251.52,2,2026-01-27 00:06:30,wallet
T003331,U0424,P0018,1,192.09,3,2026-02-14 22:57:48,credit_card
T003332,U0368,P0113,2,399.25,3,2026-03-16 06:17:27,paypal
T003333,U0694,P0288,5,373.63,5,2026-04-12 19:38:33,credit_card
T003334,U0885,P0410,3,497.22,4,2026-01-25 09:38:18,upi
T003335,U0283,P0283,3,168.12,1,2026-04-17 14:43:41,wallet
T003336,U0750,P0108,2,361.57,1,2026-03-03 23:15:05,upi
T003337,U0775,P0406,3,58.87,5,2026-02-15 13:27:24,debit_card
T003338,U0581,P0051,1,124.88,5,2026-01-29 14:26:03,upi
T003339,U0510,P0226,1,315.99,3,2026-02-08 02:38:23,wallet
T003340,U0936,P0427,3,341.46,4,2026-03-28 01:33:35,paypal
T003341,U0712,P0097,5,137.61,5,2026-01-21 01:11:27,wallet
T003342,U0694,P0339,5,297.62,2,2026-03-02 19:39:16,paypal
T003343,U0496,P0264,2,308.28,5,2026-01-25 06:58:50,upi
T003344,U0025,P0110,4,241.03,1,2026-02-08 01:53:02,paypal
T003345,U0991,P0283,5,210.66,3,2026-03-27 12:55:01,debit_card
T003346,U0709,P0032,4,133.48,4,2026-03-31 02:49:36,debit_card
T003347,U0263,P0500,1,364.18,3,2026-04-18 23:48:18,credit_card
T003348,U0947,P0141,1,166.52,1,2026-03-31 03:40:35,debit_card
T003349,U0728,P0433,4,46.73,1,2026-01-20 01:21:16,paypal
T003350,U0528,P0420,3,159.17,1,2026-02-06 07:00:05,paypal
T003351,U0519,P0474,1,14.11,5,2026-02-25 11:50:45,debit_card
T003352,U0326,P0168,2,352.86,4,2026-02-07 11:46:01,paypal
T003353,U0442,P0041,3,141.78,2,2026-04-14 20:32:02,wallet
T003354,U0457,P0032,1,456.59,1,2026-04-08 06:56:42,debit_card
T003355,U0125,P0171,2,298.52,1,2026-03-24 15:42:13,credit_card
T003356,U0114,P0050,3,262.4,2,2026-02-09 09:07:12,credit_card
T003357,U0614,P0208,3,464.76,2,2026-04-16 14:58:33,credit_card
T003358,U0135,P0064,4,410.72,4,2026-04-02 10:52:14,wallet
T003359,U0091,P0470,1,10.9,1,2026-02-10 07:32:16,debit_card
T003360,U0713,P0012,1,215.69,5,2026-03-09 12:16:45,paypal
T003361,U0641,P0200,4,453.79,2,2026-02-17 19:57:53,debit_card
T003362,U0398,P0259,3,58.73,2,2026-02-28 10:15:03,upi
T003363,U0913,P0087,2,402.96,1,2026-03-23 09:36:21,wallet
T003364,U0659,P0029,3,490.89,5,2026-04-16 20:48:14,credit_card
T003365,U0351,P0374,5,189.93,5,2026-02-23 05:53:28,wallet
T003366,U0657,P0036,4,276.27,4,2026-02-08 12:03:51,upi
T003367,U0504,P0092,1,22.88,5,2026-03-23 06:44:11,upi
T003368,U0294,P0489,1,477.18,3,2026-04-04 02:53:49,paypal
T003369,U0759,P0236,5,259.38,1,2026-03-08 12:21:48,paypal
T003370,U0094,P0283,3,300.55,3,2026-02-10 22:40:19,upi
T003371,U0263,P0127,-1,78.87,1,2026-03-22 07:13:04,debit_card
T003372,U0565,P0157,2,139.6,5,2026-03-22 23:24:53,debit_card
T003373,U0581,P0274,1,334.95,1,2026-02-08 22:28:20,credit_card
T003374,U0659,P0476,4,494.6,7,2026-03-01 03:52:21,debit_card
T003375,U0737,P0135,2,26.05,3,2026-03-23 18:46:33,credit_card
T003376,U0251,P0055,3,187.82,4,2026-02-06 13:34:33,debit_card
T003377,U0063,P0112,1,443.02,3,2026-01-28 07:59:44,credit_card
T003378,U0016,P0060,1,113.36,3,2026-03-15 11:00:31,paypal
T003379,U0190,P0043,3,131.68,4,2026-03-25 01:00:42,paypal
T003380,U0344,P0340,5,77.67,2,2026-03-22 17:16:01,credit_card
T003381,U0966,P0339,2,219.44,3,2026-04-02 16:58:49,upi
T003382,U0638,P0479,4,310.16,5,2026-03-18 06:41:35,paypal
T003383,U0413,P0344,5,223.66,3,2026-01-29 02:19:01,debit_card
T003384,U0357,P0008,4,348.59,3,2026-04-09 22:40:00,upi
T003385,U0463,P0086,4,356.21,2,2026-02-16 20:33:41,upi
T003386,U0519,P0014,1,227.02,1,2026-04-08 10:17:31,upi
T003387,U0322,P0025,3,321.15,2,2026-01-25 03:27:51,credit_card
T003388,U0148,P0453,4,409.13,1,2026-02-25 05:11:03,debit_card
T003389,U0980,P0359,3,466.65,10,2026-02-19 23:37:38,debit_card
T003390,U0216,P0392,5,52.0,10,2026-02-18 07:43:32,credit_card
T003391,U0417,P0459,1,221.38,4,2026-04-09 17:10:22,paypal
T003392,U0695,P0158,4,295.29,1,2026-03-23 04:10:04,credit_card
T003393,U0619,P0270,0,171.95,1,2026-02-03 04:17:07,
T003394,U0506,P0280,4,72.91,5,2026-01-27 07:10:54,upi
T003395,U0121,P0165,3,468.53,5,2026-03-12 00:22:51,debit_card
T003396,U0412,P0155,2,113.01,2,2026-02-27 12:20:22,wallet
T003397,U0551,P0370,3,358.52,5,2026-02-15 16:14:15,credit_card
T003398,U0832,P0144,4,327.01,4,2026-03-05 00:56:22,wallet
T003399,U0687,P0012,3,326.61,4,2026-04-10 02:23:02,credit_card
T003400,U0911,P0500,4,-10.5,3,2026-02-24 01:47:13,credit_card
T003401,U0160,P0376,4,414.4,5,2026-04-07 09:18:07,debit_card
T003402,U0283,P0158,2,226.36,2,2026-03-12 14:11:22,upi
T003403,U0980,P0027,3,161.68,4,2026-03-19 04:14:59,credit_card
T003404,U0552,P0269,-1,209.49,5,2026-02-10 17:49:56,upi
T003405,U0661,P0113,3,413.58,4,2026-02-25 21:24:46,upi
T003406,U0449,P0498,5,373.02,3,2026-04-19 04:33:59,upi
T003407,U0918,P0121,2,324.69,1,2026-04-11 18:48:16,wallet
T003408,U0108,P0163,4,252.8,3,2026-02-04 07:46:39,paypal
T003409,U0284,P0322,3,,4,2026-04-06 16:37:50,credit_card
T003410,U0742,P0236,5,394.01,1,2026-03-21 16:05:29,credit_card
T003411,U0853,P0159,3,175.32,2,2026-01-23 00:43:03,credit_card
T003412,U0497,P0101,1,390.35,3,2026-02-02 05:30:38,upi
T003413,U0177,P0493,3,298.0,1,2026-04-11 06:40:43,wallet
T003414,U0642,P0284,3,197.13,2,2026-02-22 01:54:10,paypal
T003415,U0375,P0176,2,169.99,1,2026-03-24 17:04:51,paypal
T003416,U0650,P0273,3,221.22,2,2026-04-13 14:41:34,paypal
T003417,U0935,P0080,3,-115.85,3,2026-02-08 18:23:48,debit_card
T003418,U0801,P0079,1,100.57,1,2026-02-24 02:39:07,credit_card
T003419,U0429,P0150,5,208.85,4,2026-02-09 13:41:21,paypal
T003420,U0161,P0366,1,477.44,1,2026-02-24 18:41:51,upi
T003421,U0430,P0025,5,211.49,2,2026-03-17 06:11:53,paypal
T003422,U0035,P0029,5,126.93,2,2026-02-04 20:51:37,paypal
T003423,U0400,P0369,5,105.61,2,2026-01-27 13:38:04,credit_card
T003424,U0433,P0373,3,30.42,5,2026-03-10 22:52:41,credit_card
T003425,U0690,P0370,3,458.48,5,2026-02-21 09:55:21,paypal
T003426,U0130,P0112,4,132.52,3,2026-01-29 03:46:03,credit_card
T003427,U0820,P0018,2,26.26,5,2026-03-09 17:54:04,upi
T003428,U0765,P0018,3,38.65,4,2026-02-07 08:55:06,debit_card
T003429,U0099,P0429,3,68.71,4,2026-03-01 04:32:12,wallet
T003430,U0386,P0243,5,398.42,5,2026-03-13 00:59:59,paypal
T003431,U0536,P0221,3,124.83,3,2026-04-16 07:42:40,paypal
T003432,U0921,P0092,2,26.08,1,2026-02-25 07:54:01,credit_card
T003433,U0809,P0351,1,466.57,4,2026-02-10 06:02:33,debit_card
T003434,U0575,P0239,3,312.77,5,2026-03-03 18:26:49,wallet
T003435,U0198,P0376,4,248.45,3,2026-02-10 19:41:15,upi
T003436,U0034,P0043,4,389.14,4,2026-04-15 19:17:20,upi
T003437,U0979,P0110,5,383.86,5,2026-01-27 04:17:57,credit_card
T003438,U0066,P0413,2,26.21,3,2026-02-11 21:08:11,debit_card
T003439,U0968,P0107,5,119.04,2,2026-02-07 07:39:34,upi
T003440,U0506,P0172,1,142.18,5,2026-01-23 14:28:25,debit_card
T003441,U0645,P0096,3,146.54,5,2026-03-12 19:59:03,paypal
T003442,U0420,P0018,3,423.68,2,2026-03-14 03:49:00,upi
T003443,U0742,P0381,3,169.19,3,2026-02-05 17:00:21,wallet
T003444,U0254,P0101,5,289.69,1,2026-02-05 04:23:49,paypal
T003445,U0687,P0196,1,373.22,5,2026-01-24 11:21:17,upi
T003446,U0686,P0195,1,34.72,5,2026-03-15 23:36:39,paypal
T003447,,P0151,1,297.63,1,2026-02-22 07:13:25,upi
T003448,U0477,P0444,1,91.81,4,2026-03-19 01:11:49,paypal
T003449,U0011,P0106,3,212.64,2,2026-02-19 16:25:27,debit_card
T003450,U0772,P0141,4,337.1,3,2026-03-11 00:20:59,paypal
T003451,U0551,,3,437.44,1,2026-04-04 21:35:47,credit_card
T003452,U0934,P0208,3,378.84,2,2026-02-11 06:46:37,upi
T003453,U0497,P0310,1,382.65,1,2026-03-23 18:31:13,paypal
T003454,U0117,P0093,3,305.36,2,2026-04-17 16:32:00,debit_card
T003455,U0816,P0496,5,47.82,5,2026-02-26 05:04:59,debit_card
T003456,U0134,P0451,5,79.6,3,2026-02-20 19:53:22,paypal
T003457,U0073,P0283,4,171.87,4,2026-03-10 03:09:15,upi
T003458,U0415,P0192,4,89.28,3,2026-03-07 18:57:42,wallet
T003459,U0884,P0449,2,223.64,1,2026-03-24 21:18:37,wallet
T003460,U0222,P0121,3,33.35,2,2026-02-13 17:10:53,wallet
T003461,U0224,P0201,1,182.32,5,2026-02-12 14:09:55,upi
T003462,U0535,P0208,4,325.78,1,2026-03-30 00:48:20,upi
T003463,U0603,P0190,4,174.59,-1,2026-01-23 01:48:03,debit_card
T003464,U0832,P0074,4,499.4,1,2026-04-08 07:20:38,upi
T003465,U0675,P0417,1,147.65,1,2026-04-09 05:39:27,wallet
T003466,U0037,P0121,2,231.78,1,2026-02-22 05:10:13,credit_card
T003467,U0222,P0412,4,151.46,2,2026-03-24 20:42:25,debit_card
T003468,U0593,P0090,2,345.77,5,2026-04-09 10:08:00,wallet
T003469,U0336,P0134,2,254.39,4,2026-02-05 22:14:11,debit_card
T003470,U0747,P0374,2,470.55,5,2026-03-26 07:48:04,debit_card
T003471,U0771,P0159,1,342.73,2,2026-03-26 03:06:43,wallet
T003472,U0849,P0177,5,-10.5,4,2026-01-29 18:14:50,credit_card
T003473,U0604,P0410,5,411.24,1,2026-04-06 19:27:06,wallet
T003474,U0742,P0032,3,19.51,2,2026-02-18 14:20:47,debit_card
T003475,U0449,P0076,3,391.08,3,2026-02-05 06:45:37,upi
T003476,U0369,P0309,3,76.68,4,2026-02-18 04:52:24,upi
T003477,U0184,P0095,2,59.94,3,2026-03-05 08:40:09,debit_card
T003478,U0328,P0026,1,202.25,5,2026-02-13 06:46:06,wallet
T003479,U0955,P0465,4,134.27,1,2026-01-30 14:22:05,paypal
T003480,U0835,P0360,1,216.82,5,2026-03-12 06:18:59,paypal
T003481,U0854,P0304,3,440.59,2,2026-02-14 21:09:20,upi
T003482,U0437,P0417,1,475.18,3,2026-03-20 11:47:08,debit_card
T003483,U0657,P0295,4,203.61,3,2026-03-22 02:23:31,credit_card
T003484,U0525,P0044,2,457.16,2,2026-04-14 00:08:20,upi
T003485,U0159,P0099,5,68.15,1,2026-03-29 09:34:43,upi
T003486,U0338,P0475,3,431.58,4,2026-02-16 15:45:05,wallet
T003487,U0712,P0341,5,176.71,1,2026-03-09 16:40:47,upi
T003488,U0665,P0448,3,184.05,5,2026-04-04 02:44:20,wallet
T003489,U0389,P0423,4,296.8,4,2026-01-27 06:41:28,debit_card
T003490,U0203,P0194,3,491.89,5,2026-04-20 20:52:30,paypal
T003491,U0703,P0054,3,124.9,1,2026-02-23 07:10:34,paypal
T003492,U0998,P0080,3,307.48,4,2026-02-08 15:38:58,debit_card
T003493,U0123,P0255,4,239.99,3,2026-04-20 09:57:16,debit_card
T003494,U0186,P0075,1,430.34,3,2026-02-05 23:30:34,credit_card
T003495,U0830,P0367,5,422.29,2,2026-03-26 03:22:23,wallet
T003496,U0029,P0470,2,136.11,2,2026-02-02 16:31:07,paypal
T003497,U0104,P0017,2,299.55,3,2026-03-30 08:36:26,wallet
T003498,U0335,P0008,5,370.42,2,2026-02-10 17:15:22,credit_card
T003499,U0025,P0153,3,111.56,3,2026-01-31 07:55:19,paypal
T003500,U0666,P0219,2,492.5,3,2026-02-17 02:22:57,upi
T003501,U0987,P0040,5,340.12,1,2026-03-09 08:22:57,debit_card
T003502,U0778,P0179,3,228.66,1,2026-04-19 13:03:11,paypal
T003503,U0887,P0109,2,469.03,5,2026-02-10 11:47:01,paypal
T003504,U0111,P0249,4,0.0,2,2026-04-18 05:21:22,credit_card
T003505,U0408,P0473,5,75.15,5,2026-02-21 12:24:54,wallet
T003506,U0705,P0022,2,465.33,3,2026-03-05 16:46:46,credit_card
T003507,U0691,P0286,4,290.72,1,2026-04-02 23:27:43,wallet
T003508,U0996,P0044,4,374.34,3,2026-02-26 21:43:59,wallet
T003509,U0201,P0055,3,167.9,4,2026-03-04 03:38:02,debit_card
T003510,U0223,P0472,5,483.51,1,2026-02-17 15:04:59,upi
T003511,U0709,P0149,4,50.05,1,2026-03-15 00:23:41,paypal
T003512,U0280,P0124,2,231.81,1,2026-03-22 08:37:34,upi
T003513,U0481,P0041,0,254.1,3,2026-03-22 00:08:52,upi
T003514,U0621,P0386,3,482.0,1,2026-02-11 03:55:58,upi
T003515,U0809,P0271,5,158.26,1,2026-04-14 14:07:18,wallet
T003516,U0789,P0231,2,493.77,4,2026-03-18 05:07:36,credit_card
T003517,U0280,P0046,5,220.72,5,2026-02-14 02:22:23,wallet
T003518,U0775,P0055,0,445.55,5,2026-04-10 16:27:59,paypal
T003519,U0762,P0354,5,198.71,3,2026-03-23 09:24:40,credit_card
T003520,U0910,P0399,1,307.69,2,2026-04-11 13:14:20,paypal
T003521,U0253,P0450,1,232.0,3,2026-03-02 00:02:38,paypal
T003522,,P0430,1,222.88,3,2026-04-20 08:31:07,wallet
T003523,U0866,P0376,3,33.94,5,2026-03-20 04:34:35,upi
T003524,U0489,P0173,3,179.39,4,2026-04-05 23:01:11,credit_card
T003525,U0596,P0151,1,136.42,3,2026-04-14 02:15:01,wallet
T003526,U0362,,2,210.26,1,2026-02-16 18:32:54,paypal
T003527,U0662,P0165,2,258.47,5,2026-02-12 06:54:41,credit_card
T003528,U0964,P0108,2,312.69,8,2026-03-23 18:37:55,debit_card
T003529,U0916,P0422,3,109.31,3,2026-03-29 13:16:50,wallet
T003530,U0593,P0056,5,236.99,4,2026-03-13 09:00:05,wallet
T003531,U0371,P0263,4,354.77,5,2026-02-07 05:09:40,paypal
T003532,U0730,P0332,3,121.03,4,2026-02-14 15:19:32,upi
T003533,U0181,P0258,4,57.51,4,2026-02-03 15:55:07,paypal
T003534,U0882,P0109,3,302.51,3,2026-03-05 07:06:34,wallet
T003535,U0276,P0474,3,405.33,4,2026-04-15 20:41:04,wallet
T003536,U0631,P0173,5,391.44,2,2026-04-07 09:35:59,wallet
T003537,U0423,P0121,1,307.3,4,2026-04-20 05:28:42,wallet
T003538,U0342,P0167,3,69.49,5,2026-02-15 22:26:12,paypal
T003539,U0935,P0113,1,-10.5,5,2026-04-20 04:19:19,paypal
T003540,U0163,P0467,1,184.55,3,2026-01-24 21:06:34,upi
T003541,U0474,P0432,4,82.05,2,2026-03-31 13:08:01,upi
T003542,U0268,P0017,3,21.07,3,2026-02-09 17:39:14,upi
T003543,U0951,P0405,1,108.52,3,2026-03-20 15:41:32,upi
T003544,U0957,P0417,2,34.5,4,2026-04-14 16:04:36,wallet
T003545,U0832,P0312,4,167.03,1,2026-04-04 01:01:30,upi
T003546,U0721,P0336,3,385.61,1,2026-04-09 10:18:06,credit_card
T003547,U0500,P0087,2,147.44,4,2026-02-02 13:12:00,credit_card
T003548,U0279,P0061,1,254.52,5,2026-02-08 20:31:10,debit_card
T003549,U0143,P0027,5,80.33,3,2026-01-31 07:40:04,wallet
T003550,U0030,P0003,2,296.72,-1,2026-01-25 02:19:51,credit_card
T003551,U0312,P0226,3,452.41,4,2026-02-11 22:27:38,wallet
T003552,U0057,P0363,3,499.62,3,2026-02-05 08:45:40,upi
T003553,U0517,P0097,5,23.68,5,2026-03-24 12:33:30,upi
T003554,U0720,P0395,3,,5,2026-02-25 10:19:25,debit_card
T003555,U0845,P0196,2,105.83,2,2026-04-11 20:19:11,wallet
T003556,U0914,P0158,4,177.9,5,2026-01-25 07:32:35,paypal
T003557,U0575,P0103,1,283.99,-2,2026-01-31 07:35:22,credit_card
T003558,U0121,P0217,1,208.74,3,2026-04-14 09:34:24,wallet
T003559,U0043,P0104,3,323.02,5,2026-02-20 10:34:57,credit_card
T003560,U0989,P0249,4,372.25,2,2026-02-15 10:21:56,debit_card
T003561,U0958,P0385,1,478.99,8,2026-02-03 19:55:02,debit_card
T003562,U0852,,1,316.52,5,2026-02-09 03:21:01,bitcoin
T003563,U0687,P0009,4,335.92,5,2026-02-10 08:00:01,credit_card
T003564,U0541,P0476,4,236.04,5,2026-02-03 03:05:35,credit_card
T003565,U0558,P0411,1,85.58,2,2026-03-30 20:17:01,debit_card
T003566,U0909,P0205,5,343.16,1,2026-04-16 05:06:47,paypal
T003567,U0461,P0312,3,127.49,3,2026-03-15 11:16:21,paypal
T003568,U0676,P0033,1,306.8,2,2026-03-05 10:37:50,upi
T003569,U0711,P0095,5,201.44,5,2026-04-02 14:16:39,debit_card
T003570,U0314,P0414,1,335.15,2,2026-03-25 09:33:16,wallet
T003571,U0148,P0030,2,44.46,3,2026-04-09 02:44:30,paypal
T003572,U0329,P0006,5,31.75,1,2026-04-13 06:57:47,wallet
T003573,U0692,P0187,4,77.84,4,2026-04-08 08:47:37,wallet
T003574,U0349,P0121,5,475.88,1,2026-01-23 13:56:33,upi
T003575,U0232,P0113,2,460.64,2,2026-03-17 13:58:51,paypal
T003576,U0840,P0111,3,274.72,1,2026-02-11 10:55:14,wallet
T003577,U0399,P0201,5,311.71,2,2026-02-19 20:17:31,paypal
T003578,U0561,P0177,3,372.15,1,2026-01-29 00:03:31,credit_card
T003579,U0650,P0359,3,342.49,3,2026-02-28 20:02:44,paypal
T003580,U0504,P0305,2,11.92,3,2026-01-27 13:20:29,credit_card
T003581,U0818,P0373,5,429.18,4,2026-01-21 06:52:23,debit_card
T003582,U0175,P0053,4,233.57,5,2026-04-08 01:59:23,debit_card
T003583,U0353,P0399,3,376.62,5,2026-03-28 08:46:41,wallet
T003584,U0077,P0014,2,96.21,3,2026-02-02 01:54:06,debit_card
T003585,U0656,P0250,2,259.02,1,2026-01-27 05:28:04,wallet
T003586,U0465,P0089,5,177.37,4,2026-03-02 13:00:18,credit_card
T003587,U0160,P0221,2,237.02,1,2026-03-24 22:06:33,upi
T003588,U0789,P0475,2,-100.0,1,2026-02-12 05:45:56,paypal
T003589,U0106,P0240,4,220.41,5,2026-04-09 22:15:05,debit_card
T003590,U0121,P0464,2,249.66,4,2026-02-09 03:35:30,debit_card
T003591,U0220,P0156,3,292.78,3,2026-04-01 06:26:50,wallet
T003592,U0970,P0189,4,469.0,-1,2026-02-09 02:19:39,wallet
T003593,U0978,P0088,5,468.15,3,2026-04-06 01:11:49,wallet
T003594,U0918,P0376,5,158.93,3,2026-01-29 10:52:11,upi
T003595,U0374,P0471,2,382.89,4,2026-02-14 16:27:05,wallet
T003596,U0929,P0364,2,180.94,4,2026-02-26 18:29:51,paypal
T003597,U0557,P0220,3,497.62,4,2026-03-14 21:14:47,paypal
T003598,U0921,P0340,3,-341.72,4,2026-01-20 11:42:27,credit_card
T003599,U0575,P0209,3,471.12,1,2026-03-11 16:53:32,wallet
T003600,U0748,P0397,5,212.64,3,2026-03-04 02:25:32,credit_card
T003601,U0384,P0300,1,163.38,6,2026-03-03 15:01:50,wallet
T003602,U0468,P0002,3,437.57,4,2026-02-22 13:45:32,wallet
T003603,U0512,P0317,3,32.73,5,2026-01-26 10:54:03,upi
T003604,U0418,P0430,1,349.39,4,2026-02-17 18:28:02,debit_card
T003605,U0517,P0191,1,360.85,1,2026-03-14 05:10:40,upi
T003606,U0339,P0001,2,23.53,5,2026-02-09 06:34:20,paypal
T003607,U0179,P0057,2,385.32,2,2026-04-01 00:27:19,debit_card
T003608,U0595,P0419,3,140.07,4,2026-02-06 17:56:07,upi
T003609,U0250,P0166,1,444.56,3,2026-03-26 16:53:42,paypal
T003610,U0605,P0437,4,318.72,3,2026-04-15 03:33:05,debit_card
T003611,U0690,P0306,3,145.14,5,2026-04-06 08:45:09,wallet
T003612,U0321,P0115,2,172.43,3,2026-04-03 22:10:36,wallet
T003613,U0699,P0315,1,222.3,3,2026-02-17 12:40:36,wallet
T003614,U0730,P0174,2,75.4,4,2026-04-13 11:42:44,credit_card
T003615,U0133,P0004,5,349.57,1,2026-03-31 03:16:12,upi
T003616,U0684,,5,234.18,1,2026-02-04 02:53:48,paypal
T003617,U0916,P0311,4,127.02,4,2026-01-23 20:33:14,wallet
T003618,U0625,P0368,1,465.37,1,2026-03-01 00:06:23,paypal
T003619,U0689,P0385,3,306.53,4,2026-04-11 03:42:48,wallet
T003620,U0671,P0232,3,40.18,3,2026-04-08 17:52:03,paypal
T003621,U0796,P0267,2,138.25,3,2026-03-06 21:51:39,paypal
T003622,U0173,P0046,1,360.88,2,2026-01-22 18:31:45,paypal
T003623,U0834,P0046,5,101.61,4,2026-03-02 09:52:57,wallet
T003624,U0037,P0427,4,278.12,2,2026-03-02 11:58:36,credit_card
T003625,U0724,P0192,3,68.52,1,2026-04-07 01:45:11,wallet
T003626,U0210,P0235,3,419.11,4,2026-01-20 16:07:20,wallet
T003627,U0389,P0337,1,493.61,4,2026-01-31 15:25:43,wallet
T003628,U0283,P0058,2,382.62,1,2026-02-10 19:43:57,paypal
T003629,U0808,P0442,5,110.44,5,2026-03-01 13:06:29,wallet
T003630,U0850,P0187,5,485.01,4,2026-03-20 02:14:32,upi
T003631,,P0318,2,444.24,4,2026-04-06 23:53:40,credit_card
T003632,U0841,P0192,4,286.04,3,2026-04-06 01:02:31,upi
T003633,U0908,P0011,5,326.05,4,2026-03-15 04:31:47,credit_card
T003634,U0012,P0087,2,183.52,1,2026-04-14 05:00:23,credit_card
T003635,U0946,P0320,3,189.07,5,2026-04-20 13:58:17,wallet
T003636,U0113,P0172,4,110.69,3,2026-04-06 09:30:56,debit_card
T003637,U0576,P0178,4,108.21,0,2026-03-06 20:38:49,cash
T003638,U0712,P0370,3,300.21,1,2026-02-20 19:40:59,upi
T003639,U0912,P0362,5,254.03,1,2026-02-03 20:25:52,wallet
T003640,U0091,P0323,1,68.79,2,2026-02-18 17:13:50,wallet
T003641,U0334,P0450,2,112.15,1,2026-02-23 08:33:38,debit_card
T003642,U0283,P0042,4,16.1,4,2026-02-01 05:15:46,upi
T003643,U0516,P0249,5,0.0,2,2026-03-26 17:40:10,wallet
T003644,U0662,,5,365.08,2,2026-04-16 06:16:06,debit_card
T003645,U0755,P0026,5,469.73,2,2026-01-26 11:06:48,paypal
T003646,U0532,P0151,2,432.15,1,2026-04-07 17:52:11,wallet
T003647,U0795,P0449,5,58.07,3,2026-04-05 12:51:42,upi
T003648,U0115,P0412,1,402.6,2,2026-04-15 12:24:17,wallet
T003649,U0606,P0009,1,354.62,2,2026-03-26 10:43:41,debit_card
T003650,U0137,P0141,1,254.3,1,2026-03-30 23:47:32,debit_card
T003651,U0873,P0321,1,126.89,4,2026-04-16 10:02:25,debit_card
T003652,U0264,P0018,2,493.61,1,2026-03-04 17:13:16,wallet
T003653,U0175,P0171,1,254.03,2,2026-02-20 12:38:57,wallet
T003654,U0118,P0120,4,255.41,-1,2026-01-26 02:58:28,paypal
T003655,U0878,P0080,5,478.43,4,2026-04-08 15:14:07,wallet
T003656,U0377,P0148,4,96.09,1,2026-03-10 16:26:43,credit_card
T003657,U0650,P0028,4,90.42,5,2026-02-06 03:51:03,debit_card
T003658,U0275,P0006,4,421.49,4,2026-03-16 10:21:27,paypal
T003659,U0684,P0419,2,200.55,5,2026-02-05 04:13:59,debit_card
T003660,U0910,P0371,3,31.48,1,2026-02-02 08:43:53,paypal
T003661,U0263,P0474,5,194.72,5,2026-03-02 00:59:06,wallet
T003662,U0136,P0420,5,50.48,5,2026-02-25 18:31:20,wallet
T003663,U0953,P0304,3,184.43,5,2026-02-24 21:37:10,upi
T003664,U0145,P0181,3,238.44,2,2026-04-14 02:00:17,paypal
T003665,U0502,P0129,3,495.9,6,2026-03-18 13:08:00,upi
T003666,U0237,P0292,3,297.53,3,2026-03-10 11:51:12,credit_card
T003667,U0894,P0146,3,136.71,4,2026-04-18 13:13:12,upi
T003668,U0317,P0265,1,401.12,3,2026-02-09 11:32:39,debit_card
T003669,U0721,P0455,-5,380.54,5,2026-04-15 14:20:29,paypal
T003670,U0389,P0163,1,443.54,5,2026-02-18 00:54:22,paypal
T003671,U0244,P0043,4,464.93,3,2026-02-08 02:46:59,debit_card
T003672,U0962,P0306,1,119.67,4,2026-04-19 22:11:10,wallet
T003673,U0972,P0256,3,137.71,2,2026-04-08 07:48:55,upi
T003674,U0497,P0248,2,376.72,4,2026-02-04 13:10:54,paypal
T003675,U0856,P0078,2,136.12,2,2026-03-01 00:03:16,debit_card
T003676,U0873,P0270,2,144.78,1,2026-02-12 10:29:05,upi
T003677,U0141,P0093,2,487.58,4,2026-02-07 01:35:10,upi
T003678,U0305,P0468,1,303.61,3,2026-02-16 17:23:07,credit_card
T003679,U0966,P0346,1,429.39,2,2026-02-09 08:32:47,wallet
T003680,U0940,P0474,5,282.95,5,2026-03-23 16:36:15,debit_card
T003681,U0232,P0490,3,88.06,1,2026-03-28 12:25:57,wallet
T003682,U0194,P0496,4,189.2,8,2026-02-11 15:06:42,debit_card
T003683,U0163,P0486,1,268.45,3,2026-03-08 03:38:39,credit_card
T003684,U0571,P0268,3,384.96,5,2026-04-20 21:03:35,wallet
T003685,U0997,,1,268.61,1,2026-04-07 22:35:11,paypal
T003686,,P0288,1,253.49,5,2026-02-19 10:23:15,debit_card
T003687,U0799,P0329,1,211.75,2,2026-02-14 23:57:28,wallet
T003688,U0764,P0336,3,176.31,3,2026-02-14 06:49:47,paypal
T003689,U0578,P0347,4,359.02,5,2026-03-17 04:38:47,credit_card
T003690,U0277,P0026,5,340.74,2,2026-02-12 10:35:47,debit_card
T003691,U0284,P0397,2,415.7,10,2026-01-23 22:18:55,credit_card
T003692,U0698,P0380,4,120.24,4,2026-02-13 08:03:59,debit_card
T003693,U0301,P0332,2,11.86,5,2026-04-13 18:07:47,debit_card
T003694,U0314,P0131,4,256.34,5,2026-01-23 17:41:33,credit_card
T003695,U0918,P0070,1,456.25,2,2026-03-07 18:03:00,wallet
T003696,U0831,P0277,5,221.52,5,2026-01-29 01:48:53,debit_card
T003697,U0311,P0436,1,288.76,5,2026-04-14 06:31:22,upi
T003698,U0784,P0084,3,152.53,5,2026-03-07 06:25:31,credit_card
T003699,U0452,P0197,5,295.62,1,2026-03-06 05:13:08,wallet
T003700,U0216,P0044,1,467.65,5,2026-03-20 17:56:59,wallet
T003701,U0591,P0183,1,218.85,3,2026-01-27 03:52:50,wallet
T003702,U0050,P0027,3,145.26,1,2026-02-07 16:59:40,upi
T003703,U0400,P0031,1,336.03,2,2026-02-17 03:32:33,upi
T003704,U0141,P0174,4,190.27,10,2026-01-24 00:42:15,debit_card
T003705,U0396,P0441,4,377.7,3,2026-03-21 11:22:07,debit_card
T003706,U0600,P0399,4,496.93,2,2026-03-31 09:50:06,upi
T003707,U0995,P0328,1,375.09,5,2026-02-23 13:19:45,wallet
T003708,U0077,P0444,-1,121.17,1,2026-02-11 03:54:05,debit_card
T003709,U0607,P0413,1,272.62,2,2026-03-13 07:03:07,upi
T003710,U0996,P0069,3,414.44,1,2026-02-06 21:41:26,wallet
T003711,U0957,P0017,2,477.96,1,2026-01-26 05:36:55,upi
T003712,U0157,P0120,4,22.07,1,2026-03-10 16:32:33,paypal
T003713,U0571,P0371,2,341.48,2,2026-02-08 20:57:45,debit_card
T003714,U0334,P0145,4,174.97,3,2026-03-24 13:41:30,debit_card
T003715,U0832,,4,304.94,3,2026-03-08 12:53:06,wallet
T003716,U0976,P0432,1,111.09,3,2026-02-17 12:55:30,paypal
T003717,U0163,P0427,2,226.07,3,2026-03-16 15:26:32,upi
T003718,U0888,P0197,2,92.01,4,2026-03-10 02:41:23,upi
T003719,U0312,P0330,4,298.14,3,2026-03-06 12:12:32,debit_card
T003720,U0775,P0074,3,364.79,2,2026-04-18 01:34:26,paypal
T003721,U0612,P0401,4,137.75,2,2026-03-07 10:31:16,wallet
T003722,U0461,P0273,1,193.97,2,2026-03-22 03:01:32,wallet
T003723,U0863,P0483,4,29.6,2,2026-02-26 18:37:33,wallet
T003724,U0498,P0468,2,43.86,-2,2026-01-25 04:28:23,paypal
T003725,U0390,P0434,3,124.93,5,2026-04-07 13:29:24,debit_card
T003726,U0950,P0048,1,388.4,3,2026-02-24 06:40:59,paypal
T003727,U0005,P0048,3,21.23,3,2026-02-16 23:16:37,upi
T003728,U0626,P0500,1,354.84,4,2026-03-31 00:58:26,wallet
T003729,U0824,P0263,2,175.82,3,2026-03-06 18:18:04,debit_card
T003730,U0438,P0134,3,138.83,5,2026-03-18 13:34:57,wallet
T003731,U0460,P0295,5,388.25,4,2026-02-22 04:50:30,paypal
T003732,U0752,P0150,2,319.7,1,2026-02-27 07:45:17,upi
T003733,U0543,P0086,4,170.04,5,2026-02-21 21:18:22,upi
T003734,U0908,P0345,5,170.62,4,2026-03-27 23:20:00,upi
T003735,U0930,P0411,4,463.94,3,2026-02-18 02:03:55,wallet
T003736,U0110,P0171,5,12.8,4,2026-03-17 19:01:17,wallet
T003737,U0268,P0192,1,62.68,10,2026-02-17 05:46:47,paypal
T003738,U0423,P0247,1,326.4,5,2026-04-08 21:36:19,debit_card
T003739,U0476,P0173,2,116.02,1,2026-01-22 00:18:26,debit_card
T003740,U0746,P0408,5,481.06,3,2026-04-08 23:19:28,upi
T003741,U0196,P0163,1,402.79,5,2026-03-23 12:46:28,upi
T003742,U0057,P0188,2,409.18,1,2026-04-02 08:56:42,upi
T003743,U0079,P0114,1,41.9,3,2026-03-13 09:57:40,credit_card
T003744,U0637,P0491,4,87.28,5,2026-04-14 10:31:16,credit_card
T003745,U0674,P0030,2,219.41,3,2026-03-28 00:31:02,upi
T003746,U0582,P0400,2,85.31,5,2026-04-05 09:41:27,cash
T003747,U0073,P0492,1,233.47,2,2026-01-24 09:02:41,upi
T003748,U0029,P0317,4,59.66,3,2026-03-13 16:42:25,wallet
T003749,U0059,P0283,4,243.28,2,2026-03-21 07:52:10,credit_card
T003750,U0999,P0214,5,399.38,4,2026-03-05 22:11:43,debit_card
T003751,U0503,P0159,4,463.97,1,2026-01-25 00:35:26,upi
T003752,U0653,P0312,4,240.62,1,2026-01-20 21:38:29,upi
T003753,U0057,P0033,5,115.55,3,2026-04-10 14:29:56,upi
T003754,U0762,P0444,1,276.65,4,2026-02-01 00:07:03,wallet
T003755,U0933,P0174,2,407.28,1,2026-01-20 18:11:27,credit_card
T003756,U0850,P0011,1,13.02,2,2026-02-06 04:49:15,credit_card
T003757,U0174,P0360,4,284.21,2,2026-04-08 01:31:23,paypal
T003758,U0099,P0433,1,69.73,1,2026-03-30 02:28:54,upi
T003759,U0580,P0101,3,365.88,1,2026-01-20 13:54:33,upi
T003760,U0447,P0316,5,451.49,1,2026-01-25 04:00:02,paypal
T003761,U0629,P0157,1,49.97,4,2026-02-18 06:32:03,wallet
T003762,U0154,P0381,2,187.77,5,2026-03-09 09:22:03,debit_card
T003763,U0934,P0497,5,469.08,5,2026-04-10 14:03:32,credit_card
T003764,U0444,P0229,2,63.19,4,2026-01-22 05:40:38,paypal
T003765,U0260,P0438,3,395.48,5,2026-03-10 11:30:37,paypal
T003766,U0037,P0498,2,355.99,2,2026-01-30 18:52:08,debit_card
T003767,U0938,P0167,3,321.89,1,2026-03-03 16:59:18,paypal
T003768,U0633,P0429,3,10.97,2,2026-02-26 05:09:26,paypal
T003769,U0667,P0393,2,215.28,2,2026-03-08 06:31:59,debit_card
T003770,U0119,P0338,4,318.38,3,2026-03-25 16:06:56,upi
T003771,U0966,P0064,2,85.28,2,2026-01-22 14:35:10,credit_card
T003772,U0707,P0106,5,402.97,2,2026-01-21 08:33:35,credit_card
T003773,U0797,P0269,4,230.31,4,2026-02-24 11:11:08,wallet
T003774,U0906,P0086,2,260.04,4,2026-03-31 00:23:45,upi
T003775,U0934,P0100,5,40.27,3,2026-04-08 15:44:35,debit_card
T003776,U0033,P0358,5,458.11,4,2026-03-11 16:21:06,upi
T003777,U0179,P0291,4,25.51,2,2026-04-20 22:09:41,upi
T003778,U0969,P0334,3,423.73,5,2026-01-28 23:12:30,credit_card
T003779,U0264,P0406,4,70.27,4,2026-02-27 21:40:34,paypal
T003780,U0886,P0132,3,322.6,3,2026-02-27 14:49:10,paypal
T003781,U0480,P0237,1,130.11,4,2026-02-03 12:32:43,debit_card
T003782,U0261,P0086,4,255.97,5,2026-02-16 23:08:30,debit_card
T003783,U0534,P0466,4,387.18,2,2026-02-11 17:03:19,upi
T003784,U0437,P0492,3,135.96,5,2026-04-10 10:32:29,debit_card
T003785,U0512,P0441,3,386.55,3,2026-03-15 11:07:03,paypal
T003786,U0644,P0141,1,102.66,1,2026-01-23 05:39:18,credit_card
T003787,U0871,P0154,2,198.53,3,2026-04-02 10:42:00,paypal
T003788,U0921,P0469,2,281.52,5,2026-02-11 07:49:50,debit_card
T003789,U0255,P0157,3,364.39,2,2026-03-05 14:06:43,upi
T003790,U0528,P0415,2,493.06,5,2026-04-06 15:07:26,paypal
T003791,U0789,P0248,3,158.6,2,2026-04-15 00:11:34,debit_card
T003792,U0862,P0359,5,278.12,1,2026-02-14 08:28:28,upi
T003793,U0655,P0204,1,398.25,1,2026-03-07 16:38:11,upi
T003794,U0995,P0005,1,457.97,1,2026-02-03 02:52:32,paypal
T003795,U0767,P0396,5,62.9,4,2026-02-08 07:42:49,credit_card
T003796,U0363,P0125,5,143.93,5,2026-01-29 04:07:11,paypal
T003797,U0559,P0237,4,175.56,5,2026-01-28 13:42:11,debit_card
T003798,U0920,P0308,4,441.44,3,2026-01-22 13:26:21,upi
T003799,U0840,P0381,5,379.07,2,2026-02-04 13:29:40,credit_card
T003800,U0040,P0336,5,282.76,1,2026-01-27 01:06:28,wallet
T003801,U0876,P0136,3,118.27,1,2026-02-06 16:43:38,upi
T003802,U0231,P0071,1,341.89,3,2026-03-11 20:36:08,paypal
T003803,U0150,,4,317.97,5,2026-01-21 23:02:35,wallet
T003804,U0178,P0196,2,467.78,4,2026-03-17 15:11:20,debit_card
T003805,U0712,P0329,1,52.98,2,2026-01-30 02:14:08,upi
T003806,U0348,P0118,5,256.44,4,2026-01-30 10:03:37,credit_card
T003807,U0273,P0436,2,221.62,3,2026-02-06 21:33:04,debit_card
T003808,U0032,P0407,4,338.43,3,2026-03-09 04:04:42,paypal
T003809,U0964,P0102,5,369.51,5,2026-01-28 15:02:16,upi
T003810,U0308,P0363,2,348.36,5,2026-03-01 11:18:35,credit_card
T003811,U0365,P0273,3,331.75,3,2026-02-20 20:18:11,wallet
T003812,U0300,P0251,3,,5,2026-04-05 17:38:01,debit_card
T003813,U0668,P0157,3,410.25,4,2026-04-02 20:14:16,wallet
T003814,U0557,P0092,2,463.63,3,2026-03-04 12:33:16,paypal
T003815,U0028,P0373,3,84.18,1,2026-01-21 04:06:20,paypal
T003816,U0652,P0303,5,205.73,1,2026-03-21 16:13:15,wallet
T003817,U0330,P0410,3,192.16,5,2026-04-13 01:08:28,paypal
T003818,U0451,P0361,5,277.73,4,2026-02-05 15:41:47,wallet
T003819,U0181,P0435,2,126.09,3,2026-02-19 00:18:20,credit_card
T003820,U0764,P0344,2,330.63,3,2026-02-14 21:39:27,paypal
T003821,U0882,P0338,2,434.51,3,2026-03-12 07:30:19,upi
T003822,U0863,P0422,4,337.41,2,2026-02-02 06:23:50,paypal
T003823,U0162,P0160,3,270.11,4,2026-01-24 04:28:43,debit_card
T003824,U0098,P0378,1,40.63,3,2026-02-04 17:51:35,debit_card
T003825,U0684,P0106,3,283.02,4,2026-02-07 10:42:13,wallet
T003826,U0648,P0091,1,175.08,3,2026-03-15 21:05:09,paypal
T003827,U0319,P0113,5,252.78,5,2026-03-21 02:32:44,upi
T003828,U0955,P0036,2,168.59,5,2026-02-16 12:41:23,wallet
T003829,U0698,P0300,1,457.36,7,2026-02-24 19:36:24,debit_card
T003830,U0339,P0222,2,363.58,4,2026-02-16 22:14:33,upi
T003831,U0805,P0144,2,339.92,2,2026-02-04 15:40:21,credit_card
T003832,U0786,P0079,1,325.62,5,2026-02-07 20:00:09,upi
T003833,U0677,P0274,4,283.59,2,2026-04-15 17:11:21,upi
T003834,U0339,P0053,3,118.89,4,2026-02-06 01:42:58,wallet
T003835,U0451,P0441,3,-100.0,4,2026-03-09 22:25:34,wallet
T003836,U0107,P0351,2,498.44,5,2026-03-01 14:24:36,wallet
T003837,U0338,P0290,3,,4,2026-02-25 20:49:14,debit_card
T003838,U0211,P0051,1,52.7,4,2026-04-11 19:43:51,paypal
T003839,U0320,P0494,1,0.0,2,2026-02-01 18:51:21,credit_card
T003840,U0403,P0367,1,360.73,4,2026-02-20 06:10:53,debit_card
T003841,U0702,P0190,1,279.43,2,2026-02-07 21:39:07,credit_card
T003842,U0438,P0420,3,205.5,2,2026-04-18 02:15:04,upi
T003843,U0753,P0416,2,-401.76,5,2026-03-17 02:51:33,paypal
T003844,U0524,P0149,3,477.08,3,2026-02-14 01:04:46,credit_card
T003845,U0476,P0331,3,393.46,4,2026-03-23 17:04:16,paypal
T003846,U0125,P0332,3,450.36,3,2026-02-01 18:15:22,debit_card
T003847,U0100,P0206,2,108.31,2,2026-03-07 08:04:17,debit_card
T003848,U0723,P0222,2,29.48,4,2026-03-06 16:52:09,wallet
T003849,U0834,P0195,4,438.63,4,2026-01-27 06:48:09,paypal
T003850,U0024,P0234,4,219.56,1,2026-03-10 20:57:22,paypal
T003851,U0020,P0264,3,358.8,4,2026-01-30 01:43:13,upi
T003852,U0526,P0316,4,192.5,2,2026-02-06 14:02:07,paypal
T003853,U0509,P0139,1,327.77,3,2026-01-28 06:34:36,paypal
T003854,U0015,P0346,3,105.79,4,2026-03-27 10:19:23,wallet
T003855,U0865,P0108,3,295.7,4,2026-01-26 00:15:33,credit_card
T003856,U0904,P0035,5,333.44,2,2026-01-20 18:42:04,upi
T003857,U0109,P0199,2,270.27,5,2026-02-04 21:34:09,debit_card
T003858,U0728,P0347,5,319.39,2,2026-03-22 02:57:26,wallet
T003859,U0098,P0260,5,292.09,2,2026-04-01 03:51:05,wallet
T003860,U0548,P0245,5,73.0,6,2026-03-03 00:05:57,credit_card
T003861,U0869,P0269,1,238.02,3,2026-03-19 15:19:39,credit_card
T003862,U0106,P0262,1,482.96,4,2026-03-17 11:37:45,debit_card
T003863,U0130,P0211,2,160.04,1,2026-03-03 04:41:08,wallet
T003864,U0630,P0116,2,260.08,4,2026-03-16 12:16:10,credit_card
T003865,U0500,P0486,4,108.45,2,2026-01-30 22:21:56,upi
T003866,U0923,P0149,5,130.53,2,2026-03-02 05:00:38,upi
T003867,U0693,P0487,4,402.05,3,2026-03-04 22:27:31,debit_card
T003868,U0976,P0252,4,333.03,1,2026-01-31 18:53:03,debit_card
T003869,U0329,P0224,4,316.76,3,2026-02-03 13:57:29,debit_card
T003870,U0611,P0057,4,93.06,1,2026-03-03 09:10:08,wallet
T003871,U0710,P0100,4,94.36,1,2026-02-13 10:27:40,credit_card
T003872,U0240,P0402,3,21.51,2,2026-02-25 14:38:43,credit_card
T003873,U0731,P0243,3,495.95,4,2026-04-11 18:23:12,upi
T003874,U0334,P0229,3,326.4,3,2026-03-15 11:28:47,paypal
T003875,U0726,P0130,5,,5,2026-03-23 07:55:30,wallet
T003876,U0572,P0338,2,61.81,2,2026-03-03 11:52:06,wallet
T003877,U0557,P0481,4,479.62,3,2026-01-25 12:47:33,credit_card
T003878,U0224,P0394,1,176.82,2,2026-02-28 13:48:28,paypal
T003879,U0056,P0280,4,168.38,4,2026-04-09 20:29:08,upi
T003880,U0707,P0382,2,277.3,3,2026-02-26 17:27:05,upi
T003881,U0081,P0117,3,52.52,3,2026-02-19 23:20:44,wallet
T003882,U0856,P0357,2,139.17,1,2026-01-23 15:26:05,paypal
T003883,U0796,P0235,2,309.33,5,2026-03-18 15:20:57,upi
T003884,U0376,P0216,2,475.13,1,2026-03-14 18:09:43,credit_card
T003885,U0888,P0121,5,124.22,4,2026-03-17 17:43:51,upi
T003886,U0263,P0160,1,26.4,5,2026-02-21 07:23:24,wallet
T003887,U0481,P0462,1,377.18,1,2026-03-27 06:46:20,credit_card
T003888,U0924,P0007,2,338.92,3,2026-01-24 22:39:22,debit_card
T003889,U0344,P0378,5,99.76,1,2026-03-23 07:12:45,debit_card
T003890,U0836,P0492,1,113.47,1,2026-03-16 14:28:05,upi
T003891,U0289,P0462,4,354.14,1,2026-03-25 09:42:47,upi
T003892,U0521,P0405,-5,254.21,5,2026-03-20 19:08:57,wallet
T003893,U0525,P0156,3,428.24,4,2026-04-09 12:56:38,upi
T003894,U0718,P0298,4,51.8,3,2026-04-06 03:09:11,upi
T003895,U0940,P0493,5,422.88,4,2026-01-28 23:34:03,wallet
T003896,U0056,P0477,4,-298.56,2,2026-02-17 23:15:04,wallet
T003897,U0823,P0182,1,20.17,2,2026-02-06 17:57:21,wallet
T003898,U0986,P0204,4,264.91,4,2026-03-30 22:04:47,wallet
T003899,U0538,P0155,2,18.69,2,2026-02-12 14:01:37,paypal
T003900,U0062,P0329,2,498.06,3,2026-02-06 09:31:18,credit_card
T003901,U0099,P0140,2,29.28,4,2026-03-13 13:36:50,credit_card
T003902,U0826,P0115,2,175.28,5,2026-02-25 21:51:07,paypal
T003903,U0488,P0224,1,131.87,5,2026-03-14 02:34:20,credit_card
T003904,U0553,P0139,5,90.65,5,2026-03-22 01:57:23,paypal
T003905,U0792,P0163,2,265.54,4,2026-03-30 16:10:24,upi
T003906,U0072,P0074,5,229.84,4,2026-03-09 05:32:47,credit_card
T003907,U0973,P0326,2,174.28,3,2026-03-12 02:29:05,cheque
T003908,U0739,P0117,1,178.78,2,2026-04-15 18:38:43,debit_card
T003909,U0701,P0451,3,283.65,5,2026-04-05 13:12:16,debit_card
T003910,U0953,P0034,2,436.37,1,2026-01-24 18:55:31,paypal
T003911,U0591,P0473,1,162.79,1,2026-02-11 10:10:56,credit_card
T003912,U0694,P0231,1,115.31,3,2026-02-12 08:52:15,upi
T003913,U0741,P0128,2,48.04,3,2026-04-11 05:25:43,paypal
T003914,U0065,P0150,4,70.72,5,2026-04-03 17:33:42,upi
T003915,U0167,P0433,1,382.23,4,2026-04-07 10:42:58,debit_card
T003916,U0985,P0485,5,97.05,1,2026-02-02 18:01:22,debit_card
T003917,U0508,P0457,3,275.57,2,2026-01-30 12:24:10,credit_card
T003918,U0925,P0246,3,492.44,4,2026-04-17 20:39:34,upi
T003919,U0242,P0042,2,80.45,1,2026-04-14 09:59:31,wallet
T003920,U0399,P0419,1,314.94,4,2026-04-19 23:26:33,paypal
T003921,U0095,P0313,4,202.16,4,2026-01-31 10:03:41,paypal
T003922,U0496,P0027,4,165.04,5,2026-04-18 15:46:58,wallet
T003923,U0447,P0084,2,226.43,3,2026-04-19 16:19:53,cash
T003924,U0099,P0347,4,70.26,1,2026-04-03 21:30:28,wallet
T003925,U0991,P0100,5,395.99,4,2026-03-09 17:24:48,credit_card
T003926,U0682,P0442,4,322.1,1,2026-02-05 06:14:07,upi
T003927,U0592,P0442,4,389.69,3,2026-02-28 12:15:49,debit_card
T003928,U0454,P0259,3,475.01,1,2026-04-19 00:23:13,debit_card
T003929,U0621,P0280,4,255.35,1,2026-03-14 10:26:36,upi
T003930,U0920,P0488,3,418.41,3,2026-04-06 03:11:32,wallet
T003931,U0425,P0278,3,304.52,5,2026-03-23 09:53:37,wallet
T003932,U0728,P0100,2,13.78,5,2026-02-07 06:04:31,upi
T003933,U0567,P0440,4,255.59,1,2026-04-12 07:32:14,upi
T003934,U0376,P0191,4,270.34,3,2026-03-02 17:37:33,upi
T003935,U0909,P0167,2,12.09,2,2026-02-22 15:14:20,paypal
T003936,U0211,P0010,5,64.7,2,2026-02-08 06:18:35,paypal
T003937,U0472,P0190,1,136.76,2,2026-02-09 15:20:55,upi
T003938,U0314,P0386,2,349.19,3,2026-01-20 20:49:32,paypal
T003939,U0859,P0464,3,191.24,4,2026-02-18 03:34:10,paypal
T003940,U0789,P0292,2,333.15,4,2026-03-15 06:27:21,debit_card
T003941,U0828,P0337,3,250.74,4,2026-01-20 07:20:02,wallet
T003942,U0156,P0413,5,39.1,1,2026-01-27 01:46:56,debit_card
T003943,U0262,P0162,5,388.54,5,2026-04-16 15:36:14,paypal
T003944,U0116,P0323,4,331.07,2,2026-04-06 21:57:16,upi
T003945,U0628,P0245,5,129.86,2,2026-04-08 07:23:36,cheque
T003946,U0518,P0101,2,268.22,4,2026-03-31 18:39:17,debit_card
T003947,U0565,P0369,4,265.78,5,2026-02-08 12:34:45,wallet
T003948,U0126,P0492,4,113.09,4,2026-03-29 03:43:54,upi
T003949,U0357,P0093,2,132.24,1,2026-03-23 23:07:08,wallet
T003950,U0854,P0364,5,125.46,5,2026-03-23 08:28:39,paypal
T003951,U0137,P0059,5,305.78,1,2026-03-09 18:48:07,paypal
T003952,U0946,P0469,5,207.9,2,2026-02-15 10:32:01,debit_card
T003953,U0609,P0466,5,365.1,1,2026-03-30 14:22:02,upi
T003954,U0158,P0369,2,210.08,4,2026-02-12 19:27:51,credit_card
T003955,U0920,P0029,4,208.04,4,2026-03-17 19:35:55,upi
T003956,U0985,P0227,2,353.6,4,2026-01-29 19:23:51,credit_card
T003957,U0624,P0024,3,329.51,4,2026-02-22 15:39:47,wallet
T003958,U0973,P0404,5,448.4,2,2026-02-16 01:12:05,paypal
T003959,U0221,P0355,4,147.51,4,2026-02-09 09:19:52,debit_card
T003960,U0398,P0061,1,357.5,2,2026-02-08 10:10:54,wallet
T003961,U0710,P0242,4,102.02,3,2026-02-02 19:13:45,wallet
T003962,U0281,P0400,5,64.4,5,2026-03-13 14:19:30,credit_card
T003963,U0217,P0073,5,157.56,4,2026-02-19 13:15:53,upi
T003964,U0187,P0136,4,207.45,2,2026-04-06 20:03:05,paypal
T003965,U0488,P0392,2,405.92,5,2026-03-02 01:15:24,credit_card
T003966,U0477,P0072,5,465.09,3,2026-02-18 18:30:00,paypal
T003967,U0538,P0397,1,23.24,5,2026-04-05 18:36:12,upi
T003968,U0445,P0461,5,88.91,3,2026-04-12 11:23:47,credit_card
T003969,U0953,P0168,1,436.9,5,2026-01-23 11:18:12,wallet
T003970,U0774,P0240,2,178.92,5,2026-03-23 13:38:33,cheque
T003971,U0232,P0429,3,476.14,3,2026-02-19 13:53:50,paypal
T003972,U0634,P0290,4,59.16,1,2026-03-23 18:11:06,wallet
T003973,U0620,P0326,4,,2,2026-02-09 05:08:51,upi
T003974,U0315,P0446,4,367.93,1,2026-03-02 08:48:34,debit_card
T003975,U0973,P0018,1,82.4,1,2026-02-06 16:45:21,paypal
T003976,U0760,P0031,4,422.76,5,2026-03-21 15:54:24,wallet
T003977,U0250,P0439,5,349.02,3,2026-02-02 09:10:49,paypal
T003978,U0247,P0446,5,194.9,5,2026-04-16 00:21:20,credit_card
T003979,U0953,P0223,5,446.53,1,2026-02-08 01:21:52,upi
T003980,U0351,P0447,1,-10.5,4,2026-04-08 22:29:33,credit_card
T003981,U0974,P0179,3,269.57,3,2026-04-02 07:58:30,wallet
T003982,U0916,P0339,2,433.83,3,2026-02-21 11:36:28,paypal
T003983,U0967,P0224,3,99.54,2,2026-02-05 03:29:31,paypal
T003984,U0761,P0498,5,492.95,3,2026-02-24 03:03:19,debit_card
T003985,U0637,P0411,5,291.55,1,2026-03-18 14:38:14,wallet
T003986,U0615,P0102,2,469.5,2,2026-03-31 02:52:52,paypal
T003987,U0445,P0299,3,297.76,1,2026-03-22 00:28:58,paypal
T003988,U0756,P0338,4,302.89,1,2026-01-21 15:42:22,debit_card
T003989,U0422,P0463,1,328.89,1,2026-02-06 18:53:32,upi
T003990,U0299,P0022,5,327.58,1,2026-03-19 06:56:41,credit_card
T003991,U0704,P0193,5,399.46,2,2026-03-28 05:17:20,credit_card
T003992,U0283,P0161,2,277.16,5,2026-04-04 21:56:10,wallet
T003993,U0911,P0290,4,76.13,5,2026-02-19 00:16:15,debit_card
T003994,U0566,P0147,1,186.7,1,2026-03-25 13:04:37,credit_card
T003995,U0329,P0197,1,284.22,2,2026-02-02 20:47:16,credit_card
T003996,U0154,P0335,4,36.15,5,2026-03-06 19:14:04,wallet
T003997,U0432,P0167,-1,310.5,5,2026-01-28 19:56:58,paypal
T003998,U0279,P0493,1,301.18,2,2026-03-30 15:34:41,paypal
T003999,U0316,P0236,1,314.88,2,2026-03-24 23:21:18,credit_card
T004000,U0704,P0488,3,,4,2026-02-28 19:16:41,upi
T004001,U0038,P0173,4,196.48,2,2026-01-23 01:43:19,paypal
T004002,U0402,P0004,5,327.88,3,2026-02-23 22:47:50,upi
T004003,U0893,P0056,3,15.15,1,2026-02-06 08:03:09,paypal
T004004,U0054,P0214,4,317.9,4,2026-03-16 02:00:47,paypal
T004005,U0030,P0179,5,20.2,5,2026-03-07 23:26:39,paypal
T004006,U0713,P0235,4,171.62,5,2026-04-03 07:44:46,upi
T004007,U0587,P0359,2,295.98,5,2026-02-28 17:44:59,paypal
T004008,U0232,P0237,2,439.41,5,2026-01-25 06:56:34,paypal
T004009,U0891,P0079,1,350.01,5,2026-03-10 00:39:55,wallet
T004010,U0128,P0014,2,233.23,3,2026-03-24 02:35:38,paypal
T004011,U0192,P0129,2,92.49,1,2026-01-29 23:01:22,wallet
T004012,U0051,P0067,4,327.54,2,2026-02-19 17:39:24,upi
T004013,U0197,P0324,5,63.44,2,2026-02-20 00:16:14,wallet
T004014,U0928,P0276,2,57.89,3,2026-03-08 05:54:56,debit_card
T004015,U0503,P0274,1,111.57,4,2026-02-16 07:08:21,debit_card
T004016,U0528,P0227,3,320.21,3,2026-03-14 11:38:48,upi
T004017,U0988,P0461,5,202.42,5,2026-01-24 23:58:17,paypal
T004018,U0943,P0284,1,25.37,3,2026-04-01 20:57:47,paypal
T004019,U0943,P0451,2,276.79,3,2026-03-21 13:33:40,unknown
T004020,U0935,P0048,3,142.08,5,2026-04-18 12:07:29,upi
T004021,U0554,P0055,5,321.5,4,2026-03-19 22:36:35,paypal
T004022,U0635,P0475,1,401.56,5,2026-03-27 04:10:02,paypal
T004023,U0686,P0388,1,,3,2026-03-15 14:47:40,credit_card
T004024,U0910,P0306,5,,1,2026-03-19 03:23:36,credit_card
T004025,U0004,P0445,4,460.17,4,2026-02-07 14:24:04,upi
T004026,U0439,P0275,5,187.4,3,2026-04-15 12:06:25,debit_card
T004027,U0796,P0448,4,117.72,4,2026-03-15 15:47:07,paypal
T004028,U0619,P0318,3,312.96,1,2026-02-10 08:19:27,paypal
T004029,U0289,P0473,2,124.17,5,2026-02-02 15:34:43,debit_card
T004030,U0189,P0196,4,486.52,5,2026-02-28 22:21:05,credit_card
T004031,U0540,P0332,4,57.38,4,2026-02-09 19:58:34,wallet
T004032,U0240,P0207,2,359.04,6,2026-01-27 13:37:07,debit_card
T004033,U0206,P0045,3,50.21,2,2026-01-29 07:10:17,paypal
T004034,U0442,P0059,1,-10.5,1,2026-02-09 17:39:49,wallet
T004035,U0297,P0244,2,155.58,4,2026-04-03 06:58:11,upi
T004036,U0175,P0384,2,121.06,5,2026-02-03 17:34:13,upi
T004037,U0078,P0313,4,283.21,2,2026-03-05 19:00:51,wallet
T004038,U0350,P0342,5,494.69,10,2026-04-14 07:10:24,credit_card
T004039,U0221,P0325,3,351.15,4,2026-02-27 00:33:00,wallet
T004040,U0459,P0158,4,144.2,4,2026-02-13 22:12:44,upi
T004041,U0156,P0295,4,61.13,4,2026-03-05 14:49:49,paypal
T004042,U0450,P0249,5,290.15,1,2026-03-10 04:32:25,wallet
T004043,U0920,P0125,3,138.65,3,2026-02-04 03:08:35,wallet
T004044,U0039,P0306,3,137.74,3,2026-01-29 21:18:00,debit_card
T004045,U0297,P0054,3,461.73,5,2026-03-16 08:37:30,paypal
T004046,U0561,P0129,1,42.67,4,2026-01-31 16:26:08,credit_card
T004047,U0913,,4,133.44,1,2026-02-27 11:08:19,paypal
T004048,U0218,P0126,4,347.66,3,2026-02-11 00:43:50,credit_card
T004049,U0839,P0185,4,310.38,3,2026-03-16 03:58:29,upi
T004050,U0702,,3,496.93,-2,2026-03-21 08:17:51,debit_card
T004051,U0487,P0218,5,142.36,5,2026-01-31 07:20:25,paypal
T004052,U0074,P0323,4,258.35,1,2026-04-09 00:12:35,upi
T004053,U0114,P0294,3,246.14,1,2026-04-14 10:53:22,paypal
T004054,U0105,P0160,5,185.63,3,2026-04-04 23:43:14,paypal
T004055,U0335,P0273,2,275.89,2,2026-03-10 19:59:24,credit_card
T004056,U0979,P0447,4,95.67,4,2026-03-15 02:50:08,wallet
T004057,U0051,P0274,3,128.21,5,2026-03-27 02:29:49,upi
T004058,U0848,P0277,3,269.44,4,2026-02-10 07:06:48,credit_card
T004059,U0843,P0305,-5,25.41,1,2026-02-28 14:01:24,paypal
T004060,U0257,P0175,1,125.69,1,2026-03-09 00:05:38,paypal
T004061,U0367,P0366,1,340.3,5,2026-01-26 18:37:39,credit_card
T004062,U0859,P0263,4,123.08,1,2026-01-23 06:27:25,upi
T004063,,P0422,4,-100.0,2,2026-03-19 06:40:31,debit_card
T004064,U0212,P0401,4,118.77,4,2026-04-08 11:47:44,credit_card
T004065,U0269,P0426,2,81.61,4,2026-01-25 12:05:09,wallet
T004066,U0050,P0134,4,124.57,2,2026-03-02 05:07:40,debit_card
T004067,U0429,P0388,3,137.49,2,2026-01-26 12:31:25,debit_card
T004068,U0985,P0491,5,239.44,2,2026-02-28 13:26:25,credit_card
T004069,U0200,P0347,3,406.58,5,2026-03-16 10:46:34,debit_card
T004070,U0431,P0031,4,413.74,1,2026-04-08 20:26:58,wallet
T004071,U0724,P0235,2,238.86,1,2026-04-19 11:26:30,credit_card
T004072,U0265,P0336,2,66.08,4,2026-02-26 03:19:04,credit_card
T004073,U0623,P0315,1,353.59,4,2026-03-07 15:17:15,paypal
T004074,U0735,P0026,2,352.09,3,2026-02-11 15:35:01,credit_card
T004075,U0044,P0212,2,274.61,5,2026-04-14 06:40:06,debit_card
T004076,U0194,P0267,3,109.79,7,2026-04-07 22:25:42,debit_card
T004077,U0551,P0331,5,166.4,5,2026-02-27 13:22:20,wallet
T004078,U0579,P0086,2,169.76,4,2026-02-24 17:41:59,paypal
T004079,U0181,P0306,3,315.11,4,2026-03-06 14:29:46,paypal
T004080,U0323,P0053,2,262.31,5,2026-04-16 22:29:52,paypal
T004081,U0447,P0104,5,102.19,4,2026-03-13 15:24:58,paypal
T004082,U0792,P0233,1,112.99,1,2026-01-30 06:06:14,debit_card
T004083,U0643,P0037,2,120.0,-2,2026-03-24 12:58:38,debit_card
T004084,U0657,P0398,3,97.49,3,2026-02-25 18:37:00,debit_card
T004085,U0845,P0406,3,151.38,3,2026-03-19 10:30:19,wallet
T004086,U0519,P0270,2,313.03,5,2026-02-14 20:27:32,debit_card
T004087,U0371,P0078,3,435.12,2,2026-01-24 22:41:31,debit_card
T004088,U0961,P0175,2,466.66,3,2026-02-11 02:19:57,paypal
T004089,U0065,P0251,-1,343.34,3,2026-03-09 15:17:27,credit_card
T004090,U0963,P0403,4,476.9,5,2026-04-11 20:34:25,debit_card
T004091,U0996,P0384,3,240.41,3,2026-03-21 11:40:59,upi
T004092,U0913,P0054,1,-10.5,1,2026-01-24 07:46:02,credit_card
T004093,U0167,P0092,1,360.71,2,2026-04-04 12:18:55,paypal
T004094,U0110,P0092,1,431.48,4,2026-04-06 18:38:32,debit_card
T004095,U0140,P0098,2,282.19,3,2026-02-01 09:31:49,debit_card
T004096,U0958,P0085,4,411.23,2,2026-03-13 04:38:46,credit_card
T004097,U0303,P0136,3,109.43,4,2026-02-02 12:14:10,credit_card
T004098,U0274,P0165,1,419.02,4,2026-03-23 19:47:25,upi
T004099,U0506,P0282,5,406.8,1,2026-04-16 04:32:19,paypal
T004100,U0780,P0311,1,111.95,4,2026-03-29 10:52:06,debit_card
T004101,U0201,P0465,2,356.07,4,2026-02-13 12:17:42,paypal
T004102,U0813,P0138,4,309.31,1,2026-02-15 06:59:59,upi
T004103,U0843,P0377,5,355.79,1,2026-01-24 12:25:25,upi
T004104,,P0291,4,131.2,2,2026-04-20 19:57:32,credit_card
T004105,U0363,P0151,3,175.89,4,2026-04-01 17:05:11,upi
T004106,U0655,P0399,2,-318.7,1,2026-02-12 07:50:15,paypal
T004107,U0440,P0146,1,493.85,5,2026-02-18 00:31:46,wallet
T004108,U0627,P0390,5,271.7,5,2026-04-07 02:51:02,wallet
T004109,U0742,P0192,1,246.03,5,2026-03-16 18:02:18,wallet
T004110,U0402,P0292,5,307.28,2,2026-04-15 19:06:01,credit_card
T004111,U0584,P0331,1,444.59,5,2026-02-26 20:27:37,upi
T004112,U0280,P0200,1,94.93,1,2026-04-06 00:19:10,credit_card
T004113,U0146,P0149,1,187.52,1,2026-03-24 11:54:03,wallet
T004114,U0779,P0203,2,450.34,4,2026-02-15 12:07:57,debit_card
T004115,U0208,P0085,4,26.79,5,2026-04-05 22:00:37,upi
T004116,U0419,P0493,4,255.8,5,2026-03-08 19:38:12,paypal
T004117,U0218,P0036,1,198.75,1,2026-01-27 14:44:57,paypal
T004118,U0884,P0435,1,159.3,5,2026-02-21 16:48:30,debit_card
T004119,U0806,P0315,4,369.69,3,2026-02-14 02:50:46,credit_card
T004120,U0349,P0182,4,252.68,1,2026-02-15 02:00:13,debit_card
T004121,U0473,P0170,5,213.03,5,2026-04-10 19:52:18,wallet
T004122,U0782,P0170,5,197.69,7,2026-04-07 06:52:59,paypal
T004123,U0889,P0267,3,109.87,2,2026-02-13 03:38:04,paypal
T004124,U0581,P0142,3,91.86,1,2026-02-10 12:35:00,wallet
T004125,U0444,P0024,4,78.08,1,2026-04-09 18:38:52,credit_card
T004126,U0565,P0023,3,33.4,5,2026-04-09 21:17:24,credit_card
T004127,U0325,P0064,3,375.13,-1,2026-01-20 13:02:39,credit_card
T004128,U0572,P0179,1,335.96,2,2026-04-16 09:41:36,upi
T004129,U0645,P0140,2,485.44,4,2026-02-17 15:05:47,paypal
T004130,U0074,P0456,2,94.16,4,2026-02-27 16:27:55,debit_card
T004131,U0328,P0355,3,347.77,5,2026-02-11 10:23:25,paypal
T004132,U0217,P0308,4,16.42,3,2026-02-05 09:13:47,credit_card
T004133,U0550,P0489,1,232.24,3,2026-02-06 13:22:37,debit_card
T004134,U0952,P0293,4,268.68,3,2026-04-10 06:45:45,upi
T004135,U0813,P0417,4,256.53,2,2026-01-22 20:41:40,credit_card
T004136,U0562,P0332,5,60.03,2,2026-02-28 13:59:14,upi
T004137,U0126,P0480,3,443.02,5,2026-01-25 22:02:36,upi
T004138,U0002,P0083,1,307.91,4,2026-04-05 00:33:26,wallet
T004139,U0446,P0346,2,185.39,1,2026-04-17 11:35:01,wallet
T004140,U0080,P0039,4,177.37,2,2026-02-19 04:16:14,upi
T004141,U0057,P0070,3,448.7,2,2026-03-24 21:47:34,upi
T004142,U0002,P0273,4,35.2,2,2026-03-20 17:25:30,paypal
T004143,U0564,P0236,2,386.64,2,2026-03-20 03:08:46,upi
T004144,U0142,P0019,1,168.43,2,2026-02-18 00:54:12,credit_card
T004145,U0205,P0474,2,174.97,4,2026-04-03 15:08:08,paypal
T004146,U0456,P0391,3,458.94,1,2026-02-13 08:35:18,credit_card
T004147,U0946,P0052,3,54.81,4,2026-03-25 08:15:27,wallet
T004148,U0298,P0277,3,87.36,4,2026-04-13 15:44:29,debit_card
T004149,U0089,,3,442.83,1,2026-04-05 22:23:15,credit_card
T004150,U0212,P0329,3,348.8,1,2026-02-20 02:46:11,paypal
T004151,U0841,P0196,3,106.03,4,2026-03-16 18:03:49,credit_card
T004152,U0213,P0206,3,215.17,2,2026-03-03 03:02:20,paypal
T004153,U0333,P0087,2,-262.37,2,2026-02-16 05:04:05,paypal
T004154,U0704,P0111,3,260.64,3,2026-02-12 21:41:04,upi
T004155,U0781,P0314,5,113.75,3,2026-04-06 14:47:38,paypal
T004156,U0997,P0225,4,164.49,2,2026-04-12 08:03:13,paypal
T004157,U0181,P0062,5,253.14,4,2026-02-26 00:14:14,upi
T004158,U0296,P0046,2,106.18,1,2026-03-02 10:13:36,credit_card
T004159,U0160,P0158,3,490.18,5,2026-02-15 00:18:13,upi
T004160,U0912,P0172,1,62.46,2,2026-02-07 18:06:41,credit_card
T004161,U0982,P0098,3,289.85,3,2026-02-02 00:36:04,paypal
T004162,U0129,P0195,5,317.98,2,2026-03-13 10:50:05,debit_card
T004163,U0476,P0478,2,367.87,2,2026-03-12 09:31:15,paypal
T004164,U0964,P0146,2,199.88,4,2026-03-26 23:35:18,upi
T004165,U0626,P0490,4,244.59,3,2026-03-10 17:27:08,debit_card
T004166,U0396,P0306,5,210.09,2,2026-01-20 03:14:24,debit_card
T004167,U0212,P0113,2,249.21,5,2026-03-31 04:54:33,credit_card
T004168,U0850,P0232,1,93.8,4,2026-04-15 17:37:12,credit_card
T004169,U0618,P0291,4,44.55,5,2026-02-25 22:41:09,credit_card
T004170,U0878,P0277,3,0.0,4,2026-03-06 15:22:53,credit_card
T004171,U0999,P0213,1,400.15,5,2026-02-25 21:13:56,paypal
T004172,U0999,P0354,2,205.18,4,2026-03-26 06:41:47,debit_card
T004173,U0994,P0257,4,287.49,4,2026-01-29 11:10:19,credit_card
T004174,U0772,P0006,5,457.66,4,2026-01-28 13:25:14,wallet
T004175,U0174,P0318,2,87.43,3,2026-03-18 19:13:03,wallet
T004176,U0048,P0467,5,257.29,1,2026-03-15 20:41:48,credit_card
T004177,U0196,P0029,2,149.95,4,2026-01-29 02:51:09,debit_card
T004178,U0051,P0071,4,114.16,2,2026-02-18 19:13:47,paypal
T004179,U0654,P0294,3,354.09,1,2026-04-18 05:04:17,wallet
T004180,U0642,P0079,1,237.7,2,2026-02-14 01:39:51,debit_card
T004181,U0249,P0191,5,83.55,2,2026-04-03 19:41:42,wallet
T004182,U0692,P0184,1,61.73,1,2026-02-19 22:48:33,wallet
T004183,U0597,P0255,4,,2,2026-03-30 16:39:55,wallet
T004184,U0162,P0225,5,495.72,4,2026-03-17 19:25:20,debit_card
T004185,U0252,P0201,1,321.06,3,2026-02-12 04:44:30,wallet
T004186,U0789,P0197,4,171.23,3,2026-02-21 09:28:27,wallet
T004187,U0386,P0174,4,142.67,1,2026-03-12 05:39:05,credit_card
T004188,U0392,P0271,1,161.62,5,2026-04-11 10:52:39,wallet
T004189,U0630,P0321,1,297.93,4,2026-02-07 01:50:00,debit_card
T004190,U0864,P0303,5,48.78,2,2026-01-21 00:10:17,wallet
T004191,U0279,P0122,2,296.66,3,2026-01-30 21:05:17,wallet
T004192,U0119,P0387,1,353.37,4,2026-04-05 14:56:07,debit_card
T004193,U0915,P0100,1,316.57,1,2026-03-19 10:10:43,wallet
T004194,U0983,P0174,1,435.32,3,2026-02-19 06:13:08,upi
T004195,U0100,P0423,5,91.38,5,2026-04-13 00:13:02,debit_card
T004196,U0724,P0267,3,488.47,3,2026-02-03 14:54:15,credit_card
T004197,U0691,P0194,5,114.42,4,2026-02-11 09:56:23,credit_card
T004198,U0533,P0380,5,385.68,1,2026-04-13 23:43:38,upi
T004199,U0239,P0068,-5,257.91,6,2026-03-23 00:30:28,paypal
T004200,U0495,P0365,3,47.46,2,2026-03-21 14:57:40,debit_card
T004201,U0180,P0213,3,304.48,1,2026-03-02 04:40:59,paypal
T004202,U0954,P0450,5,113.06,3,2026-01-30 15:42:55,debit_card
T004203,U0323,P0253,5,45.9,1,2026-03-13 10:17:56,paypal
T004204,U0732,P0223,4,413.03,3,2026-03-22 03:52:24,debit_card
T004205,U0175,P0351,5,38.76,1,2026-01-27 06:28:18,wallet
T004206,U0665,P0052,3,265.49,3,2026-04-17 04:23:50,credit_card
T004207,,P0189,5,49.8,1,2026-01-26 03:24:48,paypal
T004208,U0394,P0024,2,103.75,3,2026-02-20 12:18:02,wallet
T004209,U0995,P0204,5,89.87,5,2026-01-21 03:32:43,paypal
T004210,U0985,P0025,5,65.71,2,2026-04-18 08:49:22,paypal
T004211,U0440,P0117,1,205.56,4,2026-03-11 01:47:11,debit_card
T004212,U0464,P0049,4,284.88,2,2026-03-20 19:14:54,wallet
T004213,U0570,P0141,4,261.17,4,2026-01-31 19:51:11,credit_card
T004214,U0875,P0316,2,423.44,5,2026-02-18 11:11:01,upi
T004215,U0686,P0460,4,376.11,6,2026-01-31 00:27:34,paypal
T004216,U0486,P0120,1,495.03,5,2026-01-23 06:43:36,wallet
T004217,U0169,P0483,1,115.63,1,2026-04-19 10:51:08,wallet
T004218,U0177,P0160,1,417.19,3,2026-02-18 00:45:40,bitcoin
T004219,U0779,P0152,3,197.08,4,2026-03-29 22:49:13,wallet
T004220,U0304,P0076,3,285.68,2,2026-02-27 21:06:14,credit_card
T004221,U0779,P0011,1,299.46,4,2026-03-28 22:10:31,debit_card
T004222,U0253,P0142,3,13.54,3,2026-02-02 22:31:02,paypal
T004223,U0092,P0342,1,107.07,1,2026-02-16 00:57:30,cheque
T004224,U0795,P0200,4,44.56,1,2026-03-10 03:52:08,upi
T004225,U0702,P0371,4,282.62,3,2026-03-13 11:18:58,wallet
T004226,U0691,P0467,2,400.0,1,2026-04-06 19:00:46,upi
T004227,U0130,P0272,3,386.5,1,2026-03-26 03:50:40,wallet
T004228,U0399,P0294,4,306.14,2,2026-02-24 09:15:46,paypal
T004229,U0058,P0168,3,225.57,3,2026-03-24 16:47:31,debit_card
T004230,U0085,P0405,2,392.46,4,2026-02-14 23:40:13,upi
T004231,U0157,P0014,5,46.45,1,2026-04-14 09:55:17,wallet
T004232,U0694,P0472,3,476.55,4,2026-04-19 05:44:13,debit_card
T004233,U0070,P0458,5,24.0,4,2026-01-27 14:12:46,upi
T004234,U0844,P0270,4,,4,2026-02-06 03:38:10,wallet
T004235,U0813,P0186,5,292.22,3,2026-03-26 09:06:33,credit_card
T004236,U0827,P0412,3,245.9,3,2026-04-18 16:37:27,credit_card
T004237,U0847,P0459,2,417.53,3,2026-03-10 12:36:51,upi
T004238,U0878,P0465,3,59.41,4,2026-03-01 14:22:58,upi
T004239,U0430,P0235,1,174.23,1,2026-01-30 04:19:41,debit_card
T004240,U0040,P0480,4,18.8,5,2026-04-18 23:55:32,credit_card
T004241,U0710,P0173,5,386.33,2,2026-03-08 20:44:28,upi
T004242,U0503,P0324,5,406.08,4,2026-02-12 13:09:47,paypal
T004243,U0141,P0177,4,216.3,3,2026-01-23 08:39:08,debit_card
T004244,U0356,P0447,5,401.07,5,2026-04-12 09:23:56,wallet
T004245,U0049,P0431,5,214.72,5,2026-03-16 23:08:43,wallet
T004246,U0759,P0490,2,378.4,3,2026-02-15 10:12:14,debit_card
T004247,U0165,P0304,5,438.37,4,2026-03-30 13:36:14,debit_card
T004248,U0134,P0424,1,348.56,1,2026-01-28 08:45:15,debit_card
T004249,U0923,P0299,5,286.97,2,2026-01-21 20:34:28,credit_card
T004250,U0288,P0004,1,131.17,4,2026-03-05 20:10:32,paypal
T004251,U0854,P0377,5,334.08,1,2026-02-02 11:04:10,credit_card
T004252,U0897,P0174,4,173.09,1,2026-02-07 12:48:50,upi
T004253,U0562,P0251,1,339.56,5,2026-01-25 22:14:04,paypal
T004254,U0626,P0029,2,344.28,4,2026-04-07 20:31:15,credit_card
T004255,U0278,P0201,2,203.52,1,2026-04-06 20:56:52,credit_card
T004256,U0529,P0392,2,386.5,4,2026-02-23 19:19:10,wallet
T004257,U0193,P0195,2,210.2,4,2026-01-30 15:02:14,debit_card
T004258,U0399,P0489,4,339.17,4,2026-01-28 16:34:52,cheque
T004259,U0326,P0095,5,211.41,5,2026-04-20 10:53:30,debit_card
T004260,U0706,P0197,5,58.64,3,2026-04-20 19:40:12,wallet
T004261,U0474,P0474,5,276.65,1,2026-04-15 23:10:31,paypal
T004262,U0099,P0354,2,136.33,2,2026-03-17 17:11:47,credit_card
T004263,U0371,P0020,5,404.27,4,2026-03-04 12:18:18,credit_card
T004264,U0330,P0221,2,140.1,5,2026-01-30 19:47:14,wallet
T004265,U0546,P0338,4,226.53,5,2026-03-08 00:54:34,credit_card
T004266,U0232,P0455,5,65.32,5,2026-02-14 19:08:05,upi
T004267,U0064,P0225,3,420.58,1,2026-02-27 06:07:31,credit_card
T004268,U0104,P0124,3,419.79,5,2026-02-28 07:42:40,wallet
T004269,U0909,P0383,2,277.46,1,2026-02-28 00:36:22,paypal
T004270,U0400,P0091,3,242.63,4,2026-04-17 07:08:12,paypal
T004271,U0861,P0226,2,115.67,2,2026-03-22 08:16:24,debit_card
T004272,U0049,P0257,5,15.64,3,2026-03-01 10:48:11,paypal
T004273,U0407,P0336,5,148.82,2,2026-02-11 02:17:16,credit_card
T004274,U0887,P0469,5,167.72,5,2026-03-10 20:27:59,upi
T004275,U0105,P0250,4,403.07,2,2026-01-27 17:11:39,wallet
T004276,U0955,P0002,5,313.99,5,2026-04-08 23:20:18,wallet
T004277,U0866,P0409,3,204.43,4,2026-01-28 16:56:37,credit_card
T004278,U0612,P0295,3,67.87,1,2026-02-16 12:46:58,upi
T004279,U0747,P0497,2,166.07,4,2026-02-06 02:30:38,credit_card
T004280,U0744,P0321,5,26.5,5,2026-01-23 12:36:49,upi
T004281,U0777,P0469,5,487.23,3,2026-03-08 00:50:54,credit_card
T004282,U0824,P0029,3,155.93,1,2026-03-05 15:31:33,upi
T004283,U0697,P0122,1,473.1,3,2026-03-18 05:41:37,upi
T004284,U0382,P0223,2,402.95,2,2026-01-22 05:57:44,credit_card
T004285,U0462,P0164,5,288.44,5,2026-02-16 20:33:03,credit_card
T004286,U0329,P0100,4,24.33,2,2026-04-12 17:24:26,upi
T004287,U0720,P0380,1,483.65,4,2026-02-12 00:10:30,debit_card
T004288,U0157,P0457,3,264.51,5,2026-02-13 05:07:32,debit_card
T004289,U0664,P0239,4,459.12,4,2026-03-23 17:19:31,wallet
T004290,U0947,P0139,4,200.1,5,2026-03-02 07:26:44,debit_card
T004291,U0284,P0060,3,257.62,2,2026-03-14 23:38:56,wallet
T004292,U0619,P0261,5,366.8,4,2026-03-17 13:04:15,upi
T004293,U0890,P0325,3,224.23,3,2026-03-28 12:20:02,upi
T004294,U0563,P0191,4,412.58,3,2026-01-31 21:10:53,debit_card
T004295,U0284,P0071,4,288.23,3,2026-03-10 19:35:37,debit_card
T004296,U0868,P0335,5,337.53,3,2026-01-31 14:30:33,paypal
T004297,U0148,P0094,5,250.36,-1,2026-03-02 03:55:38,credit_card
T004298,U0564,P0240,4,269.84,2,2026-02-22 22:49:50,credit_card
T004299,U0281,P0146,5,452.12,4,2026-03-17 10:56:37,upi
T004300,U0964,P0209,2,296.25,1,2026-01-22 07:02:11,credit_card
T004301,U0537,P0275,4,427.76,2,2026-03-24 17:42:40,wallet
T004302,U0972,P0215,1,438.69,5,2026-03-25 19:00:11,upi
T004303,U0449,P0342,3,367.91,2,2026-01-21 12:02:00,credit_card
T004304,U0681,P0421,3,240.63,3,2026-03-12 06:23:15,
T004305,U0843,P0036,4,112.53,4,2026-03-03 03:22:22,wallet
T004306,U0739,P0208,3,388.23,3,2026-02-18 03:07:38,debit_card
T004307,U0066,P0151,1,341.56,2,2026-03-27 04:33:50,wallet
T004308,U0514,P0329,4,315.53,5,2026-03-16 18:31:56,upi
T004309,U0323,P0404,1,461.16,3,2026-03-16 14:55:21,credit_card
T004310,U0803,P0404,1,252.13,3,2026-04-02 08:37:34,wallet
T004311,U0425,P0238,1,62.44,3,2026-03-08 06:00:21,debit_card
T004312,U0397,P0158,1,371.6,3,2026-03-10 13:37:08,paypal
T004313,U0158,P0353,5,187.03,4,2026-04-01 16:28:08,debit_card
T004314,U0942,P0163,1,195.9,2,2026-02-06 00:12:25,debit_card
T004315,U0163,P0409,4,361.13,-2,2026-02-16 23:45:25,credit_card
T004316,U0513,P0026,1,80.13,3,2026-04-06 18:53:25,credit_card
T004317,U0033,P0369,5,134.47,3,2026-03-03 13:06:14,upi
T004318,U0701,P0249,2,152.16,2,2026-02-08 20:24:12,debit_card
T004319,U0235,P0453,5,43.46,2,2026-04-14 02:24:48,wallet
T004320,U0812,P0422,2,213.79,5,2026-02-22 22:42:26,wallet
T004321,U0255,P0184,5,261.35,1,2026-03-28 09:53:11,upi
T004322,U0615,P0265,4,111.09,5,2026-03-19 11:29:31,wallet
T004323,U0280,P0388,3,219.23,4,2026-02-02 23:35:09,debit_card
T004324,U0478,P0028,2,137.12,3,2026-03-11 22:12:53,wallet
T004325,U0284,P0179,5,275.49,5,2026-01-23 21:54:51,credit_card
T004326,U0389,P0205,1,291.1,4,2026-03-28 07:13:29,credit_card
T004327,U0836,P0214,2,461.74,4,2026-02-26 14:45:47,paypal
T004328,U0515,P0459,5,461.78,5,2026-03-31 18:11:36,bitcoin
T004329,U0275,P0138,3,200.53,2,2026-01-30 05:10:52,wallet
T004330,U0701,P0144,2,346.79,1,2026-04-04 06:17:23,upi
T004331,U0314,P0300,2,345.88,1,2026-04-05 18:46:30,credit_card
T004332,U0702,P0041,2,77.81,2,2026-01-29 12:25:26,credit_card
T004333,U0142,P0331,5,183.44,2,2026-03-10 18:33:17,paypal
T004334,U0033,P0167,3,421.71,4,2026-04-15 12:05:04,debit_card
T004335,U0236,P0251,1,10.6,5,2026-03-18 18:08:14,upi
T004336,U0381,P0040,5,36.43,1,2026-02-15 06:24:16,debit_card
T004337,U0988,P0372,4,23.03,2,2026-02-25 16:54:15,wallet
T004338,U0765,P0147,2,88.77,4,2026-02-21 19:22:02,paypal
T004339,U0433,P0140,2,48.04,1,2026-02-15 05:06:33,debit_card
T004340,U0238,P0279,3,407.39,2,2026-03-18 15:49:32,upi
T004341,U0242,P0029,3,278.51,5,2026-02-11 02:48:33,wallet
T004342,U0433,P0454,3,383.41,5,2026-04-08 15:16:33,wallet
T004343,U0153,P0071,3,110.96,2,2026-04-17 02:54:36,debit_card
T004344,U0365,P0488,3,471.61,5,2026-04-08 18:55:17,debit_card
T004345,,P0316,2,347.77,1,2026-03-22 19:47:11,credit_card
T004346,U0274,P0057,-5,462.34,3,2026-03-20 00:45:18,upi
T004347,U0462,P0463,1,,5,2026-04-20 23:44:11,debit_card
T004348,U0862,P0432,3,134.29,3,2026-02-27 17:04:19,paypal
T004349,U0670,P0309,4,44.01,2,2026-02-03 13:36:43,upi
T004350,U0820,P0270,4,113.34,1,2026-02-05 10:52:02,debit_card
T004351,U0397,P0412,3,165.47,4,2026-02-18 20:49:18,paypal
T004352,U0990,P0219,5,150.49,5,2026-02-16 03:37:27,credit_card
T004353,U0820,P0294,1,104.26,3,2026-04-01 12:33:34,wallet
T004354,,P0244,2,195.23,2,2026-04-18 17:14:28,paypal
T004355,U0036,P0430,2,250.53,1,2026-04-07 05:37:45,upi
T004356,U0314,P0095,1,375.49,2,2026-02-19 20:01:02,upi
T004357,U0834,P0084,5,477.65,5,2026-01-23 17:47:23,debit_card
T004358,U0446,P0500,4,467.55,3,2026-04-02 17:58:21,credit_card
T004359,U0388,P0333,5,413.92,5,2026-04-20 22:35:29,credit_card
T004360,U0746,P0376,1,285.97,4,2026-04-14 22:57:32,paypal
T004361,U0226,P0382,2,179.29,2,2026-02-13 21:09:32,paypal
T004362,U0808,P0014,-1,45.84,1,2026-02-04 18:31:26,upi
T004363,U0006,P0352,1,,1,2026-03-29 05:05:50,debit_card
T004364,U0131,P0029,3,125.54,2,2026-01-25 19:43:33,wallet
T004365,U0241,P0295,3,197.91,1,2026-03-28 20:47:54,wallet
T004366,U0032,P0150,4,197.66,4,2026-02-03 00:33:52,credit_card
T004367,U0293,,5,98.86,4,2026-03-06 20:34:49,wallet
T004368,U0739,P0052,1,453.23,2,2026-04-02 01:36:04,upi
T004369,U0429,P0166,1,0.0,5,2026-03-28 22:55:21,cheque
T004370,U0374,P0237,4,391.63,2,2026-03-20 07:10:02,credit_card
T004371,U0435,P0011,2,416.28,3,2026-01-26 05:35:49,paypal
T004372,U0922,P0446,3,17.65,2,2026-02-05 16:51:28,credit_card
T004373,U0956,P0354,3,85.7,3,2026-01-31 15:33:48,wallet
T004374,U0834,P0132,3,221.32,3,2026-03-09 19:32:47,upi
T004375,U0388,P0240,4,388.89,3,2026-03-13 22:21:21,
T004376,U0285,P0085,5,159.46,1,2026-01-20 00:29:31,credit_card
T004377,U0217,P0390,4,138.92,4,2026-03-26 09:52:29,upi
T004378,U0750,P0050,1,381.38,2,2026-03-25 06:29:29,debit_card
T004379,U0982,P0093,2,169.31,5,2026-04-18 08:07:11,debit_card
T004380,U0493,P0219,2,324.68,2,2026-02-15 08:34:02,paypal
T004381,U0338,P0023,1,177.73,1,2026-03-21 17:58:44,upi
T004382,U0378,P0237,5,499.62,4,2026-01-30 01:32:24,credit_card
T004383,U0037,P0010,3,303.24,1,2026-03-28 13:52:46,debit_card
T004384,U0660,P0375,3,254.79,0,2026-04-09 07:50:12,debit_card
T004385,U0981,P0155,5,335.71,1,2026-02-25 02:02:32,debit_card
T004386,,P0497,5,324.65,4,2026-02-17 03:08:17,unknown
T004387,U0994,P0359,3,320.35,5,2026-01-26 23:36:39,credit_card
T004388,U0516,P0247,3,254.16,3,2026-03-19 11:57:36,credit_card
T004389,U0970,P0354,2,63.73,2,2026-03-31 04:56:41,debit_card
T004390,U0503,P0028,5,147.63,3,2026-03-10 19:30:53,paypal
T004391,U0017,P0054,2,-319.2,1,2026-02-20 18:26:34,paypal
T004392,U0733,P0464,3,427.78,5,2026-02-28 06:26:35,wallet
T004393,U0232,P0083,4,372.53,3,2026-03-19 01:40:20,credit_card
T004394,U0482,P0442,4,132.31,4,2026-04-14 01:23:02,credit_card
T004395,U0049,P0217,3,104.37,1,2026-03-05 10:43:23,wallet
T004396,U0499,P0043,2,241.76,2,2026-01-30 22:49:45,credit_card
T004397,U0547,P0080,4,90.86,4,2026-03-20 11:24:57,upi
T004398,U0870,P0397,5,306.68,5,2026-01-20 15:48:41,credit_card
T004399,U0308,P0060,5,222.49,4,2026-01-21 22:14:08,paypal
T004400,U0394,P0207,1,51.62,5,2026-02-12 20:02:55,wallet
T004401,U0133,P0443,1,356.01,0,2026-03-01 18:18:04,upi
T004402,U0312,P0113,3,285.42,2,2026-01-22 21:18:18,upi
T004403,U0330,P0115,2,348.62,2,2026-02-03 09:32:01,wallet
T004404,U0886,P0484,2,255.78,5,2026-03-13 21:04:33,credit_card
T004405,U0529,P0352,4,68.84,4,2026-03-01 23:32:55,upi
T004406,U0559,P0222,2,132.67,3,2026-04-14 10:00:26,wallet
T004407,U0983,P0196,3,337.08,2,2026-02-11 01:02:35,upi
T004408,U0829,P0424,5,446.52,5,2026-04-15 05:34:36,paypal
T004409,U0793,P0176,5,389.16,7,2026-01-21 07:12:51,paypal
T004410,U0548,P0031,5,390.78,3,2026-03-12 22:48:22,debit_card
T004411,U0261,P0382,3,312.38,1,2026-03-25 18:51:00,paypal
T004412,U0864,P0120,3,490.7,5,2026-02-19 03:06:39,wallet
T004413,U0854,P0387,2,225.92,2,2026-03-18 16:06:37,wallet
T004414,U0803,P0108,3,33.07,5,2026-04-17 22:48:11,debit_card
T004415,U0141,P0482,5,48.71,5,2026-01-31 14:03:28,upi
T004416,U0089,P0461,4,231.44,1,2026-02-04 00:14:46,debit_card
T004417,U0292,P0023,2,36.1,4,2026-02-17 15:54:06,credit_card
T004418,U0511,P0160,0,232.95,3,2026-02-02 17:14:52,wallet
T004419,U0068,P0258,3,323.03,1,2026-01-22 02:15:48,credit_card
T004420,U0770,P0008,1,121.55,1,2026-04-17 23:14:08,debit_card
T004421,U0739,P0061,3,414.03,5,2026-01-22 09:17:38,credit_card
T004422,U0082,,2,418.98,5,2026-02-09 03:57:59,paypal
T004423,U0677,P0326,5,433.56,1,2026-04-04 05:27:40,upi
T004424,U0787,P0252,2,-140.62,2,2026-04-12 16:19:18,upi
T004425,U0974,P0148,3,194.93,5,2026-02-28 15:31:13,wallet
T004426,U0588,P0456,1,192.92,5,2026-02-14 07:30:47,upi
T004427,U0967,P0169,5,382.49,3,2026-03-23 01:37:12,wallet
T004428,U0107,P0150,5,236.08,1,2026-04-07 06:44:24,wallet
T004429,U0772,P0008,5,396.29,2,2026-03-27 04:46:50,upi
T004430,U0356,P0217,1,287.62,5,2026-04-11 21:08:26,upi
T004431,U0557,P0455,1,76.45,4,2026-03-13 22:27:47,wallet
T004432,U0122,P0198,5,423.52,2,2026-03-19 16:29:37,credit_card
T004433,U0692,P0430,5,407.79,4,2026-04-19 13:43:11,paypal
T004434,U0467,P0472,3,463.9,4,2026-03-08 21:44:28,upi
T004435,U0453,P0340,3,304.23,4,2026-03-23 15:47:23,upi
T004436,U0220,P0355,5,17.68,4,2026-03-01 01:14:15,upi
T004437,U0538,P0069,2,331.27,2,2026-03-21 08:33:22,debit_card
T004438,U0580,P0123,3,239.14,3,2026-04-18 03:23:53,debit_card
T004439,U0445,P0256,5,255.05,-1,2026-03-18 01:54:01,upi
T004440,U0252,P0331,5,453.31,3,2026-02-22 14:39:34,credit_card
T004441,U0762,P0381,3,86.15,4,2026-02-15 04:55:33,credit_card
T004442,U0255,P0112,1,322.71,5,2026-03-17 20:24:20,wallet
T004443,U0172,P0410,5,267.39,1,2026-02-10 05:41:43,wallet
T004444,U0673,P0419,3,173.5,4,2026-03-11 22:31:07,debit_card
T004445,U0057,P0263,5,273.37,4,2026-04-17 01:09:38,upi
T004446,U0613,P0375,5,365.55,5,2026-01-21 15:11:53,debit_card
T004447,U0193,P0351,1,179.44,3,2026-02-17 11:09:41,paypal
T004448,U0640,P0041,5,415.05,3,2026-03-19 00:06:40,wallet
T004449,U0995,P0456,3,275.2,4,2026-03-23 04:30:58,cash
T004450,U0721,P0226,2,153.64,5,2026-04-10 11:30:44,wallet
T004451,U0387,P0123,3,109.0,3,2026-01-26 22:27:49,paypal
T004452,U0107,P0214,2,319.26,4,2026-03-19 06:29:56,paypal
T004453,U0012,P0259,5,195.92,5,2026-04-15 17:55:50,credit_card
T004454,U0086,P0456,2,79.91,1,2026-03-08 14:29:44,upi
T004455,U0460,P0032,1,341.69,5,2026-01-29 18:35:53,upi
T004456,U0122,P0238,1,13.56,3,2026-04-08 20:50:08,wallet
T004457,,P0367,1,243.4,1,2026-03-27 22:08:43,wallet
T004458,U0957,P0343,1,83.43,1,2026-02-20 03:48:34,wallet
T004459,U0597,P0332,4,25.85,1,2026-02-13 11:22:32,upi
T004460,U0112,P0445,1,242.1,3,2026-01-31 17:33:58,paypal
T004461,U0934,P0046,3,209.78,10,2026-03-07 10:55:25,paypal
T004462,U0088,P0413,2,479.58,2,2026-03-04 13:15:33,wallet
T004463,U0077,P0213,3,375.54,1,2026-03-05 23:52:47,upi
T004464,U0416,P0100,1,348.22,4,2026-02-14 08:28:19,wallet
T004465,U0422,P0367,3,259.4,3,2026-01-22 01:59:04,upi
T004466,U0960,P0151,3,112.31,2,2026-03-01 23:43:09,credit_card
T004467,U0066,P0291,1,212.48,2,2026-03-11 09:27:12,upi
T004468,U0021,P0414,4,329.13,5,2026-03-15 22:46:01,upi
T004469,U0498,P0260,1,412.91,2,2026-02-22 02:20:54,paypal
T004470,U0816,P0176,2,144.28,3,2026-03-31 15:46:20,paypal
T004471,U0790,P0299,1,345.69,3,2026-02-16 12:36:04,credit_card
T004472,U0585,P0009,3,106.2,3,2026-01-29 18:57:33,paypal
T004473,U0041,P0486,4,469.73,5,2026-02-08 21:53:00,paypal
T004474,U0653,P0375,4,-10.5,2,2026-02-07 16:35:37,credit_card
T004475,U0051,,3,312.93,5,2026-02-02 06:17:51,upi
T004476,U0785,,3,489.83,2,2026-03-27 09:39:30,upi
T004477,U0729,P0014,5,284.85,5,2026-02-09 23:33:38,credit_card
T004478,U0372,P0025,5,56.58,4,2026-02-16 08:42:23,wallet
T004479,U0693,P0377,2,332.82,4,2026-02-05 11:34:18,wallet
T004480,U0226,P0069,5,219.96,4,2026-02-04 04:02:45,wallet
T004481,U0173,P0363,3,489.52,1,2026-02-06 18:35:59,debit_card
T004482,U0003,P0453,1,219.53,2,2026-03-29 04:06:08,wallet
T004483,U0217,P0467,5,93.28,3,2026-02-03 15:05:21,upi
T004484,U0585,P0046,4,230.57,1,2026-04-17 20:51:55,upi
T004485,U0009,P0252,5,406.77,1,2026-03-21 05:07:14,wallet
T004486,,P0469,2,126.2,3,2026-04-02 04:28:24,debit_card
T004487,U0750,P0108,3,111.07,3,2026-02-20 12:49:26,upi
T004488,U0172,P0365,5,430.54,2,2026-02-28 12:53:25,credit_card
T004489,U0790,P0140,1,291.51,1,2026-02-23 16:14:58,upi
T004490,U0093,P0388,4,279.8,5,2026-04-15 22:12:19,wallet
T004491,U0178,P0040,5,-100.0,3,2026-02-25 14:03:35,wallet
T004492,U0165,P0417,1,206.09,4,2026-02-05 21:46:06,upi
T004493,U0005,P0109,5,221.36,3,2026-04-12 23:15:56,upi
T004494,U0900,P0119,2,485.77,2,2026-02-16 05:03:46,debit_card
T004495,U0259,P0082,4,107.98,5,2026-02-16 14:17:57,wallet
T004496,U0765,P0041,2,176.8,1,2026-02-26 12:27:53,debit_card
T004497,U0957,P0267,4,-10.5,5,2026-02-24 17:21:37,paypal
T004498,U0626,P0004,3,136.5,6,2026-04-19 03:17:12,upi
T004499,U0435,P0160,2,143.81,1,2026-01-20 12:31:52,upi
T004500,U0601,P0154,1,199.49,3,2026-02-12 12:44:08,debit_card
T004501,U0181,P0297,2,319.71,3,2026-02-27 09:46:48,wallet
T004502,U0773,P0119,3,366.17,1,2026-04-03 21:22:49,paypal
T004503,U0327,P0471,1,379.21,5,2026-03-18 17:34:44,bitcoin
T004504,U0945,P0415,3,252.11,5,2026-02-04 11:43:57,upi
T004505,U0029,P0467,4,217.52,0,2026-01-20 03:46:10,upi
T004506,U0962,P0089,2,22.88,2,2026-04-14 16:19:58,upi
T004507,U0128,P0133,5,434.29,5,2026-03-21 06:00:28,paypal
T004508,U0531,P0129,5,483.63,4,2026-02-03 12:41:17,debit_card
T004509,U0948,P0266,2,12.84,4,2026-03-31 04:51:39,credit_card
T004510,U0881,P0287,1,259.27,1,2026-03-21 23:21:05,wallet
T004511,U0875,P0003,5,255.75,2,2026-02-10 01:18:39,wallet
T004512,U0848,P0067,3,96.7,1,2026-01-20 23:32:49,wallet
T004513,U0281,P0393,2,105.81,3,2026-04-16 09:26:17,upi
T004514,U0579,P0042,2,34.32,2,2026-03-23 21:09:18,debit_card
T004515,U0602,P0434,5,15.5,3,2026-01-31 00:49:41,credit_card
T004516,U0815,P0345,2,92.99,5,2026-04-01 04:57:30,paypal
T004517,U0858,P0238,5,488.14,5,2026-03-26 19:07:49,debit_card
T004518,,P0404,5,348.74,3,2026-02-16 06:08:49,upi
T004519,U0809,P0018,2,97.32,2,2026-02-27 01:47:24,wallet
T004520,U0005,P0439,4,242.07,1,2026-01-21 08:28:56,upi
T004521,U0791,P0274,1,250.45,3,2026-01-26 13:49:39,wallet
T004522,U0336,P0076,3,196.8,-1,2026-03-26 20:27:47,wallet
T004523,U0379,P0421,5,89.21,1,2026-03-30 11:53:23,credit_card
T004524,U0969,P0184,1,392.56,2,2026-04-12 18:34:36,upi
T004525,U0939,P0197,1,20.55,5,2026-04-04 22:41:22,upi
T004526,U0990,P0354,3,293.15,1,2026-02-02 16:05:38,credit_card
T004527,U0383,P0299,1,125.01,3,2026-03-25 17:46:48,debit_card
T004528,U0483,P0065,3,310.7,1,2026-02-02 05:18:55,paypal
T004529,U0617,P0295,4,258.01,5,2026-04-18 07:25:07,paypal
T004530,U0779,P0118,2,493.05,4,2026-03-30 15:31:27,upi
T004531,U0077,P0172,3,489.14,2,2026-04-02 12:22:13,wallet
T004532,U0946,P0455,5,381.83,3,2026-03-23 02:58:31,wallet
T004533,U0310,P0225,4,35.29,4,2026-01-31 21:51:08,credit_card
T004534,U0760,P0330,1,123.77,2,2026-02-17 14:37:20,debit_card
T004535,U0925,P0179,5,82.79,4,2026-02-11 07:21:15,paypal
T004536,U0012,P0491,3,379.12,1,2026-03-08 11:40:13,wallet
T004537,U0986,P0370,5,326.4,4,2026-03-14 09:00:53,credit_card
T004538,U0675,P0333,3,336.69,6,2026-03-20 02:03:21,upi
T004539,U0113,P0033,3,158.91,1,2026-02-03 19:00:10,wallet
T004540,U0636,P0413,3,309.79,5,2026-04-20 04:10:30,wallet
T004541,U0152,P0372,4,169.37,5,2026-03-03 04:16:53,upi
T004542,U0211,P0120,4,330.55,4,2026-02-28 19:58:41,credit_card
T004543,U0286,P0115,1,116.82,4,2026-02-22 00:50:40,credit_card
T004544,U0717,P0048,5,277.94,1,2026-02-02 00:10:29,cheque
T004545,U0254,P0285,2,98.77,3,2026-02-19 05:47:08,upi
T004546,U0356,P0396,3,483.01,5,2026-03-01 02:55:24,wallet
T004547,U0623,P0321,5,69.05,5,2026-03-23 18:13:32,paypal
T004548,U0880,P0167,1,495.52,5,2026-02-03 12:36:37,paypal
T004549,U0894,P0123,4,293.76,1,2026-04-12 07:46:25,paypal
T004550,U0376,P0309,3,271.58,5,2026-02-15 01:02:31,paypal
T004551,U0632,P0140,1,267.01,5,2026-01-28 01:13:05,credit_card
T004552,U0427,P0301,3,206.36,5,2026-01-31 21:57:00,wallet
T004553,U0719,P0111,2,467.87,2,2026-01-30 14:28:29,upi
T004554,U0604,P0492,2,200.78,4,2026-02-25 00:37:35,debit_card
T004555,U0725,P0025,4,180.02,3,2026-04-02 20:55:19,wallet
T004556,U0028,P0336,4,146.26,5,2026-02-03 02:11:28,upi
T004557,U0459,P0057,1,291.86,4,2026-04-09 13:41:02,paypal
T004558,U0101,P0010,3,306.6,1,2026-03-30 13:55:33,paypal
T004559,U0221,P0371,4,151.76,3,2026-03-06 13:00:41,wallet
T004560,U0201,P0305,2,51.7,3,2026-03-16 14:01:31,paypal
T004561,U0263,P0453,5,482.64,3,2026-03-20 18:34:12,credit_card
T004562,U0813,P0076,4,263.43,5,2026-02-04 00:15:47,upi
T004563,U0643,P0473,5,437.86,2,2026-02-11 02:08:43,credit_card
T004564,U0613,P0238,1,317.81,2,2026-01-22 17:51:34,wallet
T004565,U0124,P0238,4,73.0,2,2026-03-02 12:12:43,wallet
T004566,U0558,P0059,1,326.94,5,2026-04-13 04:14:07,debit_card
T004567,U0756,P0226,4,215.13,3,2026-02-01 19:51:42,credit_card
T004568,U0461,P0258,3,162.42,3,2026-03-10 17:03:00,upi
T004569,U0802,P0359,1,39.94,2,2026-03-05 22:08:46,upi
T004570,U0903,P0211,3,253.51,2,2026-03-04 09:20:36,paypal
T004571,U0896,P0180,5,157.65,4,2026-04-02 12:50:49,credit_card
T004572,U0610,P0201,1,134.59,5,2026-01-22 02:25:44,paypal
T004573,U0029,P0355,5,478.85,3,2026-02-27 23:28:44,paypal
T004574,U0319,P0439,5,217.16,3,2026-02-07 03:59:15,bitcoin
T004575,U0358,P0127,5,452.6,5,2026-03-19 07:54:14,wallet
T004576,U1000,P0454,1,234.17,4,2026-03-10 14:38:52,upi
T004577,U0366,P0360,2,424.96,3,2026-02-12 00:30:48,debit_card
T004578,U0107,P0429,3,245.6,5,2026-03-24 00:19:46,upi
T004579,U0944,P0462,3,393.96,1,2026-02-02 04:46:05,paypal
T004580,U0378,P0388,1,399.89,4,2026-03-31 08:30:42,upi
T004581,U0230,P0168,1,341.05,5,2026-03-14 18:37:33,credit_card
T004582,U0896,P0053,5,78.14,2,2026-03-19 04:21:37,upi
T004583,U0426,P0088,2,429.71,5,2026-04-12 08:20:06,paypal
T004584,U0185,P0463,4,10.6,4,2026-04-10 16:17:26,debit_card
T004585,U0880,P0214,3,174.53,1,2026-02-15 04:37:48,upi
T004586,U0101,P0098,3,331.29,3,2026-02-06 16:28:16,credit_card
T004587,U0085,P0344,5,72.73,2,2026-04-12 04:49:42,credit_card
T004588,U0053,P0086,3,432.5,2,2026-01-25 10:01:38,upi
T004589,U0483,P0376,3,18.37,4,2026-02-01 19:49:34,paypal
T004590,U0226,P0120,1,382.49,3,2026-03-12 10:44:28,wallet
T004591,U0226,P0166,4,0.0,5,2026-03-19 12:21:36,debit_card
T004592,U0703,P0055,5,136.73,2,2026-02-19 13:47:16,paypal
T004593,U0577,P0078,1,,5,2026-03-14 09:13:35,paypal
T004594,U0975,P0267,4,378.32,4,2026-03-10 07:04:01,wallet
T004595,U0215,P0368,1,111.67,2,2026-02-09 03:29:52,upi
T004596,U0777,P0283,5,32.71,1,2026-02-01 18:38:15,debit_card
T004597,U0891,P0043,3,174.75,3,2026-04-16 03:11:23,debit_card
T004598,U0971,P0413,3,,1,2026-03-30 19:53:04,debit_card
T004599,U0986,P0455,2,152.28,1,2026-03-21 20:56:12,credit_card
T004600,U0608,P0462,3,140.41,3,2026-04-10 13:18:53,upi
T004601,U0917,,4,464.69,4,2026-02-08 12:31:05,debit_card
T004602,U0421,P0232,1,60.18,1,2026-02-06 01:34:22,debit_card
T004603,U0313,P0500,3,348.08,4,2026-04-18 09:46:18,credit_card
T004604,U0648,P0496,4,176.98,3,2026-04-09 06:17:18,debit_card
T004605,U0006,P0025,2,100.61,2,2026-02-05 08:24:33,upi
T004606,U0094,P0207,4,162.45,2,2026-04-14 07:00:46,paypal
T004607,U0939,P0044,5,315.06,4,2026-04-10 05:49:11,credit_card
T004608,U0068,P0036,3,75.41,5,2026-02-09 16:05:24,credit_card
T004609,U0859,P0407,5,466.26,5,2026-02-16 02:01:20,upi
T004610,U0832,P0242,4,318.97,2,2026-01-26 23:05:48,credit_card
T004611,U0746,P0396,1,254.35,10,2026-01-29 01:27:37,credit_card
T004612,U0042,P0314,1,25.13,3,2026-03-11 01:18:21,credit_card
T004613,U0841,P0170,2,-10.5,1,2026-02-28 21:18:49,paypal
T004614,U0848,P0199,4,272.07,6,2026-04-20 12:36:43,credit_card
T004615,U0022,P0103,5,422.51,3,2026-02-15 17:11:29,debit_card
T004616,U0139,P0236,5,122.75,5,2026-02-12 21:51:38,credit_card
T004617,U0171,P0175,2,98.88,3,2026-03-28 19:47:56,wallet
T004618,U0888,P0476,1,250.94,4,2026-04-06 15:51:49,paypal
T004619,U0474,P0243,4,164.08,2,2026-04-03 12:50:03,wallet
T004620,U0978,P0085,5,287.74,3,2026-03-15 08:35:37,credit_card
T004621,U0171,P0448,3,177.82,2,2026-02-22 16:30:51,paypal
T004622,U0596,P0361,1,475.08,4,2026-01-24 18:32:32,paypal
T004623,U0696,P0413,4,276.62,1,2026-04-01 05:45:26,debit_card
T004624,U0168,P0110,3,342.72,5,2026-02-26 10:08:15,upi
T004625,U0808,P0412,3,272.58,5,2026-03-06 14:23:03,wallet
T004626,U0811,P0447,3,157.59,3,2026-01-30 09:33:23,debit_card
T004627,U0121,P0323,3,237.1,5,2026-04-05 03:23:16,paypal
T004628,U0136,,1,245.03,2,2026-02-14 21:05:34,credit_card
T004629,U0277,P0120,5,73.53,4,2026-02-25 14:26:17,credit_card
T004630,U0965,P0393,2,113.67,5,2026-03-06 11:44:39,paypal
T004631,U0376,P0379,2,449.2,5,2026-02-03 07:34:22,upi
T004632,U0177,P0430,1,413.81,4,2026-03-17 23:14:55,debit_card
T004633,U0062,P0484,5,481.64,4,2026-04-01 00:57:39,debit_card
T004634,U0874,P0314,5,365.17,3,2026-03-12 20:21:49,upi
T004635,U0165,P0027,4,178.39,2,2026-04-02 04:12:51,wallet
T004636,U0090,P0390,5,476.41,5,2026-02-09 18:49:23,wallet
T004637,U0843,P0043,5,421.87,2,2026-03-02 00:28:44,upi
T004638,U0242,P0319,5,158.66,3,2026-03-04 00:23:48,paypal
T004639,U0038,P0201,5,68.29,1,2026-04-17 03:09:16,paypal
T004640,U0425,P0069,4,484.9,3,2026-03-11 23:06:18,upi
T004641,U0165,P0037,4,468.02,4,2026-02-09 16:49:20,debit_card
T004642,U0318,P0118,5,415.82,3,2026-02-23 13:12:06,upi
T004643,U0890,P0423,3,50.81,3,2026-04-05 21:56:15,upi
T004644,U0352,P0105,1,44.15,3,2026-03-10 07:44:03,debit_card
T004645,U0558,P0134,3,168.92,3,2026-01-20 03:14:59,debit_card
T004646,U0672,P0073,2,45.96,5,2026-04-17 18:58:39,wallet
T004647,U0305,P0287,1,110.19,2,2026-01-26 13:01:49,wallet
T004648,U0251,P0029,5,291.23,5,2026-02-18 00:51:59,wallet
T004649,U0719,P0078,2,84.25,1,2026-02-10 11:14:29,credit_card
T004650,U0829,P0256,4,209.69,5,2026-03-17 01:39:40,upi
T004651,U0892,P0272,2,351.4,2,2026-03-31 05:59:38,upi
T004652,U0725,P0210,4,151.87,1,2026-04-15 00:15:36,wallet
T004653,U0968,P0340,4,248.99,3,2026-04-18 10:41:27,wallet
T004654,U0675,P0210,2,189.02,5,2026-03-05 21:31:32,credit_card
T004655,U0749,P0060,2,54.47,3,2026-03-03 06:52:39,credit_card
T004656,U0122,P0083,3,118.66,2,2026-03-16 09:24:35,upi
T004657,U0440,P0298,2,237.85,4,2026-03-21 23:06:28,paypal
T004658,U0938,P0223,3,152.33,2,2026-04-10 03:08:32,paypal
T004659,U0528,P0090,2,68.57,-1,2026-02-22 12:01:56,upi
T004660,U0185,P0010,3,193.74,2,2026-02-09 03:40:15,upi
T004661,U0830,P0497,5,421.51,6,2026-03-01 00:01:44,debit_card
T004662,U0397,P0422,5,149.72,3,2026-01-21 12:50:21,wallet
T004663,U0836,P0107,4,36.35,2,2026-02-08 20:24:31,wallet
T004664,U0289,P0401,5,292.54,5,2026-02-08 19:22:20,wallet
T004665,,P0365,4,439.48,5,2026-04-04 19:14:21,credit_card
T004666,U0101,P0016,4,319.89,3,2026-02-12 19:18:19,paypal
T004667,U0292,P0489,3,369.79,1,2026-03-01 06:21:35,debit_card
T004668,U0765,P0218,1,474.79,1,2026-03-16 08:30:12,upi
T004669,U0019,P0236,2,253.33,3,2026-04-20 05:04:18,credit_card
T004670,U0047,P0448,3,35.94,5,2026-02-26 00:10:10,upi
T004671,U0584,P0315,2,305.03,4,2026-03-21 20:25:24,wallet
T004672,U0866,P0043,1,466.21,5,2026-03-08 21:19:28,credit_card
T004673,U0961,P0179,5,22.12,3,2026-02-22 06:12:48,paypal
T004674,U0570,P0388,4,266.13,1,2026-02-28 03:48:49,paypal
T004675,U0512,P0496,1,137.54,10,2026-03-27 16:51:19,upi
T004676,U0835,P0296,3,425.08,-1,2026-03-02 14:35:05,wallet
T004677,U0603,P0426,2,75.56,1,2026-04-12 07:15:52,upi
T004678,U0648,P0394,5,26.6,1,2026-03-11 20:11:42,wallet
T004679,U0289,P0346,1,160.99,4,2026-03-12 08:34:44,debit_card
T004680,U0012,P0400,5,348.88,5,2026-02-28 17:08:47,wallet
T004681,U0103,P0157,1,452.85,5,2026-02-12 18:15:04,paypal
T004682,U0142,P0240,4,250.26,4,2026-02-24 03:43:50,upi
T004683,U0345,P0124,4,147.16,4,2026-03-09 16:02:51,wallet
T004684,U0352,P0424,4,110.93,4,2026-02-01 13:45:33,paypal
T004685,U0243,P0204,1,330.0,1,2026-02-01 14:44:20,wallet
T004686,U0378,P0301,3,495.38,2,2026-02-28 02:34:48,upi
T004687,U0121,P0221,5,252.02,4,2026-03-31 05:58:07,paypal
T004688,U0417,P0327,2,143.71,2,2026-02-11 11:49:12,credit_card
T004689,U0011,P0063,1,23.26,5,2026-03-27 07:23:42,credit_card
T004690,U0804,P0138,5,336.8,1,2026-02-23 02:47:15,credit_card
T004691,U0087,P0046,2,32.27,1,2026-04-12 16:30:22,paypal
T004692,U0479,P0133,5,55.69,3,2026-04-17 17:17:48,wallet
T004693,U0447,P0050,5,436.22,3,2026-02-05 06:52:28,wallet
T004694,U0058,P0096,1,94.68,3,2026-04-18 19:37:31,debit_card
T004695,U0269,P0439,4,377.27,5,2026-01-23 18:08:00,credit_card
T004696,U0599,P0093,4,263.53,3,2026-03-18 09:48:07,debit_card
T004697,U0420,P0356,3,90.16,0,2026-02-11 11:16:18,upi
T004698,U0063,P0486,2,199.22,1,2026-04-10 11:35:33,paypal
T004699,U0409,P0208,4,307.21,2,2026-01-20 17:36:51,debit_card
T004700,U0586,P0236,2,74.46,2,2026-04-19 04:13:42,wallet
T004701,U0664,P0225,1,259.3,4,2026-04-18 08:46:06,debit_card
T004702,U0848,,3,379.9,3,2026-03-05 08:23:42,wallet
T004703,U0451,P0485,3,438.32,1,2026-03-31 06:16:35,wallet
T004704,U0916,P0335,1,347.22,5,2026-03-02 14:10:37,wallet
T004705,U0514,P0024,2,282.99,3,2026-01-20 05:35:37,upi
T004706,U0530,P0103,4,349.19,4,2026-03-31 10:02:45,wallet
T004707,U0919,P0152,1,345.48,3,2026-03-19 21:49:33,credit_card
T004708,U0271,P0147,4,169.87,3,2026-02-19 17:51:37,wallet
T004709,U0171,P0206,1,419.89,4,2026-01-22 19:39:21,debit_card
T004710,U0256,P0350,5,81.81,1,2026-01-21 23:10:25,debit_card
T004711,U0609,P0242,5,14.2,4,2026-03-31 05:03:28,paypal
T004712,U0433,P0161,3,109.24,5,2026-02-07 05:26:00,debit_card
T004713,U0976,P0088,1,72.61,5,2026-02-02 14:31:01,wallet
T004714,U0022,P0105,3,411.6,2,2026-02-11 05:26:32,debit_card
T004715,U0171,P0254,2,120.5,3,2026-02-06 09:45:17,credit_card
T004716,U0921,P0394,4,426.33,5,2026-02-16 20:15:01,wallet
T004717,U0957,P0330,1,134.6,5,2026-04-04 23:35:59,wallet
T004718,U0278,P0278,2,495.49,2,2026-02-16 06:58:27,debit_card
T004719,U0181,P0258,3,218.24,4,2026-02-04 21:54:28,wallet
T004720,U0581,P0228,1,32.24,1,2026-03-26 14:33:51,debit_card
T004721,U0151,P0480,1,127.54,2,2026-03-18 11:34:41,debit_card
T004722,U0083,P0399,3,178.92,3,2026-02-27 09:22:12,upi
T004723,U0135,P0080,4,23.66,1,2026-02-22 18:47:03,wallet
T004724,,P0349,5,495.55,3,2026-02-21 06:01:06,debit_card
T004725,U0674,P0176,5,344.62,4,2026-02-14 01:09:33,debit_card
T004726,U0504,P0130,5,431.24,3,2026-04-12 01:54:02,wallet
T004727,U0218,P0402,4,421.52,2,2026-02-07 01:50:05,credit_card
T004728,U0410,P0338,1,417.06,5,2026-02-20 00:04:18,upi
T004729,U0500,P0125,4,375.87,4,2026-03-22 13:13:55,wallet
T004730,U0365,P0298,5,226.47,4,2026-01-31 11:32:53,upi
T004731,U0861,P0120,2,123.98,2,2026-03-25 07:42:50,upi
T004732,U0785,P0497,5,483.58,2,2026-02-20 19:26:54,wallet
T004733,U0937,P0492,3,392.85,1,2026-03-02 15:54:14,wallet
T004734,U0749,P0149,4,196.11,1,2026-04-08 06:08:40,upi
T004735,U0962,P0379,5,68.7,1,2026-03-20 22:02:57,upi
T004736,U0159,P0144,5,-10.5,5,2026-04-08 12:51:31,debit_card
T004737,U0164,P0135,2,379.64,3,2026-03-15 04:13:03,upi
T004738,U0734,P0126,4,84.1,1,2026-03-21 00:49:41,credit_card
T004739,U0116,P0229,3,322.65,3,2026-04-18 14:15:08,upi
T004740,U0471,P0447,3,245.16,3,2026-02-03 01:34:13,upi
T004741,U0465,P0367,3,434.58,3,2026-04-18 22:01:19,wallet
T004742,U0810,P0261,5,494.0,4,2026-02-04 14:30:40,upi
T004743,U0643,P0252,5,449.13,5,2026-01-26 08:33:27,credit_card
T004744,U0830,P0085,3,492.23,5,2026-02-06 07:58:39,credit_card
T004745,U0942,P0005,5,115.06,3,2026-02-04 19:25:19,upi
T004746,U0825,P0499,1,391.91,3,2026-04-17 00:39:52,debit_card
T004747,U0632,P0321,2,36.84,2,2026-03-26 00:21:20,debit_card
T004748,U0770,P0190,3,110.84,2,2026-03-17 08:00:41,credit_card
T004749,U0155,P0478,5,190.88,1,2026-02-23 20:03:18,wallet
T004750,U0642,P0440,5,63.08,5,2026-03-30 18:09:17,paypal
T004751,U0579,P0435,5,236.61,2,2026-04-18 06:27:34,wallet
T004752,U0137,P0448,4,267.34,5,2026-04-05 05:12:56,wallet
T004753,U0241,P0452,5,423.51,4,2026-02-15 21:02:33,credit_card
T004754,U0645,P0020,4,97.47,3,2026-03-15 16:44:50,wallet
T004755,U0425,P0467,2,454.82,2,2026-03-30 02:18:54,upi
T004756,U0593,P0035,5,379.73,5,2026-03-11 17:27:52,credit_card
T004757,U0479,P0333,4,352.27,5,2026-03-13 09:20:06,paypal
T004758,U0846,P0141,5,41.49,5,2026-03-05 02:58:49,credit_card
T004759,U0109,P0176,3,337.76,4,2026-02-11 11:45:26,paypal
T004760,U0910,P0236,2,17.22,1,2026-03-25 01:41:30,wallet
T004761,U0507,P0070,3,256.55,2,2026-02-17 00:36:02,debit_card
T004762,U0166,P0329,4,464.47,2,2026-03-23 13:33:22,cash
T004763,U0118,P0352,3,422.87,2,2026-03-23 05:21:32,debit_card
T004764,U0071,P0444,0,353.52,2,2026-02-25 02:28:05,upi
T004765,U0393,P0491,2,275.65,4,2026-03-20 15:59:17,paypal
T004766,U0814,P0299,4,74.61,4,2026-03-20 03:59:25,wallet
T004767,U0522,P0359,3,209.62,3,2026-02-13 10:57:59,upi
T004768,U0941,P0375,3,322.82,4,2026-02-25 02:13:05,wallet
T004769,U0391,P0406,5,123.81,5,2026-03-16 22:46:52,wallet
T004770,U0517,P0251,1,219.28,3,2026-03-12 05:45:47,wallet
T004771,U0129,P0290,1,384.01,4,2026-02-13 14:11:04,credit_card
T004772,U0334,P0124,5,10.99,5,2026-01-28 03:06:32,credit_card
T004773,U0024,P0017,4,426.33,4,2026-03-30 08:36:32,credit_card
T004774,U0857,P0266,2,368.9,2,2026-03-22 23:16:43,paypal
T004775,U0073,P0301,5,247.49,1,2026-02-15 06:40:41,debit_card
T004776,U0326,P0029,5,53.34,2,2026-02-18 22:45:18,debit_card
T004777,U0165,P0244,3,327.75,3,2026-02-22 12:44:37,paypal
T004778,U0788,P0145,4,474.13,4,2026-03-27 17:59:47,wallet
T004779,U0857,P0090,3,148.52,4,2026-04-16 16:44:15,credit_card
T004780,U0467,P0160,1,209.94,4,2026-04-01 14:06:28,upi
T004781,U0583,P0395,5,375.39,2,2026-01-20 13:41:12,credit_card
T004782,U0224,P0242,4,308.55,5,2026-02-10 06:57:24,upi
T004783,U0385,P0044,5,-74.15,5,2026-02-15 01:04:55,wallet
T004784,U0505,P0266,4,286.22,5,2026-01-28 06:26:11,wallet
T004785,U0079,P0091,1,471.86,4,2026-02-16 11:30:27,wallet
T004786,U0115,P0188,4,244.35,1,2026-02-11 14:09:17,debit_card
T004787,U0175,P0364,3,380.41,1,2026-04-07 07:16:25,debit_card
T004788,U0325,P0215,2,400.52,5,2026-02-25 10:34:50,debit_card
T004789,U0499,P0345,2,400.8,2,2026-03-25 09:15:10,credit_card
T004790,U0742,P0459,1,434.81,3,2026-04-19 04:49:46,credit_card
T004791,U0045,P0136,2,101.24,5,2026-01-28 19:41:30,debit_card
T004792,U0513,P0391,1,85.21,4,2026-04-09 14:27:59,upi
T004793,U0442,P0467,4,261.41,1,2026-02-13 03:33:02,upi
T004794,U0174,P0306,3,34.6,5,2026-02-16 17:18:54,paypal
T004795,U0083,P0110,4,213.78,5,2026-02-22 19:18:46,credit_card
T004796,U0311,P0378,1,,4,2026-03-24 20:30:40,wallet
T004797,U0879,P0497,1,282.74,3,2026-01-28 22:42:22,debit_card
T004798,U0003,P0261,3,496.03,4,2026-03-05 09:05:33,wallet
T004799,U0345,P0047,5,138.56,3,2026-03-12 19:38:42,paypal
T004800,U0772,P0350,3,320.57,5,2026-02-16 09:10:53,credit_card
T004801,U0959,P0451,1,33.03,4,2026-03-07 06:21:24,wallet
T004802,U0464,P0363,5,312.43,2,2026-02-06 12:22:02,upi
T004803,U0805,P0374,3,33.18,2,2026-03-04 22:27:51,debit_card
T004804,U0916,P0368,1,334.42,2,2026-03-21 06:08:37,paypal
T004805,U0276,P0451,3,341.95,5,2026-03-07 11:27:47,credit_card
T004806,U0254,P0349,1,231.94,3,2026-03-30 04:49:28,paypal
T004807,U0258,P0401,4,-10.5,4,2026-02-08 08:39:18,wallet
T004808,U0385,P0227,4,264.88,5,2026-01-21 16:09:30,paypal
T004809,U0916,P0042,4,108.77,1,2026-03-12 15:31:04,debit_card
T004810,U0415,P0387,4,314.54,3,2026-01-21 22:10:07,wallet
T004811,U0857,P0439,1,234.9,4,2026-02-06 06:10:59,wallet
T004812,U0986,P0371,1,254.77,3,2026-03-29 00:32:48,debit_card
T004813,U0410,P0036,3,320.86,3,2026-02-27 09:07:57,credit_card
T004814,U0696,P0368,2,301.6,5,2026-03-07 13:55:12,paypal
T004815,U0020,P0341,3,376.25,3,2026-04-01 10:57:00,credit_card
T004816,U0655,P0139,5,98.01,2,2026-03-29 08:09:09,paypal
T004817,U0731,P0206,1,357.45,2,2026-04-05 08:31:24,paypal
T004818,U0925,P0033,1,334.95,3,2026-03-26 23:06:36,upi
T004819,U0194,P0213,5,128.9,5,2026-01-25 12:44:50,wallet
T004820,U0260,P0201,1,242.54,3,2026-02-18 12:16:48,credit_card
T004821,U0499,P0192,5,103.82,4,2026-02-09 15:22:04,credit_card
T004822,U0902,P0496,1,275.15,3,2026-03-02 14:27:21,debit_card
T004823,U0947,P0331,1,380.2,3,2026-03-18 21:32:30,upi
T004824,U0107,P0393,2,216.7,1,2026-03-28 19:29:39,wallet
T004825,U0620,P0250,3,498.53,5,2026-03-01 07:04:55,upi
T004826,U0605,P0308,4,497.2,5,2026-01-30 15:30:17,upi
T004827,U0528,P0326,1,315.71,3,2026-01-29 03:49:07,wallet
T004828,U0563,P0491,5,281.31,3,2026-04-12 11:01:21,upi
T004829,U0199,P0406,2,50.91,4,2026-03-26 11:45:28,paypal
T004830,U0326,P0237,3,448.74,4,2026-01-22 14:26:52,credit_card
T004831,U0534,,3,371.44,8,2026-03-25 06:56:50,paypal
T004832,U0554,P0406,3,432.3,3,2026-02-18 06:04:00,upi
T004833,U0723,P0187,3,50.33,1,2026-03-02 15:30:08,paypal
T004834,U0154,P0243,4,35.12,1,2026-04-12 12:32:05,upi
T004835,U0166,P0200,4,445.0,5,2026-04-02 19:34:46,credit_card
T004836,U0553,P0030,3,71.63,5,2026-02-08 00:57:55,credit_card
T004837,U0572,P0167,3,205.04,1,2026-03-15 10:06:23,upi
T004838,U0041,P0205,4,320.95,5,2026-02-14 05:50:57,debit_card
T004839,U0497,P0172,3,350.32,5,2026-02-15 18:45:33,wallet
T004840,U0207,P0372,2,121.1,1,2026-02-22 21:10:11,debit_card
T004841,U0667,P0080,3,426.96,5,2026-03-02 21:02:34,debit_card
T004842,U0514,P0411,2,375.22,4,2026-03-15 15:49:46,paypal
T004843,U0213,P0133,4,309.17,1,2026-01-24 20:39:29,credit_card
T004844,U0022,P0078,5,,1,2026-01-25 00:42:47,debit_card
T004845,U0918,P0086,4,205.6,1,2026-03-20 20:24:55,credit_card
T004846,U0521,P0368,5,,3,2026-02-28 22:45:12,wallet
T004847,U0915,P0036,4,486.71,2,2026-03-24 17:42:15,upi
T004848,U0354,P0002,2,433.17,5,2026-02-26 05:53:28,paypal
T004849,U0064,P0389,1,85.52,5,2026-02-03 13:09:49,debit_card
T004850,U0378,P0104,4,170.57,5,2026-02-09 17:31:05,credit_card
T004851,U0982,P0304,4,433.51,4,2026-02-03 13:41:18,debit_card
T004852,U0296,P0070,5,378.64,2,2026-02-16 19:18:56,credit_card
T004853,U0113,P0420,1,384.28,4,2026-04-17 01:37:04,credit_card
T004854,U0450,P0237,3,161.17,1,2026-03-30 08:02:53,paypal
T004855,U0573,P0467,4,140.01,1,2026-03-23 11:46:33,credit_card
T004856,U0467,P0281,2,0.0,2,2026-02-15 08:06:20,credit_card
T004857,U0878,P0164,2,143.63,4,2026-03-09 06:18:04,credit_card
T004858,U0858,P0251,3,45.04,1,2026-04-11 08:03:23,upi
T004859,U0357,P0054,3,62.16,3,2026-04-01 14:52:03,upi
T004860,U0541,P0351,5,284.26,2,2026-04-08 16:31:31,debit_card
T004861,U0977,P0332,2,228.17,4,2026-01-24 05:48:07,wallet
T004862,U0297,P0357,-1,470.04,4,2026-02-16 13:06:05,paypal
T004863,U0944,P0183,1,43.33,1,2026-04-14 21:51:13,wallet
T004864,U0829,P0042,3,462.96,5,2026-04-05 12:40:15,debit_card
T004865,U0330,P0098,3,292.58,2,2026-01-20 03:03:27,wallet
T004866,U0397,P0187,3,288.94,4,2026-01-27 12:15:36,wallet
T004867,,P0149,3,186.81,5,2026-04-02 03:38:57,paypal
T004868,U0321,,1,12.22,1,2026-04-11 07:27:27,wallet
T004869,U0559,P0342,4,10.81,4,2026-01-29 08:59:20,upi
T004870,U0023,P0435,3,471.8,-1,2026-02-07 03:36:58,credit_card
T004871,U0035,P0147,4,275.25,5,2026-03-21 12:52:36,debit_card
T004872,U0083,P0021,1,267.87,5,2026-03-16 11:25:19,paypal
T004873,U0180,P0178,3,356.73,5,2026-03-10 05:10:37,debit_card
T004874,U0170,P0317,1,476.84,3,2026-02-23 10:18:41,credit_card
T004875,U0472,P0046,1,180.12,4,2026-03-24 07:49:15,wallet
T004876,U0750,P0074,5,116.09,4,2026-04-03 01:11:59,upi
T004877,U0010,P0427,4,133.08,5,2026-04-12 17:55:49,debit_card
T004878,U0733,P0124,3,381.78,2,2026-04-01 23:02:10,wallet
T004879,U0683,P0454,3,50.48,3,2026-04-11 05:03:05,credit_card
T004880,U0312,P0238,4,21.37,3,2026-03-27 07:06:49,credit_card
T004881,U0704,P0486,4,201.46,4,2026-02-20 06:11:35,paypal
T004882,U0352,P0110,5,87.23,3,2026-02-16 20:20:03,debit_card
T004883,U0160,P0357,4,383.67,2,2026-02-05 12:16:50,credit_card
T004884,U0436,P0447,2,159.0,2,2026-03-19 08:34:44,debit_card
T004885,U0917,P0487,2,429.85,1,2026-02-22 14:57:29,paypal
T004886,U0435,P0248,3,464.45,1,2026-02-20 19:18:18,credit_card
T004887,,P0309,3,372.43,1,2026-03-30 11:28:55,debit_card
T004888,U0064,P0109,5,252.55,1,2026-02-04 00:42:50,paypal
T004889,U0774,P0139,2,116.73,3,2026-01-25 21:15:34,wallet
T004890,U0055,P0419,5,297.85,2,2026-02-21 01:29:37,wallet
T004891,,P0210,1,36.87,5,2026-03-22 14:42:56,wallet
T004892,U0299,P0342,5,202.22,-2,2026-03-27 11:02:18,debit_card
T004893,U0167,P0180,2,-100.0,4,2026-03-10 19:01:34,paypal
T004894,U0479,P0172,3,349.63,3,2026-02-28 05:09:12,wallet
T004895,U0180,P0254,4,177.23,1,2026-04-07 07:39:09,debit_card
T004896,U0824,P0185,2,356.91,4,2026-02-28 22:12:05,paypal
T004897,U0141,P0440,2,383.89,2,2026-01-31 15:27:02,upi
T004898,U0060,P0314,3,95.6,5,2026-02-02 09:59:53,wallet
T004899,U0561,P0231,1,347.63,2,2026-01-22 08:05:50,paypal
T004900,U0468,P0452,4,-230.21,2,2026-02-04 06:26:15,paypal
T004901,U0052,P0149,5,130.24,4,2026-02-16 13:39:14,debit_card
T004902,U0773,P0118,1,460.74,3,2026-04-11 12:47:14,debit_card
T004903,U0224,P0375,4,108.05,3,2026-03-22 17:02:12,upi
T004904,U0223,P0032,4,166.94,5,2026-03-06 18:32:32,debit_card
T004905,U0465,P0452,4,495.72,3,2026-04-10 14:08:25,wallet
T004906,U0601,P0035,3,341.17,5,2026-04-02 17:48:57,debit_card
T004907,U0651,P0015,2,359.1,5,2026-03-02 19:12:23,credit_card
T004908,U0942,P0138,3,322.4,2,2026-04-02 19:04:43,debit_card
T004909,U0419,P0273,4,210.8,5,2026-01-22 16:44:51,paypal
T004910,U0025,P0163,4,48.5,3,2026-03-06 13:14:45,credit_card
T004911,U0045,P0253,3,405.23,5,2026-02-04 20:28:35,wallet
T004912,U0412,P0408,5,437.75,1,2026-01-31 13:33:08,wallet
T004913,U0541,P0312,1,41.43,1,2026-03-25 15:57:39,debit_card
T004914,U0607,P0234,1,413.59,2,2026-03-14 18:27:35,debit_card
T004915,U0658,P0060,3,381.58,2,2026-04-12 09:29:45,debit_card
T004916,U0062,P0200,1,193.4,1,2026-02-01 14:42:04,wallet
T004917,U0787,P0247,4,308.95,3,2026-02-23 08:59:04,paypal
T004918,U0783,P0078,4,439.4,2,2026-01-28 22:00:50,paypal
T004919,U0728,P0230,1,295.17,7,2026-04-18 04:46:09,debit_card
T004920,U0178,P0255,1,25.76,4,2026-02-20 04:35:15,paypal
T004921,U0973,P0232,3,315.49,2,2026-02-04 06:35:16,debit_card
T004922,U0832,P0019,2,431.69,5,2026-04-08 20:31:23,credit_card
T004923,U0333,P0210,3,478.02,2,2026-01-30 16:07:26,debit_card
T004924,U0794,P0484,1,371.2,3,2026-03-11 07:37:43,credit_card
T004925,U0810,P0037,5,349.03,4,2026-01-22 23:44:12,credit_card
T004926,U0580,P0276,4,271.92,2,2026-03-05 00:43:40,paypal
T004927,U0309,P0473,3,187.2,2,2026-02-02 19:55:26,credit_card
T004928,U0228,P0498,1,82.83,3,2026-03-17 00:07:46,wallet
T004929,U0595,P0256,2,135.4,1,2026-02-19 13:01:47,credit_card
T004930,U0955,P0176,3,349.32,4,2026-03-13 09:15:12,upi
T004931,U0113,P0333,5,419.7,4,2026-04-18 04:43:45,wallet
T004932,U0277,P0099,4,278.68,1,2026-02-13 03:12:33,paypal
T004933,U0899,P0171,2,379.31,3,2026-03-31 23:40:04,credit_card
T004934,U0798,P0240,2,392.71,4,2026-03-29 09:06:34,paypal
T004935,,P0266,3,171.34,3,2026-01-26 06:26:11,debit_card
T004936,U0166,P0228,4,489.92,1,2026-02-05 03:29:16,wallet
T004937,U0056,P0217,4,438.37,2,2026-03-03 06:26:18,upi
T004938,U0605,P0099,3,134.67,3,2026-03-05 04:28:31,wallet
T004939,U0040,P0208,4,249.51,2,2026-01-28 00:16:58,wallet
T004940,U0197,P0008,4,-10.5,3,2026-02-26 07:16:41,upi
T004941,U0106,P0010,5,135.54,3,2026-03-17 12:35:32,paypal
T004942,U0190,P0416,2,235.5,2,2026-03-04 07:40:23,paypal
T004943,U0580,P0437,4,71.52,8,2026-03-27 15:16:11,wallet
T004944,U0634,P0495,5,421.22,2,2026-02-10 05:52:23,paypal
T004945,U0870,P0434,2,174.96,2,2026-02-12 16:17:06,upi
T004946,U0268,P0334,4,323.45,1,2026-02-13 08:22:33,wallet
T004947,U0261,P0252,1,117.67,4,2026-01-21 12:21:38,wallet
T004948,U0903,P0253,4,366.86,2,2026-02-09 06:38:30,credit_card
T004949,U0870,P0350,-1,489.65,1,2026-01-24 11:07:07,credit_card
T004950,U0650,P0077,2,334.25,3,2026-02-06 01:43:11,debit_card
T004951,U0232,P0348,5,244.5,2,2026-03-31 10:59:05,paypal
T004952,U0942,P0394,2,185.87,1,2026-01-26 04:33:39,credit_card
T004953,U0322,P0340,4,127.54,2,2026-03-12 13:44:50,upi
T004954,U0580,P0144,2,209.48,3,2026-03-25 13:39:45,wallet
T004955,U0943,P0156,5,44.74,5,2026-03-22 19:44:01,paypal
T004956,U0873,P0356,1,421.41,3,2026-02-26 11:28:33,paypal
T004957,U0254,P0357,2,302.27,4,2026-03-24 06:54:49,upi
T004958,U0874,P0162,5,162.69,2,2026-03-30 07:36:32,credit_card
T004959,U0516,P0332,5,267.42,4,2026-02-02 14:28:29,upi
T004960,U0410,P0118,2,408.63,2,2026-03-26 01:15:46,wallet
T004961,U0084,P0050,3,137.2,1,2026-03-09 18:35:31,debit_card
T004962,U0303,P0311,4,233.59,3,2026-04-16 09:26:07,wallet
T004963,U0117,P0037,3,443.08,4,2026-03-08 23:24:39,paypal
T004964,U0506,P0204,3,56.86,2,2026-03-15 17:33:59,paypal
T004965,U1000,P0306,1,234.43,2,2026-03-05 03:41:25,debit_card
T004966,U0526,P0128,3,468.65,4,2026-02-10 20:34:51,debit_card
T004967,U0227,P0155,5,169.35,3,2026-02-02 12:11:04,wallet
T004968,U0158,P0080,2,424.48,5,2026-02-27 17:43:44,upi
T004969,U0038,P0176,5,219.18,4,2026-03-07 15:45:20,credit_card
T004970,U0172,P0140,5,458.52,2,2026-02-18 10:52:09,paypal
T004971,U0100,P0160,4,248.02,5,2026-03-10 21:10:11,debit_card
T004972,U0522,,2,-100.0,2,2026-04-08 03:40:28,paypal
T004973,U0659,P0305,2,463.62,2,2026-03-04 23:16:17,debit_card
T004974,U0628,P0025,5,467.84,1,2026-01-30 14:13:41,wallet
T004975,U0432,P0230,3,444.03,3,2026-03-18 19:05:04,upi
T004976,U0854,P0270,4,107.71,1,2026-03-19 02:18:18,wallet
T004977,U0089,P0500,1,207.92,3,2026-02-21 04:10:26,wallet
T004978,U0147,P0202,5,254.07,1,2026-03-25 17:00:02,credit_card
T004979,U0731,P0059,-1,121.86,5,2026-04-01 16:49:54,paypal
T004980,U0976,P0420,1,181.86,3,2026-01-29 21:01:55,credit_card
T004981,U0597,P0413,5,295.7,5,2026-03-29 23:02:33,paypal
T004982,U0673,P0404,1,424.79,4,2026-02-25 06:08:28,upi
T004983,U0082,P0160,2,79.51,4,2026-02-28 01:02:08,paypal
T004984,U0367,P0042,2,418.99,5,2026-04-17 11:58:51,wallet
T004985,U0580,P0330,2,328.38,1,2026-04-01 04:11:48,credit_card
T004986,U0762,P0121,3,231.92,3,2026-02-17 03:10:45,wallet
T004987,U0581,P0060,1,24.5,5,2026-02-11 09:17:31,upi
T004988,U0038,P0428,1,445.59,2,2026-03-30 22:49:01,paypal
T004989,U0266,P0342,5,291.71,4,2026-02-11 14:34:34,debit_card
T004990,U0103,P0334,3,35.77,1,2026-01-21 20:09:22,upi
T004991,U0448,P0227,1,141.59,2,2026-04-04 13:04:19,upi
T004992,U0614,P0010,2,167.88,1,2026-03-10 09:51:42,debit_card
T004993,U0764,P0335,5,87.79,3,2026-04-02 18:14:07,paypal
T004994,U0828,P0273,5,456.18,4,2026-04-09 02:51:54,cash
T004995,U0736,P0410,4,148.46,5,2026-04-18 10:17:02,credit_card
T004996,U0180,P0042,2,126.55,5,2026-03-09 01:16:18,paypal
T004997,U0617,P0459,2,381.03,6,2026-04-20 14:16:03,debit_card
T004998,U0475,P0074,2,173.7,4,2026-02-23 07:38:11,upi
T004999,U0092,P0057,2,424.59,5,2026-03-29 17:15:58,credit_card
T005000,U0725,P0165,4,60.29,4,2026-02-09 22:35:42,wallet
T004550,U0376,P0309,3,271.58,5,2026-02-15 01:02:31,paypal
T000916,U0887,P0349,5,49.6,1,2026-04-13 00:33:50,credit_card
T002964,U0933,P0252,2,175.03,5,2026-03-14 02:44:29,credit_card
T004647,U0305,P0287,1,110.19,2,2026-01-26 13:01:49,wallet
T004608,U0068,P0036,3,75.41,5,2026-02-09 16:05:24,credit_card
T004192,U0119,P0387,1,353.37,4,2026-04-05 14:56:07,debit_card
T001173,U0817,P0378,4,193.22,2,2026-03-03 12:04:08,debit_card
T003189,U0576,P0093,2,397.81,4,2026-01-30 14:06:14,debit_card
T004233,U0070,P0458,5,24.0,4,2026-01-27 14:12:46,upi
T003855,U0865,P0108,3,295.7,4,2026-01-26 00:15:33,credit_card
T002399,U0757,P0266,2,254.34,4,2026-02-02 04:12:59,paypal
T002386,U0086,P0431,1,57.88,3,2026-04-02 06:15:18,upi
T001808,U0858,P0163,3,45.46,1,2026-03-29 23:08:37,paypal
T001960,U0910,P0218,4,323.47,3,2026-03-21 17:33:05,debit_card
T004036,U0175,P0384,2,121.06,5,2026-02-03 17:34:13,upi
T001691,U0114,P0250,4,109.86,1,2026-04-07 03:17:38,wallet
T000914,U0155,P0353,3,32.11,2,2026-02-01 04:10:41,upi
T002157,U0062,P0149,4,28.56,2,2026-03-13 23:46:32,debit_card
T000094,U0802,P0286,2,302.84,1,2026-02-07 14:48:15,wallet
T001171,U0379,P0123,1,114.31,1,2026-02-20 20:12:39,upi
T000174,U0317,P0049,4,271.64,3,2026-03-20 07:47:28,wallet
T001864,U0877,P0366,2,404.51,5,2026-04-14 18:25:55,upi
T000166,U0785,P0222,5,240.67,4,2026-02-02 12:14:37,upi
T000416,U0720,P0331,5,32.28,4,2026-03-11 08:47:25,credit_card
T004466,U0960,P0151,3,112.31,2,2026-03-01 23:43:09,credit_card
T000872,U0591,P0181,2,-481.24,1,2026-04-02 09:39:18,credit_card
T000062,U0320,P0374,3,240.49,4,2026-01-31 18:35:41,upi
T001821,U0953,P0114,2,390.34,4,2026-01-30 09:16:27,upi
T000745,U0513,P0497,2,196.09,3,2026-02-18 18:11:53,upi
T000577,U0163,P0355,5,416.99,1,2026-01-30 06:05:42,upi
T000953,U0034,P0455,3,276.11,0,2026-02-01 06:36:56,debit_card
T002456,U0524,P0239,5,109.5,5,2026-02-08 13:27:28,debit_card
T000104,U0565,P0322,4,34.09,2,2026-02-09 05:18:26,credit_card
T004028,U0619,P0318,3,312.96,1,2026-02-10 08:19:27,paypal
T002822,U0765,P0221,4,415.74,4,2026-04-16 02:26:00,paypal
T003063,U0211,P0497,3,390.02,4,2026-04-19 18:48:55,wallet
T004680,U0012,P0400,5,348.88,5,2026-02-28 17:08:47,wallet
T003837,U0338,P0290,3,,4,2026-02-25 20:49:14,debit_card
T004405,U0529,P0352,4,68.84,4,2026-03-01 23:32:55,upi
T003581,U0818,P0373,5,429.18,4,2026-01-21 06:52:23,debit_card
T001380,U0295,P0393,2,29.29,2,2026-04-13 20:09:00,paypal
T000590,U0814,P0104,1,348.09,4,2026-03-09 11:07:37,upi
T003412,U0497,P0101,1,390.35,3,2026-02-02 05:30:38,upi
T001762,U0074,P0304,2,493.89,5,2026-03-31 22:05:31,debit_card
T002069,U0285,P0187,1,227.41,2,2026-04-06 14:33:13,debit_card
T004146,U0456,P0391,3,458.94,1,2026-02-13 08:35:18,credit_card
T002505,U0045,P0222,1,58.46,3,2026-02-02 08:17:20,wallet
T002360,U0085,P0335,2,23.47,2,2026-02-18 20:29:38,credit_card
T001921,U0079,P0164,2,469.87,4,2026-03-03 09:02:20,debit_card
T000488,U0699,P0367,2,250.13,4,2026-02-15 22:54:34,upi
